ID	NUMBER	CONCEPTICON_ID	CONCEPTICON_GLOSS	ENGLISH	GLOSS_IN_SOURCE	LINKED_CONCEPTS	TARGET_CONCEPTS	SHIFTS	DOMAIN	ALIAS	DEFINITION
Zalizniak-2024-4583-1	1	2050	ALCOHOL (DRINK)	alcoholic drink		"""[]"""	"""[]"""				
Zalizniak-2024-4583-2	2	619	ANIMAL	animal		"""[]"""	"""[]"""				
Zalizniak-2024-4583-3	3			artiodactyl (even-toed animal)		"""[]"""	"""[]"""				
Zalizniak-2024-4583-4	4	1251	BELLY	abdomen		"""[]"""	"""[]"""				
Zalizniak-2024-4583-5	5			aberration of mind		"""[]"""	"""[]"""				
Zalizniak-2024-4583-6	6	1915	FIR	abies (Abies)		"""[]"""	"""[]"""				
Zalizniak-2024-4583-7	7	2527	ABILITY	ability		"""[]"""	"""[]"""				
Zalizniak-2024-4583-8	8			aborigine		"""[]"""	"""[]"""				
Zalizniak-2024-4583-9	9			about		"""[]"""	"""[]"""				
Zalizniak-2024-4583-10	10	1741	ABOVE	above		"""[]"""	"""[]"""				
Zalizniak-2024-4583-11	11			*abracadabra		"""[]"""	"""[]"""				
Zalizniak-2024-4583-12	12			abrupt (offensive, critical, or acrimonious)		"""[]"""	"""[]"""				
Zalizniak-2024-4583-13	13			abscess		"""[]"""	"""[]"""				
Zalizniak-2024-4583-14	14			abstinent (from alcohol)		"""[]"""	"""[]"""				
Zalizniak-2024-4583-15	15	4082	ABUNDANCE	abundance		"""[]"""	"""[]"""				
Zalizniak-2024-4583-16	16	4058	ACCIDENT	accident		"""[]"""	"""[]"""				
Zalizniak-2024-4583-17	17			accomplice		"""[]"""	"""[]"""				
Zalizniak-2024-4583-18	18			according to		"""[]"""	"""[]"""				
Zalizniak-2024-4583-19	19			ace (playing card)		"""[]"""	"""[]"""				
Zalizniak-2024-4583-20	20	1906	SOUR	acid		"""[]"""	"""[]"""				
Zalizniak-2024-4583-21	21			aconite		"""[]"""	"""[]"""				
Zalizniak-2024-4583-22	22	968	ACORN	acorn		"""[]"""	"""[]"""				
Zalizniak-2024-4583-23	23			acrobat, equilibrist		"""[]"""	"""[]"""				
Zalizniak-2024-4583-24	24			act, deed		"""[]"""	"""[]"""				
Zalizniak-2024-4583-25	25	1861	ACTIVE	active		"""[]"""	"""[]"""				
Zalizniak-2024-4583-26	26	1086	WORK (ACTIVITY)	activity		"""[]"""	"""[]"""				
Zalizniak-2024-4583-27	27			acute (disease, condition)		"""[]"""	"""[]"""				
Zalizniak-2024-4583-28	28			acute (of sound)		"""[]"""	"""[]"""				
Zalizniak-2024-4583-29	29	802	ADAM'S APPLE	Adam's apple		"""[]"""	"""[]"""				
Zalizniak-2024-4583-30	30			additional		"""[]"""	"""[]"""				
Zalizniak-2024-4583-31	31	591	ADDRESS	address (description of the location)		"""[]"""	"""[]"""				
Zalizniak-2024-4583-32	32			adulterer		"""[]"""	"""[]"""				
Zalizniak-2024-4583-33	33			advantage		"""[]"""	"""[]"""				
Zalizniak-2024-4583-34	34			Advent		"""[]"""	"""[]"""				
Zalizniak-2024-4583-35	35			advice		"""[]"""	"""[]"""				
Zalizniak-2024-4583-36	36			aër (veil covering vessels in the Orthodox Church)		"""[]"""	"""[]"""				
Zalizniak-2024-4583-37	37			aesthetic perception		"""[]"""	"""[]"""				
Zalizniak-2024-4583-38	38	1685	AFTER	after		"""[]"""	"""[]"""				
Zalizniak-2024-4583-39	39	3388	PLACENTA	afterbirth, placenta		"""[]"""	"""[]"""				
Zalizniak-2024-4583-40	40			afterworld		"""[]"""	"""[]"""				
Zalizniak-2024-4583-41	41	204	AGAIN	again		"""[]"""	"""[]"""				
Zalizniak-2024-4583-42	42	2469	AGAINST	against		"""[]"""	"""[]"""				
Zalizniak-2024-4583-43	43	1789	AGE	age		"""[]"""	"""[]"""				
Zalizniak-2024-4583-44	44			age group		"""[]"""	"""[]"""				
Zalizniak-2024-4583-45	45			ahead		"""[]"""	"""[]"""				
Zalizniak-2024-4583-46	46			aim, goal		"""[]"""	"""[]"""				
Zalizniak-2024-4583-47	47	27	AIR	air		"""[]"""	"""[]"""				
Zalizniak-2024-4583-48	48			*air, atmosphere		"""[]"""	"""[]"""				
Zalizniak-2024-4583-49	49	1597	AIRPLANE	airplane		"""[]"""	"""[]"""				
Zalizniak-2024-4583-50	50			ajvar (vegetable dish)		"""[]"""	"""[]"""				
Zalizniak-2024-4583-51	51			albugo, wall-eye		"""[]"""	"""[]"""				
Zalizniak-2024-4583-52	52	3439	WHITE (OF EGGS)	albumen, white of an egg		"""[]"""	"""[]"""				
Zalizniak-2024-4583-53	53			alder (tree)		"""[]"""	"""[]"""				
Zalizniak-2024-4583-54	54			algae		"""[]"""	"""[]"""				
Zalizniak-2024-4583-55	55			alike		"""[]"""	"""[]"""				
Zalizniak-2024-4583-56	56	1422	BE ALIVE	alive		"""[]"""	"""[]"""				
Zalizniak-2024-4583-57	57			All Saints' Day		"""[]"""	"""[]"""				
Zalizniak-2024-4583-58	58			all, whole		"""[]"""	"""[]"""				
Zalizniak-2024-4583-59	59	3815	ALMOND	almond		"""[]"""	"""[]"""				
Zalizniak-2024-4583-60	60	4046	ALMOST	almost		"""[]"""	"""[]"""				
Zalizniak-2024-4583-61	61			Aloe vera (plant)		"""[]"""	"""[]"""				
Zalizniak-2024-4583-62	62	1964	ALONE	alone		"""[]"""	"""[]"""				
Zalizniak-2024-4583-63	63	2576	ALREADY	already		"""[]"""	"""[]"""				
Zalizniak-2024-4583-64	64			*already		"""[]"""	"""[]"""				
Zalizniak-2024-4583-65	65			alternate-leaved golden-saxifrage		"""[]"""	"""[]"""				
Zalizniak-2024-4583-66	66	4045	ALTHOUGH	although		"""[]"""	"""[]"""				
Zalizniak-2024-4583-67	67	3385	ALUMINIUM	aluminium		"""[]"""	"""[]"""				
Zalizniak-2024-4583-68	68	1676	ALWAYS	always		"""[]"""	"""[]"""				
Zalizniak-2024-4583-69	69	1863	AMAZING	amazing		"""[]"""	"""[]"""				
Zalizniak-2024-4583-70	70			amber		"""[]"""	"""[]"""				
Zalizniak-2024-4583-71	71			ambience, vibe		"""[]"""	"""[]"""				
Zalizniak-2024-4583-72	72	65	AMBUSH	ambush		"""[]"""	"""[]"""				
Zalizniak-2024-4583-73	73			American		"""[]"""	"""[]"""				
Zalizniak-2024-4583-74	74			Amorphophallus paeoniifolius		"""[]"""	"""[]"""				
Zalizniak-2024-4583-75	75			anathema		"""[]"""	"""[]"""				
Zalizniak-2024-4583-76	76	1669	ANCESTORS	ancestor		"""[]"""	"""[]"""				
Zalizniak-2024-4583-77	77	1870	ANCHOR	anchor		"""[]"""	"""[]"""				
Zalizniak-2024-4583-78	78			anemic		"""[]"""	"""[]"""				
Zalizniak-2024-4583-79	79			anemone (Anemone)		"""[]"""	"""[]"""				
Zalizniak-2024-4583-80	80			angel		"""[]"""	"""[]"""				
Zalizniak-2024-4583-81	81	82	ANGER	anger		"""[]"""	"""[]"""				
Zalizniak-2024-4583-82	82			*anger		"""[]"""	"""[]"""				
Zalizniak-2024-4583-83	83	1826	ANGRY	angry		"""[]"""	"""[]"""				
Zalizniak-2024-4583-84	84			Anguis fragilis		"""[]"""	"""[]"""				
Zalizniak-2024-4583-85	85			*animal		"""[]"""	"""[]"""				
Zalizniak-2024-4583-86	86			animal bladder		"""[]"""	"""[]"""				
Zalizniak-2024-4583-87	87			animal yield		"""[]"""	"""[]"""				
Zalizniak-2024-4583-88	88	803	ANKLE	ankle		"""[]"""	"""[]"""				
Zalizniak-2024-4583-89	89			ankle bone for playing		"""[]"""	"""[]"""				
Zalizniak-2024-4583-90	90			annoying		"""[]"""	"""[]"""				
Zalizniak-2024-4583-91	91	587	ANT	ant		"""[]"""	"""[]"""				
Zalizniak-2024-4583-92	92	181	ANTEATER	anteater		"""[]"""	"""[]"""				
Zalizniak-2024-4583-93	93	3674	ANTELOPE	antelope		"""[]"""	"""[]"""				
Zalizniak-2024-4583-94	94			anthrax		"""[]"""	"""[]"""				
Zalizniak-2024-4583-95	95			antimony		"""[]"""	"""[]"""				
Zalizniak-2024-4583-96	96	1648	ANVIL	anvil (of a blacksmith)		"""[]"""	"""[]"""				
Zalizniak-2024-4583-97	97	1000	ANXIETY	anxiety		"""[]"""	"""[]"""				
Zalizniak-2024-4583-98	98			any		"""[]"""	"""[]"""				
Zalizniak-2024-4583-99	99			aorta		"""[]"""	"""[]"""				
Zalizniak-2024-4583-100	100			apartment, flat		"""[]"""	"""[]"""				
Zalizniak-2024-4583-101	101			apical ancestor		"""[]"""	"""[]"""				
Zalizniak-2024-4583-102	102	1017	APPEARANCE	appearance; look		"""[]"""	"""[]"""				
Zalizniak-2024-4583-103	103			appetite		"""[]"""	"""[]"""				
Zalizniak-2024-4583-104	104	1320	APPLE	apple		"""[]"""	"""[]"""				
Zalizniak-2024-4583-105	105			approximately		"""[]"""	"""[]"""				
Zalizniak-2024-4583-106	106	3730	APRICOT	apricot		"""[]"""	"""[]"""				
Zalizniak-2024-4583-107	107	2847	APRIL	April		"""[]"""	"""[]"""				
Zalizniak-2024-4583-108	108			Aquarius (constellation)		"""[]"""	"""[]"""				
Zalizniak-2024-4583-109	109	3193	CROSSBOW	arbalest, crossbow		"""[]"""	"""[]"""				
Zalizniak-2024-4583-110	110			arc		"""[]"""	"""[]"""				
Zalizniak-2024-4583-111	111			Arctic fox		"""[]"""	"""[]"""				
Zalizniak-2024-4583-112	112			Aries		"""[]"""	"""[]"""				
Zalizniak-2024-4583-113	113	1673	ARM	arm		"""[]"""	"""[]"""				
Zalizniak-2024-4583-114	114	1885	ARMADILLO	armadillo		"""[]"""	"""[]"""				
Zalizniak-2024-4583-115	115	1886	ARMPIT	armpit		"""[]"""	"""[]"""				
Zalizniak-2024-4583-116	116	1561	ARMY	army		"""[]"""	"""[]"""				
Zalizniak-2024-4583-117	117			arrogance		"""[]"""	"""[]"""				
Zalizniak-2024-4583-118	118	4067	ARROGANT	arrogant		"""[]"""	"""[]"""				
Zalizniak-2024-4583-119	119	977	ARROW	arrow		"""[]"""	"""[]"""				
Zalizniak-2024-4583-120	120			arrow fletching		"""[]"""	"""[]"""				
Zalizniak-2024-4583-121	121			arterial (blood)		"""[]"""	"""[]"""				
Zalizniak-2024-4583-122	122	1925	ARTERY	artery		"""[]"""	"""[]"""				
Zalizniak-2024-4583-123	123			artichoke		"""[]"""	"""[]"""				
Zalizniak-2024-4583-124	124			as, like		"""[]"""	"""[]"""				
Zalizniak-2024-4583-125	125			ash (tree)		"""[]"""	"""[]"""				
Zalizniak-2024-4583-126	126	646	ASH	ashes		"""[]"""	"""[]"""				
Zalizniak-2024-4583-127	127			Asiatic dock		"""[]"""	"""[]"""				
Zalizniak-2024-4583-128	128			asleep		"""[]"""	"""[]"""				
Zalizniak-2024-4583-129	129			asp (fish)		"""[]"""	"""[]"""				
Zalizniak-2024-4583-130	130	903	ASPEN	aspen		"""[]"""	"""[]"""				
Zalizniak-2024-4583-131	131			asphodel		"""[]"""	"""[]"""				
Zalizniak-2024-4583-132	132			aspic (dish)		"""[]"""	"""[]"""				
Zalizniak-2024-4583-133	133			assistant		"""[]"""	"""[]"""				
Zalizniak-2024-4583-134	134	3837	ASTRINGENT	astringent		"""[]"""	"""[]"""				
Zalizniak-2024-4583-135	135			atheist		"""[]"""	"""[]"""				
Zalizniak-2024-4583-136	136	722	ATTACK	attack (n.)		"""[]"""	"""[]"""				
Zalizniak-2024-4583-137	137			attack of disease		"""[]"""	"""[]"""				
Zalizniak-2024-4583-138	138	1908	ATTENTIVE	attentive		"""[]"""	"""[]"""				
Zalizniak-2024-4583-139	139	3423	DRILL	auger, gimlet		"""[]"""	"""[]"""				
Zalizniak-2024-4583-140	140	2851	AUGUST	August		"""[]"""	"""[]"""				
Zalizniak-2024-4583-141	141	1272	AUNT	aunt		"""[]"""	"""[]"""				
Zalizniak-2024-4583-142	142			aunt (father's brother's wife)		"""[]"""	"""[]"""				
Zalizniak-2024-4583-143	143	2691	PATERNAL AUNT (FATHER'S SISTER)	aunt (father's sister)		"""[]"""	"""[]"""				
Zalizniak-2024-4583-144	144	2172	MATERNAL AUNT (WIFE OF MOTHER'S BROTHER)	aunt (mother's brother's wife)		"""[]"""	"""[]"""				
Zalizniak-2024-4583-145	145	2693	MATERNAL AUNT (MOTHER'S SISTER)	aunt (mother's sister)		"""[]"""	"""[]"""				
Zalizniak-2024-4583-146	146			auricle		"""[]"""	"""[]"""				
Zalizniak-2024-4583-147	147			author		"""[]"""	"""[]"""				
Zalizniak-2024-4583-148	148	1111	CAR	automobile		"""[]"""	"""[]"""				
Zalizniak-2024-4583-149	149	1276	AUTUMN	autumn		"""[]"""	"""[]"""				
Zalizniak-2024-4583-150	150			autumn fall of the leaves		"""[]"""	"""[]"""				
Zalizniak-2024-4583-151	151	825	AWAKE	awake		"""[]"""	"""[]"""				
Zalizniak-2024-4583-152	152			award		"""[]"""	"""[]"""				
Zalizniak-2024-4583-153	153			away		"""[]"""	"""[]"""				
Zalizniak-2024-4583-154	154	278	AWL	awl		"""[]"""	"""[]"""				
Zalizniak-2024-4583-155	155			awn		"""[]"""	"""[]"""				
Zalizniak-2024-4583-156	156	677	AXE	axe		"""[]"""	"""[]"""				
Zalizniak-2024-4583-157	157	1769	AXLE	axle		"""[]"""	"""[]"""				
Zalizniak-2024-4583-158	158	3344	SIDE (BODY)	(body) side		"""[]"""	"""[]"""				
Zalizniak-2024-4583-159	159	904	BERRY	berry		"""[]"""	"""[]"""				
Zalizniak-2024-4583-160	160	731	BEVERAGE	beverage, drink		"""[]"""	"""[]"""				
Zalizniak-2024-4583-161	161	937	BIRD	bird		"""[]"""	"""[]"""				
Zalizniak-2024-4583-162	162			blood-sucking insect		"""[]"""	"""[]"""				
Zalizniak-2024-4583-163	163	2213	BODY PART	body part		"""[]"""	"""[]"""				
Zalizniak-2024-4583-164	164	3396	BUILDING	building		"""[]"""	"""[]"""				
Zalizniak-2024-4583-165	165			babble-tube		"""[]"""	"""[]"""				
Zalizniak-2024-4583-166	166	1289	BABY	baby		"""[]"""	"""[]"""				
Zalizniak-2024-4583-167	167	2513	CHICKEN CHICK	baby chicken		"""[]"""	"""[]"""				
Zalizniak-2024-4583-168	168	1291	BACK	back (body part)		"""[]"""	"""[]"""				
Zalizniak-2024-4583-169	169			back of the axe head		"""[]"""	"""[]"""				
Zalizniak-2024-4583-170	170	523	BACK OF HEAD	back of the head		"""[]"""	"""[]"""				
Zalizniak-2024-4583-171	171			back vowels (linguistics)		"""[]"""	"""[]"""				
Zalizniak-2024-4583-172	172	805	SPINE	backbone		"""[]"""	"""[]"""				
Zalizniak-2024-4583-173	173			backdrop (visual)		"""[]"""	"""[]"""				
Zalizniak-2024-4583-174	174			backside		"""[]"""	"""[]"""				
Zalizniak-2024-4583-175	175	2911	BACKWARD	backwards		"""[]"""	"""[]"""				
Zalizniak-2024-4583-176	176	1292	BAD	bad		"""[]"""	"""[]"""				
Zalizniak-2024-4583-177	177	3764	BAD OR EVIL	bad (ethically)		"""[]"""	"""[]"""				
Zalizniak-2024-4583-178	178	56	BAD LUCK	bad luck		"""[]"""	"""[]"""				
Zalizniak-2024-4583-179	179	2197	BAD PERSON	bad person		"""[]"""	"""[]"""				
Zalizniak-2024-4583-180	180			*bad smell, stench		"""[]"""	"""[]"""				
Zalizniak-2024-4583-181	181			bad weather		"""[]"""	"""[]"""				
Zalizniak-2024-4583-182	182			*bad weather		"""[]"""	"""[]"""				
Zalizniak-2024-4583-183	183	42	STINKING	bad-smelling, stinking		"""[]"""	"""[]"""				
Zalizniak-2024-4583-184	184	3717	BADGER	badger (Meles)		"""[]"""	"""[]"""				
Zalizniak-2024-4583-185	185			bagpipes		"""[]"""	"""[]"""				
Zalizniak-2024-4583-186	186			balance weight on scale		"""[]"""	"""[]"""				
Zalizniak-2024-4583-187	187	1125	BALD	bald		"""[]"""	"""[]"""				
Zalizniak-2024-4583-188	188			bald spot		"""[]"""	"""[]"""				
Zalizniak-2024-4583-189	189			bald-coot (Fulica atra)		"""[]"""	"""[]"""				
Zalizniak-2024-4583-190	190	1927	BAMBOO	bamboo		"""[]"""	"""[]"""				
Zalizniak-2024-4583-191	191	2494	BAMBOO SHOOT	bamboo sprout		"""[]"""	"""[]"""				
Zalizniak-2024-4583-192	192			banana flower		"""[]"""	"""[]"""				
Zalizniak-2024-4583-193	193	3310	SHORE OR BANK	bank, shore		"""[]"""	"""[]"""				
Zalizniak-2024-4583-194	194	524	BARBEL	barbel		"""[]"""	"""[]"""				
Zalizniak-2024-4583-195	195			barberry		"""[]"""	"""[]"""				
Zalizniak-2024-4583-196	196			bare (feet)		"""[]"""	"""[]"""				
Zalizniak-2024-4583-197	197			bareback		"""[]"""	"""[]"""				
Zalizniak-2024-4583-198	198	1204	BARK	bark (of a tree)		"""[]"""	"""[]"""				
Zalizniak-2024-4583-199	199	932	BARLEY	barley		"""[]"""	"""[]"""				
Zalizniak-2024-4583-200	200	2548	BARREL	barrel		"""[]"""	"""[]"""				
Zalizniak-2024-4583-201	201			barrel (of a gun)		"""[]"""	"""[]"""				
Zalizniak-2024-4583-202	202			barren (of animals)		"""[]"""	"""[]"""				
Zalizniak-2024-4583-203	203			barrier		"""[]"""	"""[]"""				
Zalizniak-2024-4583-204	204			base (geometry)		"""[]"""	"""[]"""				
Zalizniak-2024-4583-205	205			base for beheading		"""[]"""	"""[]"""				
Zalizniak-2024-4583-206	206	915	SINK (BASIN)	basin (vessel)		"""[]"""	"""[]"""				
Zalizniak-2024-4583-207	207	831	BASE	basis		"""[]"""	"""[]"""				
Zalizniak-2024-4583-208	208	1539	BASKET	basket		"""[]"""	"""[]"""				
Zalizniak-2024-4583-209	209			bass, low-pitched voice		"""[]"""	"""[]"""				
Zalizniak-2024-4583-210	210	3950	LIBER (INNER BARK)	bast, the layer under the bark		"""[]"""	"""[]"""				
Zalizniak-2024-4583-211	211	1947	BASTARD	bastard		"""[]"""	"""[]"""				
Zalizniak-2024-4583-212	212	1793	BAT	bat		"""[]"""	"""[]"""				
Zalizniak-2024-4583-213	213			bath		"""[]"""	"""[]"""				
Zalizniak-2024-4583-214	214			bathroom		"""[]"""	"""[]"""				
Zalizniak-2024-4583-215	215			battering-ram		"""[]"""	"""[]"""				
Zalizniak-2024-4583-216	216	662	BATTERY	battery		"""[]"""	"""[]"""				
Zalizniak-2024-4583-217	217	579	BATTLE	battle		"""[]"""	"""[]"""				
Zalizniak-2024-4583-218	218	1860	BEAD	bead		"""[]"""	"""[]"""				
Zalizniak-2024-4583-219	219	73	BEAK	beak		"""[]"""	"""[]"""				
Zalizniak-2024-4583-220	220	1132	BEAM	beam		"""[]"""	"""[]"""				
Zalizniak-2024-4583-221	221	832	BEAN	bean		"""[]"""	"""[]"""				
Zalizniak-2024-4583-222	222	1820	BEAR	bear (Ursus)		"""[]"""	"""[]"""				
Zalizniak-2024-4583-223	223			bear garlic		"""[]"""	"""[]"""				
Zalizniak-2024-4583-224	224	678	BEARD	beard		"""[]"""	"""[]"""				
Zalizniak-2024-4583-225	225			bearded man		"""[]"""	"""[]"""				
Zalizniak-2024-4583-226	226			bearded vulture		"""[]"""	"""[]"""				
Zalizniak-2024-4583-227	227			bearing (mechanical device)		"""[]"""	"""[]"""				
Zalizniak-2024-4583-228	228	1427	BEAUTIFUL	beautiful		"""[]"""	"""[]"""				
Zalizniak-2024-4583-229	229			beautiful girl		"""[]"""	"""[]"""				
Zalizniak-2024-4583-230	230	1194	BEAVER	beaver (Castor fiber)		"""[]"""	"""[]"""				
Zalizniak-2024-4583-231	231	2918	BECAUSE OF	because of		"""[]"""	"""[]"""				
Zalizniak-2024-4583-232	232	1663	BED	bed		"""[]"""	"""[]"""				
Zalizniak-2024-4583-233	233			bed canopy		"""[]"""	"""[]"""				
Zalizniak-2024-4583-234	234			bed-clothes		"""[]"""	"""[]"""				
Zalizniak-2024-4583-235	235	1949	BEDBUG	bedbug (Cimex lectularius)		"""[]"""	"""[]"""				
Zalizniak-2024-4583-236	236			bedding (padding)		"""[]"""	"""[]"""				
Zalizniak-2024-4583-237	237			bedsheet		"""[]"""	"""[]"""				
Zalizniak-2024-4583-238	238	665	BEE	bee		"""[]"""	"""[]"""				
Zalizniak-2024-4583-239	239			bee swarm		"""[]"""	"""[]"""				
Zalizniak-2024-4583-240	240	1950	BEECH	beech		"""[]"""	"""[]"""				
Zalizniak-2024-4583-241	241	88	BEEHIVE	beehive		"""[]"""	"""[]"""				
Zalizniak-2024-4583-242	242	1639	BEER	beer		"""[]"""	"""[]"""				
Zalizniak-2024-4583-243	243			beet (Beta vulgaris)		"""[]"""	"""[]"""				
Zalizniak-2024-4583-244	244	2242	BEETLE	beetle		"""[]"""	"""[]"""				
Zalizniak-2024-4583-245	245	1882	BEFORE	before		"""[]"""	"""[]"""				
Zalizniak-2024-4583-246	246			beggartick		"""[]"""	"""[]"""				
Zalizniak-2024-4583-247	247	1557	BEGINNING	beginning		"""[]"""	"""[]"""				
Zalizniak-2024-4583-248	248			behaviour		"""[]"""	"""[]"""				
Zalizniak-2024-4583-249	249	1686	BEHIND	behind		"""[]"""	"""[]"""				
Zalizniak-2024-4583-250	250			belemnite		"""[]"""	"""[]"""				
Zalizniak-2024-4583-251	251	2246	BELL	bell		"""[]"""	"""[]"""				
Zalizniak-2024-4583-252	252			belladonna		"""[]"""	"""[]"""				
Zalizniak-2024-4583-253	253			bellflower (Campanula)		"""[]"""	"""[]"""				
Zalizniak-2024-4583-254	254	3658	BELLOWS	bellows		"""[]"""	"""[]"""				
Zalizniak-2024-4583-255	255			*belly		"""[]"""	"""[]"""				
Zalizniak-2024-4583-256	256			beloribitsa		"""[]"""	"""[]"""				
Zalizniak-2024-4583-257	257	2470	DEAR	beloved		"""[]"""	"""[]"""				
Zalizniak-2024-4583-258	258			below, down, bottom part		"""[]"""	"""[]"""				
Zalizniak-2024-4583-259	259	772	BELT	belt		"""[]"""	"""[]"""				
Zalizniak-2024-4583-260	260			beluga sturgeon		"""[]"""	"""[]"""				
Zalizniak-2024-4583-261	261	2584	BENCH	bench		"""[]"""	"""[]"""				
Zalizniak-2024-4583-262	262			bend (of a river)		"""[]"""	"""[]"""				
Zalizniak-2024-4583-263	263			benediction		"""[]"""	"""[]"""				
Zalizniak-2024-4583-264	264	2929	BENEFIT	benefit		"""[]"""	"""[]"""				
Zalizniak-2024-4583-265	265			*berry		"""[]"""	"""[]"""				
Zalizniak-2024-4583-266	266			best		"""[]"""	"""[]"""				
Zalizniak-2024-4583-267	267			best part of something		"""[]"""	"""[]"""				
Zalizniak-2024-4583-268	268	177	BETEL PEPPER VINE	betel		"""[]"""	"""[]"""				
Zalizniak-2024-4583-269	269			betrothal, engagement		"""[]"""	"""[]"""				
Zalizniak-2024-4583-270	270			*better		"""[]"""	"""[]"""				
Zalizniak-2024-4583-271	271	1202	BIG	big		"""[]"""	"""[]"""				
Zalizniak-2024-4583-272	272	1780	BILE	bile, gall		"""[]"""	"""[]"""				
Zalizniak-2024-4583-273	273	3599	BILLION	billion		"""[]"""	"""[]"""				
Zalizniak-2024-4583-274	274			biotite		"""[]"""	"""[]"""				
Zalizniak-2024-4583-275	275	1855	BIRCH	birch		"""[]"""	"""[]"""				
Zalizniak-2024-4583-276	276			birch bolete (Leccinum scabrum)		"""[]"""	"""[]"""				
Zalizniak-2024-4583-277	277			*bird		"""[]"""	"""[]"""				
Zalizniak-2024-4583-278	278			bird cherry tree		"""[]"""	"""[]"""				
Zalizniak-2024-4583-279	279			*bird cherry tree		"""[]"""	"""[]"""				
Zalizniak-2024-4583-280	280			bird Nectarinia gutturalis		"""[]"""	"""[]"""				
Zalizniak-2024-4583-281	281			bird's foot		"""[]"""	"""[]"""				
Zalizniak-2024-4583-282	282	1751	BIRTHMARK	birthmark		"""[]"""	"""[]"""				
Zalizniak-2024-4583-283	283			biscuit, cookie		"""[]"""	"""[]"""				
Zalizniak-2024-4583-284	284			bishop		"""[]"""	"""[]"""				
Zalizniak-2024-4583-285	285			bishop (chess)		"""[]"""	"""[]"""				
Zalizniak-2024-4583-286	286	3142	BISON	bison		"""[]"""	"""[]"""				
Zalizniak-2024-4583-287	287			bit (part of horse harness)		"""[]"""	"""[]"""				
Zalizniak-2024-4583-288	288	2481	FEMALE DOG	bitch		"""[]"""	"""[]"""				
Zalizniak-2024-4583-289	289			Bitis arietans		"""[]"""	"""[]"""				
Zalizniak-2024-4583-290	290	887	BITTER	bitter		"""[]"""	"""[]"""				
Zalizniak-2024-4583-291	291			bitterling		"""[]"""	"""[]"""				
Zalizniak-2024-4583-292	292			bittern (Botaurus)		"""[]"""	"""[]"""				
Zalizniak-2024-4583-293	293	163	BLACK	black		"""[]"""	"""[]"""				
Zalizniak-2024-4583-294	294			black cloud		"""[]"""	"""[]"""				
Zalizniak-2024-4583-295	295			black grouse		"""[]"""	"""[]"""				
Zalizniak-2024-4583-296	296			black grouse (Lyrurus)		"""[]"""	"""[]"""				
Zalizniak-2024-4583-297	297			black radish		"""[]"""	"""[]"""				
Zalizniak-2024-4583-298	298			blackberry		"""[]"""	"""[]"""				
Zalizniak-2024-4583-299	299			blackcurrant		"""[]"""	"""[]"""				
Zalizniak-2024-4583-300	300	1001	BLACKSMITH	blacksmith		"""[]"""	"""[]"""				
Zalizniak-2024-4583-301	301			blackthorn		"""[]"""	"""[]"""				
Zalizniak-2024-4583-302	302	869	BLADE	blade		"""[]"""	"""[]"""				
Zalizniak-2024-4583-303	303			*blade		"""[]"""	"""[]"""				
Zalizniak-2024-4583-304	304			blank		"""[]"""	"""[]"""				
Zalizniak-2024-4583-305	305	806	BLANKET	blanket		"""[]"""	"""[]"""				
Zalizniak-2024-4583-306	306	1653	BLIND	blind		"""[]"""	"""[]"""				
Zalizniak-2024-4583-307	307			*blind		"""[]"""	"""[]"""				
Zalizniak-2024-4583-308	308			blind alley		"""[]"""	"""[]"""				
Zalizniak-2024-4583-309	309	1584	BLISTER	blister		"""[]"""	"""[]"""				
Zalizniak-2024-4583-310	310			blizzard		"""[]"""	"""[]"""				
Zalizniak-2024-4583-311	311			blond person		"""[]"""	"""[]"""				
Zalizniak-2024-4583-312	312			blonde		"""[]"""	"""[]"""				
Zalizniak-2024-4583-313	313	946	BLOOD	blood		"""[]"""	"""[]"""				
Zalizniak-2024-4583-314	314	525	BLOOD VESSEL	blood vessel		"""[]"""	"""[]"""				
Zalizniak-2024-4583-315	315			bloodletting		"""[]"""	"""[]"""				
Zalizniak-2024-4583-316	316			blow		"""[]"""	"""[]"""				
Zalizniak-2024-4583-317	317	837	BLUE	blue		"""[]"""	"""[]"""				
Zalizniak-2024-4583-318	318	2809	BLUEBERRY	blueberry		"""[]"""	"""[]"""				
Zalizniak-2024-4583-319	319			blueflag (Iris)		"""[]"""	"""[]"""				
Zalizniak-2024-4583-320	320	379	BLUNT	blunt		"""[]"""	"""[]"""				
Zalizniak-2024-4583-321	321	1227	BOARD	board, plank		"""[]"""	"""[]"""				
Zalizniak-2024-4583-322	322	1844	BOAT	boat		"""[]"""	"""[]"""				
Zalizniak-2024-4583-323	323	1480	BODY	body		"""[]"""	"""[]"""				
Zalizniak-2024-4583-324	324			body of water		"""[]"""	"""[]"""				
Zalizniak-2024-4583-325	325			*body part		"""[]"""	"""[]"""				
Zalizniak-2024-4583-326	326			bog-rosemary		"""[]"""	"""[]"""				
Zalizniak-2024-4583-327	327			Boletus edulis		"""[]"""	"""[]"""				
Zalizniak-2024-4583-328	328	1394	BONE	bone		"""[]"""	"""[]"""				
Zalizniak-2024-4583-329	329	1835	MARROW	bone marrow		"""[]"""	"""[]"""				
Zalizniak-2024-4583-330	330	963	BOOK	book (n.)		"""[]"""	"""[]"""				
Zalizniak-2024-4583-331	331			book spine		"""[]"""	"""[]"""				
Zalizniak-2024-4583-332	332			boredom		"""[]"""	"""[]"""				
Zalizniak-2024-4583-333	333	905	BORING	boring		"""[]"""	"""[]"""				
Zalizniak-2024-4583-334	334	2930	BOSS	boss		"""[]"""	"""[]"""				
Zalizniak-2024-4583-335	335			bothering		"""[]"""	"""[]"""				
Zalizniak-2024-4583-336	336	1321	BOTTLE	bottle		"""[]"""	"""[]"""				
Zalizniak-2024-4583-337	337	690	BOTTOM	bottom		"""[]"""	"""[]"""				
Zalizniak-2024-4583-338	338			bottom of a dress		"""[]"""	"""[]"""				
Zalizniak-2024-4583-339	339	1010	BOUNDARY	boundary (of land plots)		"""[]"""	"""[]"""				
Zalizniak-2024-4583-340	340			bouquet		"""[]"""	"""[]"""				
Zalizniak-2024-4583-341	341			bourrache (Borago)		"""[]"""	"""[]"""				
Zalizniak-2024-4583-342	342	994	BOW	bow (weapon)		"""[]"""	"""[]"""				
Zalizniak-2024-4583-343	343			bow, fiddlestick		"""[]"""	"""[]"""				
Zalizniak-2024-4583-344	344			bow-legged		"""[]"""	"""[]"""				
Zalizniak-2024-4583-345	345	2119	BOW STRING	bow-string		"""[]"""	"""[]"""				
Zalizniak-2024-4583-346	346	1991	INTESTINES	bowel		"""[]"""	"""[]"""				
Zalizniak-2024-4583-347	347			*bowels, intestine		"""[]"""	"""[]"""				
Zalizniak-2024-4583-348	348	1465	BOX	box, container		"""[]"""	"""[]"""				
Zalizniak-2024-4583-349	349	1366	BOY	boy		"""[]"""	"""[]"""				
Zalizniak-2024-4583-350	350	1754	BRACELET	bracelet		"""[]"""	"""[]"""				
Zalizniak-2024-4583-351	351	1043	BRAID	braid (of hair)		"""[]"""	"""[]"""				
Zalizniak-2024-4583-352	352	1583	BRAIN	brain (cerebrum)		"""[]"""	"""[]"""				
Zalizniak-2024-4583-353	353	2362	BRAN	bran		"""[]"""	"""[]"""				
Zalizniak-2024-4583-354	354	826	BRANCH (BIFURCATION)	branch (of a river)		"""[]"""	"""[]"""				
Zalizniak-2024-4583-355	355	3223	BRANCH OR TWIG	branch, twig		"""[]"""	"""[]"""				
Zalizniak-2024-4583-356	356			brand, stamp		"""[]"""	"""[]"""				
Zalizniak-2024-4583-357	357	3743	BRASS	brass		"""[]"""	"""[]"""				
Zalizniak-2024-4583-358	358	3	BRAVE	brave		"""[]"""	"""[]"""				
Zalizniak-2024-4583-359	359	2226	BRAVE PERSON	brave person		"""[]"""	"""[]"""				
Zalizniak-2024-4583-360	360	1368	BREAD	bread		"""[]"""	"""[]"""				
Zalizniak-2024-4583-361	361			bread roll		"""[]"""	"""[]"""				
Zalizniak-2024-4583-362	362	1322	BREAKFAST	breakfast		"""[]"""	"""[]"""				
Zalizniak-2024-4583-363	363			bream (Abramis)		"""[]"""	"""[]"""				
Zalizniak-2024-4583-364	364	1402	BREAST	breast		"""[]"""	"""[]"""				
Zalizniak-2024-4583-365	365			breaststroke		"""[]"""	"""[]"""				
Zalizniak-2024-4583-366	366	1407	BREATHE	breathing		"""[]"""	"""[]"""				
Zalizniak-2024-4583-367	367			breed		"""[]"""	"""[]"""				
Zalizniak-2024-4583-368	368	1163	BRIBE (AMOUNT)	bribe		"""[]"""	"""[]"""				
Zalizniak-2024-4583-369	369	1006	BRICK	brick (n.)		"""[]"""	"""[]"""				
Zalizniak-2024-4583-370	370	1266	BRIDE	bride		"""[]"""	"""[]"""				
Zalizniak-2024-4583-371	371	3282	GROOM	bridegroom		"""[]"""	"""[]"""				
Zalizniak-2024-4583-372	372	1011	BRIDGE	bridge		"""[]"""	"""[]"""				
Zalizniak-2024-4583-373	373			bridge (of musical imstrument)		"""[]"""	"""[]"""				
Zalizniak-2024-4583-374	374	3312	SHORT (TIME)	brief		"""[]"""	"""[]"""				
Zalizniak-2024-4583-375	375	2228	GLARING	brilliant, glaring		"""[]"""	"""[]"""				
Zalizniak-2024-4583-376	376	588	BROKEN	broken		"""[]"""	"""[]"""				
Zalizniak-2024-4583-377	377	2313	BRONZE	bronze		"""[]"""	"""[]"""				
Zalizniak-2024-4583-378	378			brood, hatch		"""[]"""	"""[]"""				
Zalizniak-2024-4583-379	379	245	BROOM	broom		"""[]"""	"""[]"""				
Zalizniak-2024-4583-380	380			*broom		"""[]"""	"""[]"""				
Zalizniak-2024-4583-381	381	1547	SOUP	broth		"""[]"""	"""[]"""				
Zalizniak-2024-4583-382	382			brothel		"""[]"""	"""[]"""				
Zalizniak-2024-4583-383	383	1262	BROTHER	brother		"""[]"""	"""[]"""				
Zalizniak-2024-4583-384	384	2314	BROTHER-IN-LAW	brother-in-law		"""[]"""	"""[]"""				
Zalizniak-2024-4583-385	385	2409	BROWN	brown		"""[]"""	"""[]"""				
Zalizniak-2024-4583-386	386			*brown		"""[]"""	"""[]"""				
Zalizniak-2024-4583-387	387			brown meagre		"""[]"""	"""[]"""				
Zalizniak-2024-4583-388	388	1148	BRUISE	bruise		"""[]"""	"""[]"""				
Zalizniak-2024-4583-389	389	1821	BRUSH	brush		"""[]"""	"""[]"""				
Zalizniak-2024-4583-390	390			brushwood		"""[]"""	"""[]"""				
Zalizniak-2024-4583-391	391	2052	BUCKET	bucket		"""[]"""	"""[]"""				
Zalizniak-2024-4583-392	392			buckthorn (Frangula)		"""[]"""	"""[]"""				
Zalizniak-2024-4583-393	393	2040	BUCKWHEAT	buckwheat		"""[]"""	"""[]"""				
Zalizniak-2024-4583-394	394	1684	BUD	bud (of a flower)		"""[]"""	"""[]"""				
Zalizniak-2024-4583-395	395			*bud (on a twig)		"""[]"""	"""[]"""				
Zalizniak-2024-4583-396	396	1027	BUG	bug (Heteroptera)		"""[]"""	"""[]"""				
Zalizniak-2024-4583-397	397	2617	BULB	bulb (of plant)		"""[]"""	"""[]"""				
Zalizniak-2024-4583-398	398	1008	BULL	bull		"""[]"""	"""[]"""				
Zalizniak-2024-4583-399	399	1114	BULLET	bullet		"""[]"""	"""[]"""				
Zalizniak-2024-4583-400	400			bullhead		"""[]"""	"""[]"""				
Zalizniak-2024-4583-401	401			bully		"""[]"""	"""[]"""				
Zalizniak-2024-4583-402	402			bumblebee		"""[]"""	"""[]"""				
Zalizniak-2024-4583-403	403			burbot		"""[]"""	"""[]"""				
Zalizniak-2024-4583-404	404			burdock		"""[]"""	"""[]"""				
Zalizniak-2024-4583-405	405	3336	FUNERAL	burial		"""[]"""	"""[]"""				
Zalizniak-2024-4583-406	406			burn (physical injury)		"""[]"""	"""[]"""				
Zalizniak-2024-4583-407	407			burner		"""[]"""	"""[]"""				
Zalizniak-2024-4583-408	408	2949	LAIR	burrow (of animal)		"""[]"""	"""[]"""				
Zalizniak-2024-4583-409	409			burstwort (herniaria)		"""[]"""	"""[]"""				
Zalizniak-2024-4583-410	410	1683	BUSH	bush, shrub		"""[]"""	"""[]"""				
Zalizniak-2024-4583-411	411	2755	BUSY	busy		"""[]"""	"""[]"""				
Zalizniak-2024-4583-412	412	3843	BUT	but, however		"""[]"""	"""[]"""				
Zalizniak-2024-4583-413	413	2569	BUTCHER	butcher		"""[]"""	"""[]"""				
Zalizniak-2024-4583-414	414	241	TREE STUMP	butt of a log		"""[]"""	"""[]"""				
Zalizniak-2024-4583-415	415			butt of the rifle		"""[]"""	"""[]"""				
Zalizniak-2024-4583-416	416	1245	BUTTER	butter		"""[]"""	"""[]"""				
Zalizniak-2024-4583-417	417	1791	BUTTERFLY	butterfly		"""[]"""	"""[]"""				
Zalizniak-2024-4583-418	418			butterfly fish		"""[]"""	"""[]"""				
Zalizniak-2024-4583-419	419			butterfly stroke		"""[]"""	"""[]"""				
Zalizniak-2024-4583-420	420	834	BUTTOCKS	buttock		"""[]"""	"""[]"""				
Zalizniak-2024-4583-421	421	757	BUTTON	button (on a dress)		"""[]"""	"""[]"""				
Zalizniak-2024-4583-422	422			buttonquail		"""[]"""	"""[]"""				
Zalizniak-2024-4583-423	423	71	BY HEART	by heart		"""[]"""	"""[]"""				
Zalizniak-2024-4583-424	424			byte		"""[]"""	"""[]"""				
Zalizniak-2024-4583-425	425			capricorn beetle		"""[]"""	"""[]"""				
Zalizniak-2024-4583-426	426	1895	CLOTHES	clothes		"""[]"""	"""[]"""				
Zalizniak-2024-4583-427	427			cold steel		"""[]"""	"""[]"""				
Zalizniak-2024-4583-428	428	1613	COLOR	colour		"""[]"""	"""[]"""				
Zalizniak-2024-4583-429	429			*container		"""[]"""	"""[]"""				
Zalizniak-2024-4583-430	430			crockery		"""[]"""	"""[]"""				
Zalizniak-2024-4583-431	431	8	CURSE	curse		"""[]"""	"""[]"""				
Zalizniak-2024-4583-432	432	774	CABBAGE	cabbage		"""[]"""	"""[]"""				
Zalizniak-2024-4583-433	433			caecum (blind gut)		"""[]"""	"""[]"""				
Zalizniak-2024-4583-434	434	3283	CAGE	cage		"""[]"""	"""[]"""				
Zalizniak-2024-4583-435	435	1967	CALENDAR	calendar		"""[]"""	"""[]"""				
Zalizniak-2024-4583-436	436			*calf (young cow or bull)		"""[]"""	"""[]"""				
Zalizniak-2024-4583-437	437	498	CALF OF LEG	calf of a leg		"""[]"""	"""[]"""				
Zalizniak-2024-4583-438	438			callus, corn		"""[]"""	"""[]"""				
Zalizniak-2024-4583-439	439	258	CALM	calm		"""[]"""	"""[]"""				
Zalizniak-2024-4583-440	440	1871	CAMEL	camel		"""[]"""	"""[]"""				
Zalizniak-2024-4583-441	441			camomile		"""[]"""	"""[]"""				
Zalizniak-2024-4583-442	442	1105	CAMP	camp		"""[]"""	"""[]"""				
Zalizniak-2024-4583-443	443	2986	CAMPFIRE	campfire, bonfire		"""[]"""	"""[]"""				
Zalizniak-2024-4583-444	444	972	BE ABLE	can, to be able		"""[]"""	"""[]"""				
Zalizniak-2024-4583-445	445			Cancer (constellation)		"""[]"""	"""[]"""				
Zalizniak-2024-4583-446	446	4110	CANCER (DISEASE)	cancer (disease)		"""[]"""	"""[]"""				
Zalizniak-2024-4583-447	447	1273	CANDLE	candle		"""[]"""	"""[]"""				
Zalizniak-2024-4583-448	448			cannabis		"""[]"""	"""[]"""				
Zalizniak-2024-4583-449	449	3202	CANNON	cannon (weapon)		"""[]"""	"""[]"""				
Zalizniak-2024-4583-450	450			cap peak		"""[]"""	"""[]"""				
Zalizniak-2024-4583-451	451	1662	CAPE	cape		"""[]"""	"""[]"""				
Zalizniak-2024-4583-452	452			Capricorn		"""[]"""	"""[]"""				
Zalizniak-2024-4583-453	453	395	PILL	capsule (pharmacy)		"""[]"""	"""[]"""				
Zalizniak-2024-4583-454	454	1073	CAPTIVE	captive		"""[]"""	"""[]"""				
Zalizniak-2024-4583-455	455	314	CAPYBARA	capybara		"""[]"""	"""[]"""				
Zalizniak-2024-4583-456	456			carabus (Carabus)		"""[]"""	"""[]"""				
Zalizniak-2024-4583-457	457			caraway (meridian fennel)		"""[]"""	"""[]"""				
Zalizniak-2024-4583-458	458	2620	CARRIAGE	carriage		"""[]"""	"""[]"""				
Zalizniak-2024-4583-459	459	1770	CARCASS	carrion		"""[]"""	"""[]"""				
Zalizniak-2024-4583-460	460	3085	CARROT	carrot		"""[]"""	"""[]"""				
Zalizniak-2024-4583-461	461			cartilage		"""[]"""	"""[]"""				
Zalizniak-2024-4583-462	462			case (grammar)		"""[]"""	"""[]"""				
Zalizniak-2024-4583-463	463			*case, event		"""[]"""	"""[]"""				
Zalizniak-2024-4583-464	464			cast iron		"""[]"""	"""[]"""				
Zalizniak-2024-4583-465	465			caste		"""[]"""	"""[]"""				
Zalizniak-2024-4583-466	466			castor bean (Ricinus communis)		"""[]"""	"""[]"""				
Zalizniak-2024-4583-467	467	1208	CAT	cat		"""[]"""	"""[]"""				
Zalizniak-2024-4583-468	468			cat's-foot (Antennaria)		"""[]"""	"""[]"""				
Zalizniak-2024-4583-469	469			catamaran		"""[]"""	"""[]"""				
Zalizniak-2024-4583-470	470			catapult		"""[]"""	"""[]"""				
Zalizniak-2024-4583-471	471			cataract (of the eye)		"""[]"""	"""[]"""				
Zalizniak-2024-4583-472	472	2247	CATERPILLAR	caterpillar		"""[]"""	"""[]"""				
Zalizniak-2024-4583-473	473			caterpillar track		"""[]"""	"""[]"""				
Zalizniak-2024-4583-474	474			catkin		"""[]"""	"""[]"""				
Zalizniak-2024-4583-475	475			catnip (Nepeta cataria)		"""[]"""	"""[]"""				
Zalizniak-2024-4583-476	476	1153	CATTLE	cattle		"""[]"""	"""[]"""				
Zalizniak-2024-4583-477	477			caul, amniotic sac		"""[]"""	"""[]"""				
Zalizniak-2024-4583-478	478			cauldron		"""[]"""	"""[]"""				
Zalizniak-2024-4583-479	479	860	CAUSE	cause, reason		"""[]"""	"""[]"""				
Zalizniak-2024-4583-480	480	2758	CAREFUL	cautious		"""[]"""	"""[]"""				
Zalizniak-2024-4583-481	481	1155	CAVE	cave		"""[]"""	"""[]"""				
Zalizniak-2024-4583-482	482			cavity, hollow		"""[]"""	"""[]"""				
Zalizniak-2024-4583-483	483			ceiling		"""[]"""	"""[]"""				
Zalizniak-2024-4583-484	484			celebrity		"""[]"""	"""[]"""				
Zalizniak-2024-4583-485	485	3727	CELERY	celery		"""[]"""	"""[]"""				
Zalizniak-2024-4583-486	486	4109	CELL (BIOLOGY)	cell (in biology)		"""[]"""	"""[]"""				
Zalizniak-2024-4583-487	487			cell (of a political party, organization)		"""[]"""	"""[]"""				
Zalizniak-2024-4583-488	488			cell (of honeycomb)		"""[]"""	"""[]"""				
Zalizniak-2024-4583-489	489	4108	CELLAR	cellar		"""[]"""	"""[]"""				
Zalizniak-2024-4583-490	490	3284	GRAVEYARD	cemetery		"""[]"""	"""[]"""				
Zalizniak-2024-4583-491	491			censer		"""[]"""	"""[]"""				
Zalizniak-2024-4583-492	492	491	CENTER	centre		"""[]"""	"""[]"""				
Zalizniak-2024-4583-493	493			centrifuge		"""[]"""	"""[]"""				
Zalizniak-2024-4583-494	494			*century		"""[]"""	"""[]"""				
Zalizniak-2024-4583-495	495			cereal		"""[]"""	"""[]"""				
Zalizniak-2024-4583-496	496	2363	CHAFF (HUSK)	chaff		"""[]"""	"""[]"""				
Zalizniak-2024-4583-497	497			chaffinch		"""[]"""	"""[]"""				
Zalizniak-2024-4583-498	498	1627	CHAIN	chain (n.)		"""[]"""	"""[]"""				
Zalizniak-2024-4583-499	499	4130	CHALK	chalk		"""[]"""	"""[]"""				
Zalizniak-2024-4583-500	500	1555	CHAMELEON	chameleon		"""[]"""	"""[]"""				
Zalizniak-2024-4583-501	501			champignon (Agaricus)		"""[]"""	"""[]"""				
Zalizniak-2024-4583-502	502			champion, winner		"""[]"""	"""[]"""				
Zalizniak-2024-4583-503	503	2423	CHANNEL	channel, opening in a reef		"""[]"""	"""[]"""				
Zalizniak-2024-4583-504	504			chanterelle		"""[]"""	"""[]"""				
Zalizniak-2024-4583-505	505	835	CHAPTER	chapter (of a book)		"""[]"""	"""[]"""				
Zalizniak-2024-4583-506	506			charger, cartridge clip		"""[]"""	"""[]"""				
Zalizniak-2024-4583-507	507			charr (Salvelinus)		"""[]"""	"""[]"""				
Zalizniak-2024-4583-508	508			chatter, idle talk		"""[]"""	"""[]"""				
Zalizniak-2024-4583-509	509	1887	CHEAP	cheap		"""[]"""	"""[]"""				
Zalizniak-2024-4583-510	510	1730	CHEEK	cheek		"""[]"""	"""[]"""				
Zalizniak-2024-4583-511	511			cheek-bone		"""[]"""	"""[]"""				
Zalizniak-2024-4583-512	512	4037	CHEERFUL	cheerful		"""[]"""	"""[]"""				
Zalizniak-2024-4583-513	513			cheerful mood		"""[]"""	"""[]"""				
Zalizniak-2024-4583-514	514	1569	CHEESE	cheese		"""[]"""	"""[]"""				
Zalizniak-2024-4583-515	515			chervil (Anthriscus cerefolium)		"""[]"""	"""[]"""				
Zalizniak-2024-4583-516	516	1592	CHEST	chest (body part)		"""[]"""	"""[]"""				
Zalizniak-2024-4583-517	517	2318	CHESTNUT	chestnut		"""[]"""	"""[]"""				
Zalizniak-2024-4583-518	518			chickenpox		"""[]"""	"""[]"""				
Zalizniak-2024-4583-519	519	2099	CHILD	child		"""[]"""	"""[]"""				
Zalizniak-2024-4583-520	520	1801	CHILD (DESCENDANT)	child (son or daughter)		"""[]"""	"""[]"""				
Zalizniak-2024-4583-521	521	1304	CHILD (YOUNG HUMAN)	child (young person)		"""[]"""	"""[]"""				
Zalizniak-2024-4583-522	522			child before baptism		"""[]"""	"""[]"""				
Zalizniak-2024-4583-523	523	2805	BIRTH (ACCOUCHEMENT)	childbirth		"""[]"""	"""[]"""				
Zalizniak-2024-4583-524	524			childless		"""[]"""	"""[]"""				
Zalizniak-2024-4583-525	525			*children		"""[]"""	"""[]"""				
Zalizniak-2024-4583-526	526			children's food		"""[]"""	"""[]"""				
Zalizniak-2024-4583-527	527	919	CHILI PEPPER	chili pepper		"""[]"""	"""[]"""				
Zalizniak-2024-4583-528	528	1510	CHIN	chin		"""[]"""	"""[]"""				
Zalizniak-2024-4583-529	529			China		"""[]"""	"""[]"""				
Zalizniak-2024-4583-530	530			Chionactis occipitalis		"""[]"""	"""[]"""				
Zalizniak-2024-4583-531	531			chip		"""[]"""	"""[]"""				
Zalizniak-2024-4583-532	532	1979	CHISEL	chisel		"""[]"""	"""[]"""				
Zalizniak-2024-4583-533	533			cholera		"""[]"""	"""[]"""				
Zalizniak-2024-4583-534	534			chopped billet		"""[]"""	"""[]"""				
Zalizniak-2024-4583-535	535			chord (geometry)		"""[]"""	"""[]"""				
Zalizniak-2024-4583-536	536			chord (music)		"""[]"""	"""[]"""				
Zalizniak-2024-4583-537	537	2405	CHRISTMAS	Christmas		"""[]"""	"""[]"""				
Zalizniak-2024-4583-538	538			chrysalis		"""[]"""	"""[]"""				
Zalizniak-2024-4583-539	539			chum salmon		"""[]"""	"""[]"""				
Zalizniak-2024-4583-540	540			*cicada		"""[]"""	"""[]"""				
Zalizniak-2024-4583-541	541			cigar		"""[]"""	"""[]"""				
Zalizniak-2024-4583-542	542			cigarette butt		"""[]"""	"""[]"""				
Zalizniak-2024-4583-543	543			cinema		"""[]"""	"""[]"""				
Zalizniak-2024-4583-544	544			cipher, code		"""[]"""	"""[]"""				
Zalizniak-2024-4583-545	545	1467	CIRCLE	circle		"""[]"""	"""[]"""				
Zalizniak-2024-4583-546	546			circular halo		"""[]"""	"""[]"""				
Zalizniak-2024-4583-547	547			cirrus (clouds)		"""[]"""	"""[]"""				
Zalizniak-2024-4583-548	548	1126	CITRUS FRUIT	citron		"""[]"""	"""[]"""				
Zalizniak-2024-4583-549	549			city block		"""[]"""	"""[]"""				
Zalizniak-2024-4583-550	550			clandestine activity		"""[]"""	"""[]"""				
Zalizniak-2024-4583-551	551			clapper of a bell		"""[]"""	"""[]"""				
Zalizniak-2024-4583-552	552			clasp, buckle		"""[]"""	"""[]"""				
Zalizniak-2024-4583-553	553			class, lesson		"""[]"""	"""[]"""				
Zalizniak-2024-4583-554	554			classical		"""[]"""	"""[]"""				
Zalizniak-2024-4583-555	555			classifier for spherical objects		"""[]"""	"""[]"""				
Zalizniak-2024-4583-556	556	1994	COLLARBONE	clavicle		"""[]"""	"""[]"""				
Zalizniak-2024-4583-557	557	72	CLAW	claw		"""[]"""	"""[]"""				
Zalizniak-2024-4583-558	558	2812	CRAB CLAW	claw (of a crustacean)		"""[]"""	"""[]"""				
Zalizniak-2024-4583-559	559	1399	CLAY	clay		"""[]"""	"""[]"""				
Zalizniak-2024-4583-560	560	704	CLEAN	clean (adj.)		"""[]"""	"""[]"""				
Zalizniak-2024-4583-561	561	1310	CLEVER	clever		"""[]"""	"""[]"""				
Zalizniak-2024-4583-562	562			clew		"""[]"""	"""[]"""				
Zalizniak-2024-4583-563	563	3257	CLITORIS	clitoris		"""[]"""	"""[]"""				
Zalizniak-2024-4583-564	564			close (of relations)		"""[]"""	"""[]"""				
Zalizniak-2024-4583-565	565	589	CLOSED	closed		"""[]"""	"""[]"""				
Zalizniak-2024-4583-566	566			clot of blood		"""[]"""	"""[]"""				
Zalizniak-2024-4583-567	567			*clothes		"""[]"""	"""[]"""				
Zalizniak-2024-4583-568	568			clothes moth		"""[]"""	"""[]"""				
Zalizniak-2024-4583-569	569	1489	CLOUD	cloud		"""[]"""	"""[]"""				
Zalizniak-2024-4583-570	570			*cloudberry (Rubus chamaemorus)		"""[]"""	"""[]"""				
Zalizniak-2024-4583-571	571	2341	CLOUDY	cloudy		"""[]"""	"""[]"""				
Zalizniak-2024-4583-572	572			clove (of a garlic)		"""[]"""	"""[]"""				
Zalizniak-2024-4583-573	573	2000	CLOVE	clove, segment		"""[]"""	"""[]"""				
Zalizniak-2024-4583-574	574			clover		"""[]"""	"""[]"""				
Zalizniak-2024-4583-575	575	1763	CLUB	club (a weapon)		"""[]"""	"""[]"""				
Zalizniak-2024-4583-576	576			club-rush (Scirpus)		"""[]"""	"""[]"""				
Zalizniak-2024-4583-577	577			clubs (in cards)		"""[]"""	"""[]"""				
Zalizniak-2024-4583-578	578			clumsy		"""[]"""	"""[]"""				
Zalizniak-2024-4583-579	579			coachman		"""[]"""	"""[]"""				
Zalizniak-2024-4583-580	580	2658	COAL	coal		"""[]"""	"""[]"""				
Zalizniak-2024-4583-581	581	1525	COAST	coast		"""[]"""	"""[]"""				
Zalizniak-2024-4583-582	582	2389	COATI (COATIMUNDI)	coati		"""[]"""	"""[]"""				
Zalizniak-2024-4583-583	583			cobalt (metal)		"""[]"""	"""[]"""				
Zalizniak-2024-4583-584	584			coccyx, tailbone		"""[]"""	"""[]"""				
Zalizniak-2024-4583-585	585	1878	COCK	cock (of a gun)		"""[]"""	"""[]"""				
Zalizniak-2024-4583-586	586			cockchafer		"""[]"""	"""[]"""				
Zalizniak-2024-4583-587	587	1575	COCKROACH	cockroach		"""[]"""	"""[]"""				
Zalizniak-2024-4583-588	588	4132	COD	*cod		"""[]"""	"""[]"""				
Zalizniak-2024-4583-589	589			codfish		"""[]"""	"""[]"""				
Zalizniak-2024-4583-590	590			codling moth larva		"""[]"""	"""[]"""				
Zalizniak-2024-4583-591	591	1299	COFFEE	coffee		"""[]"""	"""[]"""				
Zalizniak-2024-4583-592	592	2011	COFFIN	coffin		"""[]"""	"""[]"""				
Zalizniak-2024-4583-593	593	1867	COIN	coin		"""[]"""	"""[]"""				
Zalizniak-2024-4583-594	594	1287	COLD	cold		"""[]"""	"""[]"""				
Zalizniak-2024-4583-595	595	102	COMMON COLD (DISEASE)	cold (disease)		"""[]"""	"""[]"""				
Zalizniak-2024-4583-596	596			Coleus (Plectranthus) rotundifolius		"""[]"""	"""[]"""				
Zalizniak-2024-4583-597	597	2012	COLLAR	collar		"""[]"""	"""[]"""				
Zalizniak-2024-4583-598	598			*collarbone		"""[]"""	"""[]"""				
Zalizniak-2024-4583-599	599			colored leaves		"""[]"""	"""[]"""				
Zalizniak-2024-4583-600	600			*colour		"""[]"""	"""[]"""				
Zalizniak-2024-4583-601	601			columbine (Aquilegia)		"""[]"""	"""[]"""				
Zalizniak-2024-4583-602	602	1475	COMB	comb		"""[]"""	"""[]"""				
Zalizniak-2024-4583-603	603	188	COMB OF BIRD	comb (of a bird)		"""[]"""	"""[]"""				
Zalizniak-2024-4583-604	604			comet		"""[]"""	"""[]"""				
Zalizniak-2024-4583-605	605			*comet		"""[]"""	"""[]"""				
Zalizniak-2024-4583-606	606	4111	COMFORTABLE	comfortable		"""[]"""	"""[]"""				
Zalizniak-2024-4583-607	607			comma		"""[]"""	"""[]"""				
Zalizniak-2024-4583-608	608	2931	BUSINESS	commerce, business		"""[]"""	"""[]"""				
Zalizniak-2024-4583-609	609			commodity, goods		"""[]"""	"""[]"""				
Zalizniak-2024-4583-610	610			common bullfinch		"""[]"""	"""[]"""				
Zalizniak-2024-4583-611	611			common buttercup (Ranunculus acris)		"""[]"""	"""[]"""				
Zalizniak-2024-4583-612	612	1865	BUZZARD	common buzzard		"""[]"""	"""[]"""				
Zalizniak-2024-4583-613	613			common chipmunk		"""[]"""	"""[]"""				
Zalizniak-2024-4583-614	614			common chub		"""[]"""	"""[]"""				
Zalizniak-2024-4583-615	615			*common dace		"""[]"""	"""[]"""				
Zalizniak-2024-4583-616	616			common fumitory (Fumaria officinalis)		"""[]"""	"""[]"""				
Zalizniak-2024-4583-617	617			common jasmine		"""[]"""	"""[]"""				
Zalizniak-2024-4583-618	618			common melilot (Melilotus officinalis)		"""[]"""	"""[]"""				
Zalizniak-2024-4583-619	619			common minnow		"""[]"""	"""[]"""				
Zalizniak-2024-4583-620	620	1893	QUAIL	common quail		"""[]"""	"""[]"""				
Zalizniak-2024-4583-621	621			common redstart		"""[]"""	"""[]"""				
Zalizniak-2024-4583-622	622	659	REED	common reed		"""[]"""	"""[]"""				
Zalizniak-2024-4583-623	623			common roach		"""[]"""	"""[]"""				
Zalizniak-2024-4583-624	624			common starling		"""[]"""	"""[]"""				
Zalizniak-2024-4583-625	625			common vole		"""[]"""	"""[]"""				
Zalizniak-2024-4583-626	626			common, shared		"""[]"""	"""[]"""				
Zalizniak-2024-4583-627	627			common, shared by several people		"""[]"""	"""[]"""				
Zalizniak-2024-4583-628	628			*community		"""[]"""	"""[]"""				
Zalizniak-2024-4583-629	629	3978	COMPANION	companion, partner		"""[]"""	"""[]"""				
Zalizniak-2024-4583-630	630	2606	COMPASS	compass (mariners' directional tool)		"""[]"""	"""[]"""				
Zalizniak-2024-4583-631	631			competent		"""[]"""	"""[]"""				
Zalizniak-2024-4583-632	632			completion		"""[]"""	"""[]"""				
Zalizniak-2024-4583-633	633			complex, complicated		"""[]"""	"""[]"""				
Zalizniak-2024-4583-634	634			complexion		"""[]"""	"""[]"""				
Zalizniak-2024-4583-635	635			compliant, pliable		"""[]"""	"""[]"""				
Zalizniak-2024-4583-636	636			comprehensible		"""[]"""	"""[]"""				
Zalizniak-2024-4583-637	637	3086	COMPUTER	computer		"""[]"""	"""[]"""				
Zalizniak-2024-4583-638	638			computer mouse		"""[]"""	"""[]"""				
Zalizniak-2024-4583-639	639			condemned to death		"""[]"""	"""[]"""				
Zalizniak-2024-4583-640	640			condom		"""[]"""	"""[]"""				
Zalizniak-2024-4583-641	641	287	CONE	cone (fruit)		"""[]"""	"""[]"""				
Zalizniak-2024-4583-642	642			conjoined fruits		"""[]"""	"""[]"""				
Zalizniak-2024-4583-643	643			conscience, scruples		"""[]"""	"""[]"""				
Zalizniak-2024-4583-644	644			consciousness		"""[]"""	"""[]"""				
Zalizniak-2024-4583-645	645			consequence		"""[]"""	"""[]"""				
Zalizniak-2024-4583-646	646			consequently		"""[]"""	"""[]"""				
Zalizniak-2024-4583-647	647			constellation		"""[]"""	"""[]"""				
Zalizniak-2024-4583-648	648	3967	CONTENT	content		"""[]"""	"""[]"""				
Zalizniak-2024-4583-649	649			*contents		"""[]"""	"""[]"""				
Zalizniak-2024-4583-650	650			continent		"""[]"""	"""[]"""				
Zalizniak-2024-4583-651	651			contract		"""[]"""	"""[]"""				
Zalizniak-2024-4583-652	652	3169	TREATY	contract, treaty		"""[]"""	"""[]"""				
Zalizniak-2024-4583-653	653	2933	CONVERSATION	conversation		"""[]"""	"""[]"""				
Zalizniak-2024-4583-654	654			*coolness (temperature)		"""[]"""	"""[]"""				
Zalizniak-2024-4583-655	655	1825	COPPER	copper		"""[]"""	"""[]"""				
Zalizniak-2024-4583-656	656			*copy of an internet page to be used if the original is down		"""[]"""	"""[]"""				
Zalizniak-2024-4583-657	657			Coracina novaehollandiae		"""[]"""	"""[]"""				
Zalizniak-2024-4583-658	658			core (of plant)		"""[]"""	"""[]"""				
Zalizniak-2024-4583-659	659	4158	CORK	cork		"""[]"""	"""[]"""				
Zalizniak-2024-4583-660	660			corn crake		"""[]"""	"""[]"""				
Zalizniak-2024-4583-661	661			cornel		"""[]"""	"""[]"""				
Zalizniak-2024-4583-662	662	192	CORNER	corner		"""[]"""	"""[]"""				
Zalizniak-2024-4583-663	663			corner of the eye		"""[]"""	"""[]"""				
Zalizniak-2024-4583-664	664	1960	CORNFLOWER	cornflower (Centaurea)		"""[]"""	"""[]"""				
Zalizniak-2024-4583-665	665	767	CORPSE	corpse		"""[]"""	"""[]"""				
Zalizniak-2024-4583-666	666			corral, enclosure for cattle		"""[]"""	"""[]"""				
Zalizniak-2024-4583-667	667	1725	CORRECT (RIGHT)	correct (adj.)		"""[]"""	"""[]"""				
Zalizniak-2024-4583-668	668	1850	COTTON	cotton		"""[]"""	"""[]"""				
Zalizniak-2024-4583-669	669			*cotton		"""[]"""	"""[]"""				
Zalizniak-2024-4583-670	670	3442	COTTON WOOL	cotton wool		"""[]"""	"""[]"""				
Zalizniak-2024-4583-671	671	1300	COUNTRY	country, land		"""[]"""	"""[]"""				
Zalizniak-2024-4583-672	672	3200	COUNTRYSIDE	countryside		"""[]"""	"""[]"""				
Zalizniak-2024-4583-673	673	2431	REVOLUTION	coup d'état, revolution		"""[]"""	"""[]"""				
Zalizniak-2024-4583-674	674			couple		"""[]"""	"""[]"""				
Zalizniak-2024-4583-675	675	3049	COURAGE	courage		"""[]"""	"""[]"""				
Zalizniak-2024-4583-676	676			court (of a sovereign)		"""[]"""	"""[]"""				
Zalizniak-2024-4583-677	677			cousin (female, parallel)		"""[]"""	"""[]"""				
Zalizniak-2024-4583-678	678			cousin (male)		"""[]"""	"""[]"""				
Zalizniak-2024-4583-679	679			cousin (male, cross-)		"""[]"""	"""[]"""				
Zalizniak-2024-4583-680	680			cousin (male, parallel)		"""[]"""	"""[]"""				
Zalizniak-2024-4583-681	681			cover (of a book)		"""[]"""	"""[]"""				
Zalizniak-2024-4583-682	682			cover, canopy		"""[]"""	"""[]"""				
Zalizniak-2024-4583-683	683	2319	LID (COVER, CAP)	cover, lid		"""[]"""	"""[]"""				
Zalizniak-2024-4583-684	684	1007	COW	cow		"""[]"""	"""[]"""				
Zalizniak-2024-4583-685	685	1319	COWARD	coward		"""[]"""	"""[]"""				
Zalizniak-2024-4583-686	686	3663	COWRIE SHELL	cowrie		"""[]"""	"""[]"""				
Zalizniak-2024-4583-687	687	2348	CRAB	crab		"""[]"""	"""[]"""				
Zalizniak-2024-4583-688	688	2946	CRADLE	cradle		"""[]"""	"""[]"""				
Zalizniak-2024-4583-689	689			craftsman		"""[]"""	"""[]"""				
Zalizniak-2024-4583-690	690			cranberry (Oxycoccus)		"""[]"""	"""[]"""				
Zalizniak-2024-4583-691	691	1830	CRANE	crane (Grus)		"""[]"""	"""[]"""				
Zalizniak-2024-4583-692	692			craw (of bird)		"""[]"""	"""[]"""				
Zalizniak-2024-4583-693	693	467	CRAYFISH	crawfish		"""[]"""	"""[]"""				
Zalizniak-2024-4583-694	694			cream (of milk)		"""[]"""	"""[]"""				
Zalizniak-2024-4583-695	695			creditor		"""[]"""	"""[]"""				
Zalizniak-2024-4583-696	696			crescent		"""[]"""	"""[]"""				
Zalizniak-2024-4583-697	697			crested lark		"""[]"""	"""[]"""				
Zalizniak-2024-4583-698	698	2354	CRICKET	cricket (insect)		"""[]"""	"""[]"""				
Zalizniak-2024-4583-699	699	1066	CRIME	crime		"""[]"""	"""[]"""				
Zalizniak-2024-4583-700	700			criminal		"""[]"""	"""[]"""				
Zalizniak-2024-4583-701	701	1857	CROCODILE	crocodile		"""[]"""	"""[]"""				
Zalizniak-2024-4583-702	702			crook, hooked stick		"""[]"""	"""[]"""				
Zalizniak-2024-4583-703	703	297	CROOKED	crooked		"""[]"""	"""[]"""				
Zalizniak-2024-4583-704	704	1367	CROSS	cross (n.)		"""[]"""	"""[]"""				
Zalizniak-2024-4583-705	705			crossbill (Loxia)		"""[]"""	"""[]"""				
Zalizniak-2024-4583-706	706			crossroads		"""[]"""	"""[]"""				
Zalizniak-2024-4583-707	707			*crossroads		"""[]"""	"""[]"""				
Zalizniak-2024-4583-708	708			croup (illness)		"""[]"""	"""[]"""				
Zalizniak-2024-4583-709	709	913	CROW	crow		"""[]"""	"""[]"""				
Zalizniak-2024-4583-710	710	2023	CROWD	crowd (of people)		"""[]"""	"""[]"""				
Zalizniak-2024-4583-711	711	1943	CROWN (OF HEAD)	crown (n.)		"""[]"""	"""[]"""				
Zalizniak-2024-4583-712	712	2784	CRUCIAN CARP	crucian		"""[]"""	"""[]"""				
Zalizniak-2024-4583-713	713	500	CRUEL	cruel		"""[]"""	"""[]"""				
Zalizniak-2024-4583-714	714	4039	CRYSTAL	crystal		"""[]"""	"""[]"""				
Zalizniak-2024-4583-715	715			cuckold		"""[]"""	"""[]"""				
Zalizniak-2024-4583-716	716	2934	CUCKOO	cuckoo		"""[]"""	"""[]"""				
Zalizniak-2024-4583-717	717	496	CUCUMBER	cucumber		"""[]"""	"""[]"""				
Zalizniak-2024-4583-718	718			cultivated (of person)		"""[]"""	"""[]"""				
Zalizniak-2024-4583-719	719	2079	CUNNING PERSON	cunning person		"""[]"""	"""[]"""				
Zalizniak-2024-4583-720	720	2335	CUNNING	cunning, sly		"""[]"""	"""[]"""				
Zalizniak-2024-4583-721	721	476	CUP	cup		"""[]"""	"""[]"""				
Zalizniak-2024-4583-722	722	3357	CUPBOARD	cupboard, closet		"""[]"""	"""[]"""				
Zalizniak-2024-4583-723	723			cupola, dome		"""[]"""	"""[]"""				
Zalizniak-2024-4583-724	724			curly-headed		"""[]"""	"""[]"""				
Zalizniak-2024-4583-725	725	1988	RIBES	currant-bush		"""[]"""	"""[]"""				
Zalizniak-2024-4583-726	726	2935	CURRENT (STREAM)	current, flow, stream		"""[]"""	"""[]"""				
Zalizniak-2024-4583-727	727	2621	CURTAIN	curtain		"""[]"""	"""[]"""				
Zalizniak-2024-4583-728	728			curve, turn (of road)		"""[]"""	"""[]"""				
Zalizniak-2024-4583-729	729	1698	CURVED	curved		"""[]"""	"""[]"""				
Zalizniak-2024-4583-730	730	1747	CUSTOM	custom, habit		"""[]"""	"""[]"""				
Zalizniak-2024-4583-731	731	2814	CUTTLEFISH	cuttlefish		"""[]"""	"""[]"""				
Zalizniak-2024-4583-732	732	3243	CYPRESS	cypress		"""[]"""	"""[]"""				
Zalizniak-2024-4583-733	733	1986	DISEASE	disease		"""[]"""	"""[]"""				
Zalizniak-2024-4583-734	734	481	DISH	dish		"""[]"""	"""[]"""				
Zalizniak-2024-4583-735	735			dairy		"""[]"""	"""[]"""				
Zalizniak-2024-4583-736	736			daisy (Bellis)		"""[]"""	"""[]"""				
Zalizniak-2024-4583-737	737	3472	DANCE (MOVEMENT)	dance (n.)		"""[]"""	"""[]"""				
Zalizniak-2024-4583-738	738	1800	DANDELION	dandelion		"""[]"""	"""[]"""				
Zalizniak-2024-4583-739	739	576	DANDRUFF	dandruff		"""[]"""	"""[]"""				
Zalizniak-2024-4583-740	740	1810	DANGER	danger		"""[]"""	"""[]"""				
Zalizniak-2024-4583-741	741	3466	DANGEROUS	dangerous		"""[]"""	"""[]"""				
Zalizniak-2024-4583-742	742	706	DARK	dark (adj.)		"""[]"""	"""[]"""				
Zalizniak-2024-4583-743	743			dark blue		"""[]"""	"""[]"""				
Zalizniak-2024-4583-744	744			dark-skinned		"""[]"""	"""[]"""				
Zalizniak-2024-4583-745	745			date		"""[]"""	"""[]"""				
Zalizniak-2024-4583-746	746			date (Phoenix dactylifera)		"""[]"""	"""[]"""				
Zalizniak-2024-4583-747	747	1357	DAUGHTER	daughter		"""[]"""	"""[]"""				
Zalizniak-2024-4583-748	748	1056	SON-IN-LAW	daughter's husband		"""[]"""	"""[]"""				
Zalizniak-2024-4583-749	749	1057	DAUGHTER-IN-LAW	daughter-in-law		"""[]"""	"""[]"""				
Zalizniak-2024-4583-750	750	729	DAWN	dawn		"""[]"""	"""[]"""				
Zalizniak-2024-4583-751	751	1225	DAY (NOT NIGHT)	day		"""[]"""	"""[]"""				
Zalizniak-2024-4583-752	752			*day after rest		"""[]"""	"""[]"""				
Zalizniak-2024-4583-753	753			daydream (n.)		"""[]"""	"""[]"""				
Zalizniak-2024-4583-754	754	1625	DEAD	dead (adj.)		"""[]"""	"""[]"""				
Zalizniak-2024-4583-755	755			deadlock		"""[]"""	"""[]"""				
Zalizniak-2024-4583-756	756	996	DEAF	deaf		"""[]"""	"""[]"""				
Zalizniak-2024-4583-757	757			*dear, darling		"""[]"""	"""[]"""				
Zalizniak-2024-4583-758	758	910	DEATH	death		"""[]"""	"""[]"""				
Zalizniak-2024-4583-759	759	1914	DEBT	debt		"""[]"""	"""[]"""				
Zalizniak-2024-4583-760	760			deceased		"""[]"""	"""[]"""				
Zalizniak-2024-4583-761	761	2855	DECEMBER	December		"""[]"""	"""[]"""				
Zalizniak-2024-4583-762	762	13	DECEIT	deception		"""[]"""	"""[]"""				
Zalizniak-2024-4583-763	763			deck (of a ship)		"""[]"""	"""[]"""				
Zalizniak-2024-4583-764	764	1593	DEEP	deep		"""[]"""	"""[]"""				
Zalizniak-2024-4583-765	765	1936	DEER	deer		"""[]"""	"""[]"""				
Zalizniak-2024-4583-766	766	1995	DEFECT	defect		"""[]"""	"""[]"""				
Zalizniak-2024-4583-767	767			defender		"""[]"""	"""[]"""				
Zalizniak-2024-4583-768	768	509	CERTAIN	definite, certain		"""[]"""	"""[]"""				
Zalizniak-2024-4583-769	769			definition		"""[]"""	"""[]"""				
Zalizniak-2024-4583-770	770			degree (unit of measurement)		"""[]"""	"""[]"""				
Zalizniak-2024-4583-771	771			delicate, subtle (person, question etc.)		"""[]"""	"""[]"""				
Zalizniak-2024-4583-772	772			den (of thieves etc.)		"""[]"""	"""[]"""				
Zalizniak-2024-4583-773	773			dense (forest)		"""[]"""	"""[]"""				
Zalizniak-2024-4583-774	774	2239	DENSE	dense, thick (liquid)		"""[]"""	"""[]"""				
Zalizniak-2024-4583-775	775			dependant		"""[]"""	"""[]"""				
Zalizniak-2024-4583-776	776	2329	LACK (NOT HAVE)	deprived of, lacking		"""[]"""	"""[]"""				
Zalizniak-2024-4583-777	777	490	DESCENDANTS	descendant		"""[]"""	"""[]"""				
Zalizniak-2024-4583-778	778	3687	DESERT	desert (n.)		"""[]"""	"""[]"""				
Zalizniak-2024-4583-779	779			destiny		"""[]"""	"""[]"""				
Zalizniak-2024-4583-780	780			detailed, thorough		"""[]"""	"""[]"""				
Zalizniak-2024-4583-781	781			*detective		"""[]"""	"""[]"""				
Zalizniak-2024-4583-782	782	3917	DEVIL	devil, satan		"""[]"""	"""[]"""				
Zalizniak-2024-4583-783	783	1977	DEW	dew		"""[]"""	"""[]"""				
Zalizniak-2024-4583-784	784			*dew		"""[]"""	"""[]"""				
Zalizniak-2024-4583-785	785			diabetes		"""[]"""	"""[]"""				
Zalizniak-2024-4583-786	786	2815	DIALECT	dialect		"""[]"""	"""[]"""				
Zalizniak-2024-4583-787	787			*dialect		"""[]"""	"""[]"""				
Zalizniak-2024-4583-788	788	3878	DIAMOND	diamond		"""[]"""	"""[]"""				
Zalizniak-2024-4583-789	789			diamonds (in cards)		"""[]"""	"""[]"""				
Zalizniak-2024-4583-790	790			diaphragm		"""[]"""	"""[]"""				
Zalizniak-2024-4583-791	791			dictionary		"""[]"""	"""[]"""				
Zalizniak-2024-4583-792	792	2504	DIFFERENT	different		"""[]"""	"""[]"""				
Zalizniak-2024-4583-793	793	584	DIFFICULT	difficult		"""[]"""	"""[]"""				
Zalizniak-2024-4583-794	794	1356	NUMBER	digit (mathematics)		"""[]"""	"""[]"""				
Zalizniak-2024-4583-795	795			dimple		"""[]"""	"""[]"""				
Zalizniak-2024-4583-796	796	1302	FORK	dinner fork		"""[]"""	"""[]"""				
Zalizniak-2024-4583-797	797	1833	DINNER (SUPPER)	dinner, evening meal		"""[]"""	"""[]"""				
Zalizniak-2024-4583-798	798	3427	DIRECTION	direction		"""[]"""	"""[]"""				
Zalizniak-2024-4583-799	799			*directly		"""[]"""	"""[]"""				
Zalizniak-2024-4583-800	800	1230	DIRTY	dirty		"""[]"""	"""[]"""				
Zalizniak-2024-4583-801	801			disc		"""[]"""	"""[]"""				
Zalizniak-2024-4583-802	802			*disease		"""[]"""	"""[]"""				
Zalizniak-2024-4583-803	803			disgrace		"""[]"""	"""[]"""				
Zalizniak-2024-4583-804	804	2507	DISGUSTING	disgusting		"""[]"""	"""[]"""				
Zalizniak-2024-4583-805	805			dishonest		"""[]"""	"""[]"""				
Zalizniak-2024-4583-806	806	1083	MESS	disorder, mess		"""[]"""	"""[]"""				
Zalizniak-2024-4583-807	807	3956	DISPUTE	dispute, discussion		"""[]"""	"""[]"""				
Zalizniak-2024-4583-808	808			*dissimilar, distinct		"""[]"""	"""[]"""				
Zalizniak-2024-4583-809	809			dissolute		"""[]"""	"""[]"""				
Zalizniak-2024-4583-810	810	2978	DISTANCE	distance		"""[]"""	"""[]"""				
Zalizniak-2024-4583-811	811			distilled alcohol		"""[]"""	"""[]"""				
Zalizniak-2024-4583-812	812			distressing event		"""[]"""	"""[]"""				
Zalizniak-2024-4583-813	813			diver		"""[]"""	"""[]"""				
Zalizniak-2024-4583-814	814			do not see		"""[]"""	"""[]"""				
Zalizniak-2024-4583-815	815			dock-tailed, tailless		"""[]"""	"""[]"""				
Zalizniak-2024-4583-816	816	597	PHYSICIAN	doctor, physician		"""[]"""	"""[]"""				
Zalizniak-2024-4583-817	817			document (n.)		"""[]"""	"""[]"""				
Zalizniak-2024-4583-818	818	2009	DOG	dog		"""[]"""	"""[]"""				
Zalizniak-2024-4583-819	819	527	DOG-ROSE	dog-rose		"""[]"""	"""[]"""				
Zalizniak-2024-4583-820	820	1659	DOLL	doll		"""[]"""	"""[]"""				
Zalizniak-2024-4583-821	821	1479	DOLPHIN	dolphin		"""[]"""	"""[]"""				
Zalizniak-2024-4583-822	822			domestic (animal)		"""[]"""	"""[]"""				
Zalizniak-2024-4583-823	823	1862	DONKEY	donkey		"""[]"""	"""[]"""				
Zalizniak-2024-4583-824	824			donut		"""[]"""	"""[]"""				
Zalizniak-2024-4583-825	825			doomsday		"""[]"""	"""[]"""				
Zalizniak-2024-4583-826	826	1567	DOOR	door		"""[]"""	"""[]"""				
Zalizniak-2024-4583-827	827	1012	LATCH	door bolt		"""[]"""	"""[]"""				
Zalizniak-2024-4583-828	828	80	DOORPOST	doorpost		"""[]"""	"""[]"""				
Zalizniak-2024-4583-829	829			dormouse		"""[]"""	"""[]"""				
Zalizniak-2024-4583-830	830	273	DOUGH	dough		"""[]"""	"""[]"""				
Zalizniak-2024-4583-831	831			downriver		"""[]"""	"""[]"""				
Zalizniak-2024-4583-832	832			*downstream		"""[]"""	"""[]"""				
Zalizniak-2024-4583-833	833			downy birch		"""[]"""	"""[]"""				
Zalizniak-2024-4583-834	834	3168	DOWRY	dowry		"""[]"""	"""[]"""				
Zalizniak-2024-4583-835	835	2038	DRAGON	dragon		"""[]"""	"""[]"""				
Zalizniak-2024-4583-836	836	2352	DRAGONFLY	dragonfly		"""[]"""	"""[]"""				
Zalizniak-2024-4583-837	837			drama (theatre)		"""[]"""	"""[]"""				
Zalizniak-2024-4583-838	838			draught animal		"""[]"""	"""[]"""				
Zalizniak-2024-4583-839	839	2374	DREAM	dream (during sleep)		"""[]"""	"""[]"""				
Zalizniak-2024-4583-840	840	474	DRESS	dress (feminine)		"""[]"""	"""[]"""				
Zalizniak-2024-4583-841	841			*drinking vessel		"""[]"""	"""[]"""				
Zalizniak-2024-4583-842	842			driver (of a motorized vehicle)		"""[]"""	"""[]"""				
Zalizniak-2024-4583-843	843			driver's seat		"""[]"""	"""[]"""				
Zalizniak-2024-4583-844	844			drone		"""[]"""	"""[]"""				
Zalizniak-2024-4583-845	845	3748	DROP (OF A LIQUID)	drop (n.)		"""[]"""	"""[]"""				
Zalizniak-2024-4583-846	846	1372	MEDICINE	drug, medicine		"""[]"""	"""[]"""				
Zalizniak-2024-4583-847	847	908	DRUM	drum		"""[]"""	"""[]"""				
Zalizniak-2024-4583-848	848	1463	DRUNK	drunk		"""[]"""	"""[]"""				
Zalizniak-2024-4583-849	849			drunkard		"""[]"""	"""[]"""				
Zalizniak-2024-4583-850	850	1398	DRY	dry		"""[]"""	"""[]"""				
Zalizniak-2024-4583-851	851			*dry		"""[]"""	"""[]"""				
Zalizniak-2024-4583-852	852			dry (wine)		"""[]"""	"""[]"""				
Zalizniak-2024-4583-853	853			dry sandy soil		"""[]"""	"""[]"""				
Zalizniak-2024-4583-854	854	452	DRY SEASON	dry season		"""[]"""	"""[]"""				
Zalizniak-2024-4583-855	855	1360	DUCK	duck		"""[]"""	"""[]"""				
Zalizniak-2024-4583-856	856			duckweed		"""[]"""	"""[]"""				
Zalizniak-2024-4583-857	857			*duffer		"""[]"""	"""[]"""				
Zalizniak-2024-4583-858	858			dump		"""[]"""	"""[]"""				
Zalizniak-2024-4583-859	859			dumpling		"""[]"""	"""[]"""				
Zalizniak-2024-4583-860	860	2057	DUNG (ANIMAL FAECES)	dung		"""[]"""	"""[]"""				
Zalizniak-2024-4583-861	861			dung-beetle		"""[]"""	"""[]"""				
Zalizniak-2024-4583-862	862	2	DUST	dust		"""[]"""	"""[]"""				
Zalizniak-2024-4583-863	863			*dust		"""[]"""	"""[]"""				
Zalizniak-2024-4583-864	864	3471	OBLIGATION (DUTY)	duty, responsibility		"""[]"""	"""[]"""				
Zalizniak-2024-4583-865	865			dwarf		"""[]"""	"""[]"""				
Zalizniak-2024-4583-866	866			dyer's greenweed (Genista tinctoria)		"""[]"""	"""[]"""				
Zalizniak-2024-4583-867	867			dysentery		"""[]"""	"""[]"""				
Zalizniak-2024-4583-868	868			ethnic group		"""[]"""	"""[]"""				
Zalizniak-2024-4583-869	869			exclamation of surprise, pain or sorrow		"""[]"""	"""[]"""				
Zalizniak-2024-4583-870	870			expletive		"""[]"""	"""[]"""				
Zalizniak-2024-4583-871	871			expression of anger		"""[]"""	"""[]"""				
Zalizniak-2024-4583-872	872	1905	EAGLE	eagle		"""[]"""	"""[]"""				
Zalizniak-2024-4583-873	873			eagle-owl (Bubo bubo)		"""[]"""	"""[]"""				
Zalizniak-2024-4583-874	874	1247	EAR	ear		"""[]"""	"""[]"""				
Zalizniak-2024-4583-875	875	1249	SPIKE	ear, spike (of a grain plant)		"""[]"""	"""[]"""				
Zalizniak-2024-4583-876	876			earlier		"""[]"""	"""[]"""				
Zalizniak-2024-4583-877	877	672	EARLY	early		"""[]"""	"""[]"""				
Zalizniak-2024-4583-878	878			earnest, serious		"""[]"""	"""[]"""				
Zalizniak-2024-4583-879	879	770	EARRING	earring		"""[]"""	"""[]"""				
Zalizniak-2024-4583-880	880			earth		"""[]"""	"""[]"""				
Zalizniak-2024-4583-881	881			earth oven		"""[]"""	"""[]"""				
Zalizniak-2024-4583-882	882	1228	EARTH (SOIL)	earth, soil		"""[]"""	"""[]"""				
Zalizniak-2024-4583-883	883	2350	EARTHWORM	earthworm		"""[]"""	"""[]"""				
Zalizniak-2024-4583-884	884	1877	EAST	East		"""[]"""	"""[]"""				
Zalizniak-2024-4583-885	885			*East		"""[]"""	"""[]"""				
Zalizniak-2024-4583-886	886			Easter		"""[]"""	"""[]"""				
Zalizniak-2024-4583-887	887			eater		"""[]"""	"""[]"""				
Zalizniak-2024-4583-888	888			eaves		"""[]"""	"""[]"""				
Zalizniak-2024-4583-889	889	2816	ECHO	echo		"""[]"""	"""[]"""				
Zalizniak-2024-4583-890	890	2285	ECLIPSE	eclipse		"""[]"""	"""[]"""				
Zalizniak-2024-4583-891	891			edge (of an instrument)		"""[]"""	"""[]"""				
Zalizniak-2024-4583-892	892	863	EDGE	edge, border		"""[]"""	"""[]"""				
Zalizniak-2024-4583-893	893	1013	FRESHWATER EEL	eel (Anguilla anguilla)		"""[]"""	"""[]"""				
Zalizniak-2024-4583-894	894			effeminate		"""[]"""	"""[]"""				
Zalizniak-2024-4583-895	895	744	EGG	egg		"""[]"""	"""[]"""				
Zalizniak-2024-4583-896	896	1146	AUBERGINE	eggplant (Solanum melongena)		"""[]"""	"""[]"""				
Zalizniak-2024-4583-897	897			Egyptian vulture		"""[]"""	"""[]"""				
Zalizniak-2024-4583-898	898	1705	EIGHT	eight		"""[]"""	"""[]"""				
Zalizniak-2024-4583-899	899	981	ELBOW	elbow		"""[]"""	"""[]"""				
Zalizniak-2024-4583-900	900			elbow piece (tube)		"""[]"""	"""[]"""				
Zalizniak-2024-4583-901	901			elder		"""[]"""	"""[]"""				
Zalizniak-2024-4583-902	902			elder (Sambucus)		"""[]"""	"""[]"""				
Zalizniak-2024-4583-903	903	1759	OLDER BROTHER	elder brother		"""[]"""	"""[]"""				
Zalizniak-2024-4583-904	904	2695	SISTER-IN-LAW (OLDER BROTHER'S WIFE)	elder brother's wife		"""[]"""	"""[]"""				
Zalizniak-2024-4583-905	905	1758	OLDER SISTER	elder sister		"""[]"""	"""[]"""				
Zalizniak-2024-4583-906	906	625	LAMP	electric lamp		"""[]"""	"""[]"""				
Zalizniak-2024-4583-907	907			electrical fan		"""[]"""	"""[]"""				
Zalizniak-2024-4583-908	908	59	ELECTRICITY	electricity		"""[]"""	"""[]"""				
Zalizniak-2024-4583-909	909	1290	ELEPHANT	elephant		"""[]"""	"""[]"""				
Zalizniak-2024-4583-910	910	1706	ELEVEN	eleven		"""[]"""	"""[]"""				
Zalizniak-2024-4583-911	911	3317	ELM	elm		"""[]"""	"""[]"""				
Zalizniak-2024-4583-912	912			elongated object		"""[]"""	"""[]"""				
Zalizniak-2024-4583-913	913	67	EMBERS	ember		"""[]"""	"""[]"""				
Zalizniak-2024-4583-914	914			embroidery on the hem		"""[]"""	"""[]"""				
Zalizniak-2024-4583-915	915			eminent man		"""[]"""	"""[]"""				
Zalizniak-2024-4583-916	916			emotionless		"""[]"""	"""[]"""				
Zalizniak-2024-4583-917	917	1624	EMPTY	empty		"""[]"""	"""[]"""				
Zalizniak-2024-4583-918	918	2817	EMU	Emu (Dromaius novaehollandiae)		"""[]"""	"""[]"""				
Zalizniak-2024-4583-919	919	742	END (OF SPACE)	end		"""[]"""	"""[]"""				
Zalizniak-2024-4583-920	920			ending (in grammar)		"""[]"""	"""[]"""				
Zalizniak-2024-4583-921	921			endless, infinite		"""[]"""	"""[]"""				
Zalizniak-2024-4583-922	922	1358	ENEMY	enemy		"""[]"""	"""[]"""				
Zalizniak-2024-4583-923	923			*engaged, bridegroom		"""[]"""	"""[]"""				
Zalizniak-2024-4583-924	924			Englishman		"""[]"""	"""[]"""				
Zalizniak-2024-4583-925	925	1881	ENOUGH	enough		"""[]"""	"""[]"""				
Zalizniak-2024-4583-926	926			entada (plant)		"""[]"""	"""[]"""				
Zalizniak-2024-4583-927	927			enthusiastic person		"""[]"""	"""[]"""				
Zalizniak-2024-4583-928	928	2277	WHOLE	entire		"""[]"""	"""[]"""				
Zalizniak-2024-4583-929	929			entirely		"""[]"""	"""[]"""				
Zalizniak-2024-4583-930	930			envious		"""[]"""	"""[]"""				
Zalizniak-2024-4583-931	931			epidemic		"""[]"""	"""[]"""				
Zalizniak-2024-4583-932	932	1570	EQUAL	equal		"""[]"""	"""[]"""				
Zalizniak-2024-4583-933	933			ermine; stoat (Mustela erminea)		"""[]"""	"""[]"""				
Zalizniak-2024-4583-934	934	1293	MISTAKE	error		"""[]"""	"""[]"""				
Zalizniak-2024-4583-935	935			erysipelas		"""[]"""	"""[]"""				
Zalizniak-2024-4583-936	936			essay (in school)		"""[]"""	"""[]"""				
Zalizniak-2024-4583-937	937			essence		"""[]"""	"""[]"""				
Zalizniak-2024-4583-938	938			eternal		"""[]"""	"""[]"""				
Zalizniak-2024-4583-939	939			eternity		"""[]"""	"""[]"""				
Zalizniak-2024-4583-940	940			*ethnic group		"""[]"""	"""[]"""				
Zalizniak-2024-4583-941	941			eunuch		"""[]"""	"""[]"""				
Zalizniak-2024-4583-942	942			Eurasian hoopoe		"""[]"""	"""[]"""				
Zalizniak-2024-4583-943	943			Eurasian nuthatch		"""[]"""	"""[]"""				
Zalizniak-2024-4583-944	944			Eurasian scops owl		"""[]"""	"""[]"""				
Zalizniak-2024-4583-945	945			Eurasian skylark		"""[]"""	"""[]"""				
Zalizniak-2024-4583-946	946			Eurasian woodcock		"""[]"""	"""[]"""				
Zalizniak-2024-4583-947	947			Eurasian wryneck		"""[]"""	"""[]"""				
Zalizniak-2024-4583-948	948			Europe		"""[]"""	"""[]"""				
Zalizniak-2024-4583-949	949			*European blueberry		"""[]"""	"""[]"""				
Zalizniak-2024-4583-950	950	2444	KINGFISHER	european kingfisher (Alcedo atthis)		"""[]"""	"""[]"""				
Zalizniak-2024-4583-951	951	2402	ROBIN	European robin		"""[]"""	"""[]"""				
Zalizniak-2024-4583-952	952			European whitefish		"""[]"""	"""[]"""				
Zalizniak-2024-4583-953	953	1629	EVENING	evening		"""[]"""	"""[]"""				
Zalizniak-2024-4583-954	954			event, occurrence		"""[]"""	"""[]"""				
Zalizniak-2024-4583-955	955			evident		"""[]"""	"""[]"""				
Zalizniak-2024-4583-956	956	45	EVIL	evil (adj.)		"""[]"""	"""[]"""				
Zalizniak-2024-4583-957	957			evil eye		"""[]"""	"""[]"""				
Zalizniak-2024-4583-958	958			evil spirit		"""[]"""	"""[]"""				
Zalizniak-2024-4583-959	959			*evil spirit		"""[]"""	"""[]"""				
Zalizniak-2024-4583-960	960	1466	EXACT	exact		"""[]"""	"""[]"""				
Zalizniak-2024-4583-961	961			exactly		"""[]"""	"""[]"""				
Zalizniak-2024-4583-962	962			excellent		"""[]"""	"""[]"""				
Zalizniak-2024-4583-963	963			exceptional		"""[]"""	"""[]"""				
Zalizniak-2024-4583-964	964			excessive, extra		"""[]"""	"""[]"""				
Zalizniak-2024-4583-965	965	2509	EXCHANGE	exchange		"""[]"""	"""[]"""				
Zalizniak-2024-4583-966	966			executioner		"""[]"""	"""[]"""				
Zalizniak-2024-4583-967	967	1426	EXPENSIVE	expensive		"""[]"""	"""[]"""				
Zalizniak-2024-4583-968	968			experience of great suffering		"""[]"""	"""[]"""				
Zalizniak-2024-4583-969	969	2218	EXPERIENCED	experienced		"""[]"""	"""[]"""				
Zalizniak-2024-4583-970	970			extinct		"""[]"""	"""[]"""				
Zalizniak-2024-4583-971	971			extortioner		"""[]"""	"""[]"""				
Zalizniak-2024-4583-972	972	1248	EYE	eye		"""[]"""	"""[]"""				
Zalizniak-2024-4583-973	973			eye (of potato)		"""[]"""	"""[]"""				
Zalizniak-2024-4583-974	974			eye of a needle		"""[]"""	"""[]"""				
Zalizniak-2024-4583-975	975			eye of typhoon		"""[]"""	"""[]"""				
Zalizniak-2024-4583-976	976			eye socket		"""[]"""	"""[]"""				
Zalizniak-2024-4583-977	977	3807	EYEBALL	eyeball		"""[]"""	"""[]"""				
Zalizniak-2024-4583-978	978			eyebright (Euphrasia officinalis)		"""[]"""	"""[]"""				
Zalizniak-2024-4583-979	979	1173	EYEBROW	eyebrow		"""[]"""	"""[]"""				
Zalizniak-2024-4583-980	980	1540	EYELASH	eyelash		"""[]"""	"""[]"""				
Zalizniak-2024-4583-981	981	17	EYELID	eyelid		"""[]"""	"""[]"""				
Zalizniak-2024-4583-982	982			(fishing) sinker		"""[]"""	"""[]"""				
Zalizniak-2024-4583-983	983	3923	FEMALE ANIMAL	female animal		"""[]"""	"""[]"""				
Zalizniak-2024-4583-984	984	227	FISH	fish		"""[]"""	"""[]"""				
Zalizniak-2024-4583-985	985	1381	SHOE	foot-wear		"""[]"""	"""[]"""				
Zalizniak-2024-4583-986	986			foreign country		"""[]"""	"""[]"""				
Zalizniak-2024-4583-987	987	791	STRANGER	foreigner		"""[]"""	"""[]"""				
Zalizniak-2024-4583-988	988	1507	FRUIT	fruit		"""[]"""	"""[]"""				
Zalizniak-2024-4583-989	989			furniture		"""[]"""	"""[]"""				
Zalizniak-2024-4583-990	990			fable		"""[]"""	"""[]"""				
Zalizniak-2024-4583-991	991	1560	FACE	face		"""[]"""	"""[]"""				
Zalizniak-2024-4583-992	992	675	FAECES (EXCREMENT)	faeces		"""[]"""	"""[]"""				
Zalizniak-2024-4583-993	993	2937	FAIRY TALE	fairy tale		"""[]"""	"""[]"""				
Zalizniak-2024-4583-994	994			faith		"""[]"""	"""[]"""				
Zalizniak-2024-4583-995	995	3258	FALCON	falcon		"""[]"""	"""[]"""				
Zalizniak-2024-4583-996	996			fallen woman		"""[]"""	"""[]"""				
Zalizniak-2024-4583-997	997			fallow		"""[]"""	"""[]"""				
Zalizniak-2024-4583-998	998			fallow deer		"""[]"""	"""[]"""				
Zalizniak-2024-4583-999	999	1390	WRONG	false, wrong		"""[]"""	"""[]"""				
Zalizniak-2024-4583-1000	1000	3069	FALSE	falsified, fake		"""[]"""	"""[]"""				
Zalizniak-2024-4583-1001	1001	865	FAME	fame		"""[]"""	"""[]"""				
Zalizniak-2024-4583-1002	1002	194	FAMILY	family		"""[]"""	"""[]"""				
Zalizniak-2024-4583-1003	1003			*family		"""[]"""	"""[]"""				
Zalizniak-2024-4583-1004	1004			famous		"""[]"""	"""[]"""				
Zalizniak-2024-4583-1005	1005	1971	FAN (OBJECT)	fan (hand-held)		"""[]"""	"""[]"""				
Zalizniak-2024-4583-1006	1006			fan (sport)		"""[]"""	"""[]"""				
Zalizniak-2024-4583-1007	1007			fan palm (Pritchardia pacifica)		"""[]"""	"""[]"""				
Zalizniak-2024-4583-1008	1008			fanatic		"""[]"""	"""[]"""				
Zalizniak-2024-4583-1009	1009			fang		"""[]"""	"""[]"""				
Zalizniak-2024-4583-1010	1010	1406	FAR	far away		"""[]"""	"""[]"""				
Zalizniak-2024-4583-1011	1011			farm laborer		"""[]"""	"""[]"""				
Zalizniak-2024-4583-1012	1012	979	FARMER	farmer		"""[]"""	"""[]"""				
Zalizniak-2024-4583-1013	1013			fascicle (cluster of flowers or berries)		"""[]"""	"""[]"""				
Zalizniak-2024-4583-1014	1014			fast (n.)		"""[]"""	"""[]"""				
Zalizniak-2024-4583-1015	1015	2449	FAT (OF MEAT AND FOOD)	fat (adj.) (of food)		"""[]"""	"""[]"""				
Zalizniak-2024-4583-1016	1016	1279	FAT (OBESE)	fat (adj.)(of a person)		"""[]"""	"""[]"""				
Zalizniak-2024-4583-1017	1017	323	FAT (ORGANIC SUBSTANCE)	fat (n.)		"""[]"""	"""[]"""				
Zalizniak-2024-4583-1018	1018			Fat Tuesday		"""[]"""	"""[]"""				
Zalizniak-2024-4583-1019	1019	1217	FATHER	father		"""[]"""	"""[]"""				
Zalizniak-2024-4583-1020	1020	1985	PATERNAL UNCLE (FATHER'S BROTHER)	father's brother		"""[]"""	"""[]"""				
Zalizniak-2024-4583-1021	1021	1055	FATHER-IN-LAW	father-in-law		"""[]"""	"""[]"""				
Zalizniak-2024-4583-1022	1022			fatless		"""[]"""	"""[]"""				
Zalizniak-2024-4583-1023	1023			*favourite		"""[]"""	"""[]"""				
Zalizniak-2024-4583-1024	1024	528	DREADFUL	fearful, dreadful		"""[]"""	"""[]"""				
Zalizniak-2024-4583-1025	1025	131	FESTIVAL	feast		"""[]"""	"""[]"""				
Zalizniak-2024-4583-1026	1026			feast (at a table)		"""[]"""	"""[]"""				
Zalizniak-2024-4583-1027	1027	1201	FEATHER	feather		"""[]"""	"""[]"""				
Zalizniak-2024-4583-1028	1028			feathering		"""[]"""	"""[]"""				
Zalizniak-2024-4583-1029	1029	2037	FEBRUARY	February		"""[]"""	"""[]"""				
Zalizniak-2024-4583-1030	1030			fellow traveller		"""[]"""	"""[]"""				
Zalizniak-2024-4583-1031	1031			female ascetic		"""[]"""	"""[]"""				
Zalizniak-2024-4583-1032	1032			*female breast		"""[]"""	"""[]"""				
Zalizniak-2024-4583-1033	1033			female calf		"""[]"""	"""[]"""				
Zalizniak-2024-4583-1034	1034			female maral		"""[]"""	"""[]"""				
Zalizniak-2024-4583-1035	1035			female servant, maid		"""[]"""	"""[]"""				
Zalizniak-2024-4583-1036	1036	1690	FENCE	fence		"""[]"""	"""[]"""				
Zalizniak-2024-4583-1037	1037			fenugreek		"""[]"""	"""[]"""				
Zalizniak-2024-4583-1038	1038			ferment, leaven		"""[]"""	"""[]"""				
Zalizniak-2024-4583-1039	1039	3802	FERN	fern		"""[]"""	"""[]"""				
Zalizniak-2024-4583-1040	1040			fertile (soil)		"""[]"""	"""[]"""				
Zalizniak-2024-4583-1041	1041			fetlock		"""[]"""	"""[]"""				
Zalizniak-2024-4583-1042	1042			fetters		"""[]"""	"""[]"""				
Zalizniak-2024-4583-1043	1043			fetus		"""[]"""	"""[]"""				
Zalizniak-2024-4583-1044	1044	1534	FEVER	fever		"""[]"""	"""[]"""				
Zalizniak-2024-4583-1045	1045	1242	FEW	few, little		"""[]"""	"""[]"""				
Zalizniak-2024-4583-1046	1046			fibres prepared for spinning		"""[]"""	"""[]"""				
Zalizniak-2024-4583-1047	1047			fibula (anat.)		"""[]"""	"""[]"""				
Zalizniak-2024-4583-1048	1048	212	FIELD	field		"""[]"""	"""[]"""				
Zalizniak-2024-4583-1049	1049			field bindweed		"""[]"""	"""[]"""				
Zalizniak-2024-4583-1050	1050			field sowthistle		"""[]"""	"""[]"""				
Zalizniak-2024-4583-1051	1051			fieldfare		"""[]"""	"""[]"""				
Zalizniak-2024-4583-1052	1052			fifth		"""[]"""	"""[]"""				
Zalizniak-2024-4583-1053	1053	322	FIG	fig		"""[]"""	"""[]"""				
Zalizniak-2024-4583-1054	1054			fighter plane		"""[]"""	"""[]"""				
Zalizniak-2024-4583-1055	1055			figuratively		"""[]"""	"""[]"""				
Zalizniak-2024-4583-1056	1056	1945	IDOL	figure, stature		"""[]"""	"""[]"""				
Zalizniak-2024-4583-1057	1057	216	MOVIE	film, movie		"""[]"""	"""[]"""				
Zalizniak-2024-4583-1058	1058	213	FIN	fin		"""[]"""	"""[]"""				
Zalizniak-2024-4583-1059	1059	218	FINE (PENALTY)	fine (fee as a punishment)		"""[]"""	"""[]"""				
Zalizniak-2024-4583-1060	1060	2157	FINE OR THIN	fine, powder-like		"""[]"""	"""[]"""				
Zalizniak-2024-4583-1061	1061	1374	RING	finger-ring		"""[]"""	"""[]"""				
Zalizniak-2024-4583-1062	1062	2120	FINGER OR TOE	finger/toe		"""[]"""	"""[]"""				
Zalizniak-2024-4583-1063	1063	221	FIRE	fire		"""[]"""	"""[]"""				
Zalizniak-2024-4583-1064	1064			fire (accident)		"""[]"""	"""[]"""				
Zalizniak-2024-4583-1065	1065			fire striker		"""[]"""	"""[]"""				
Zalizniak-2024-4583-1066	1066			fire-arms		"""[]"""	"""[]"""				
Zalizniak-2024-4583-1067	1067			firearm		"""[]"""	"""[]"""				
Zalizniak-2024-4583-1068	1068			firebug, Pyrrhocoris apterus		"""[]"""	"""[]"""				
Zalizniak-2024-4583-1069	1069	206	FIREFLY	firefly		"""[]"""	"""[]"""				
Zalizniak-2024-4583-1070	1070	185	FIREPLACE	fireplace		"""[]"""	"""[]"""				
Zalizniak-2024-4583-1071	1071	10	FIREWOOD	firewood		"""[]"""	"""[]"""				
Zalizniak-2024-4583-1072	1072			fireworks		"""[]"""	"""[]"""				
Zalizniak-2024-4583-1073	1073	3003	SOLID	firm, solid		"""[]"""	"""[]"""				
Zalizniak-2024-4583-1074	1074	728	FIRST	first		"""[]"""	"""[]"""				
Zalizniak-2024-4583-1075	1075			first time		"""[]"""	"""[]"""				
Zalizniak-2024-4583-1076	1076			firstborn		"""[]"""	"""[]"""				
Zalizniak-2024-4583-1077	1077			*fish		"""[]"""	"""[]"""				
Zalizniak-2024-4583-1078	1078	3799	FISHBONE	fishbone		"""[]"""	"""[]"""				
Zalizniak-2024-4583-1079	1079	1858	FISHERMAN	fisherman		"""[]"""	"""[]"""				
Zalizniak-2024-4583-1080	1080			fishing float (bobber)		"""[]"""	"""[]"""				
Zalizniak-2024-4583-1081	1081	1473	FIST	fist		"""[]"""	"""[]"""				
Zalizniak-2024-4583-1082	1082	493	FIVE	five		"""[]"""	"""[]"""				
Zalizniak-2024-4583-1083	1083			five-finger (Potentilla)		"""[]"""	"""[]"""				
Zalizniak-2024-4583-1084	1084	2623	FLAG	flag		"""[]"""	"""[]"""				
Zalizniak-2024-4583-1085	1085			flagellate		"""[]"""	"""[]"""				
Zalizniak-2024-4583-1086	1086			flagellum		"""[]"""	"""[]"""				
Zalizniak-2024-4583-1087	1087			flank (body part)		"""[]"""	"""[]"""				
Zalizniak-2024-4583-1088	1088	529	FLANK	flank (military)		"""[]"""	"""[]"""				
Zalizniak-2024-4583-1089	1089	1633	FLAT	flat (adj)		"""[]"""	"""[]"""				
Zalizniak-2024-4583-1090	1090			flat cake		"""[]"""	"""[]"""				
Zalizniak-2024-4583-1091	1091			flatbread		"""[]"""	"""[]"""				
Zalizniak-2024-4583-1092	1092			flattery		"""[]"""	"""[]"""				
Zalizniak-2024-4583-1093	1093			flatus		"""[]"""	"""[]"""				
Zalizniak-2024-4583-1094	1094	3315	FLAX	flax		"""[]"""	"""[]"""				
Zalizniak-2024-4583-1095	1095	232	FLEA	flea		"""[]"""	"""[]"""				
Zalizniak-2024-4583-1096	1096	1691	FLEXIBLE	flexible		"""[]"""	"""[]"""				
Zalizniak-2024-4583-1097	1097			flint		"""[]"""	"""[]"""				
Zalizniak-2024-4583-1098	1098			flood, overflow (of the river)		"""[]"""	"""[]"""				
Zalizniak-2024-4583-1099	1099	1632	FLOOR	floor (vs. ceiling)		"""[]"""	"""[]"""				
Zalizniak-2024-4583-1100	1100	239	FLOWER	flower		"""[]"""	"""[]"""				
Zalizniak-2024-4583-1101	1101			flower cup		"""[]"""	"""[]"""				
Zalizniak-2024-4583-1102	1102			fluff, down (of feather)		"""[]"""	"""[]"""				
Zalizniak-2024-4583-1103	1103	777	FLUTE	flute		"""[]"""	"""[]"""				
Zalizniak-2024-4583-1104	1104	1504	FLY (INSECT)	fly (n.)		"""[]"""	"""[]"""				
Zalizniak-2024-4583-1105	1105			fly agaric (Amanita muscaria)		"""[]"""	"""[]"""				
Zalizniak-2024-4583-1106	1106			flying fish		"""[]"""	"""[]"""				
Zalizniak-2024-4583-1107	1107	1647	FOAL	foal		"""[]"""	"""[]"""				
Zalizniak-2024-4583-1108	1108	1768	FOAM	foam		"""[]"""	"""[]"""				
Zalizniak-2024-4583-1109	1109			*fodder		"""[]"""	"""[]"""				
Zalizniak-2024-4583-1110	1110			follower (of guru, leader)		"""[]"""	"""[]"""				
Zalizniak-2024-4583-1111	1111			fontanelle		"""[]"""	"""[]"""				
Zalizniak-2024-4583-1112	1112	256	FOOD	food		"""[]"""	"""[]"""				
Zalizniak-2024-4583-1113	1113	1438	FOOL	fool		"""[]"""	"""[]"""				
Zalizniak-2024-4583-1114	1114	1301	FOOT	foot		"""[]"""	"""[]"""				
Zalizniak-2024-4583-1115	1115			*foot		"""[]"""	"""[]"""				
Zalizniak-2024-4583-1116	1116			*foot-wear		"""[]"""	"""[]"""				
Zalizniak-2024-4583-1117	1117	2098	FOOT OR LEG	foot/leg		"""[]"""	"""[]"""				
Zalizniak-2024-4583-1118	1118			*football fan		"""[]"""	"""[]"""				
Zalizniak-2024-4583-1119	1119	318	FOOTPRINT	footprint, track		"""[]"""	"""[]"""				
Zalizniak-2024-4583-1120	1120			*for removal 1		"""[]"""	"""[]"""				
Zalizniak-2024-4583-1121	1121			forbidden		"""[]"""	"""[]"""				
Zalizniak-2024-4583-1122	1122	2818	FORD (CROSSING)	ford		"""[]"""	"""[]"""				
Zalizniak-2024-4583-1123	1123	446	LOWER ARM	forearm		"""[]"""	"""[]"""				
Zalizniak-2024-4583-1124	1124	123	FOREHEAD	forehead		"""[]"""	"""[]"""				
Zalizniak-2024-4583-1125	1125	109	FOREIGN	foreign		"""[]"""	"""[]"""				
Zalizniak-2024-4583-1126	1126			forelock		"""[]"""	"""[]"""				
Zalizniak-2024-4583-1127	1127			foreskin		"""[]"""	"""[]"""				
Zalizniak-2024-4583-1128	1128	420	FOREST	forest		"""[]"""	"""[]"""				
Zalizniak-2024-4583-1129	1129			forget-me-not (flower)		"""[]"""	"""[]"""				
Zalizniak-2024-4583-1130	1130	1938	FORTRESS	fortress		"""[]"""	"""[]"""				
Zalizniak-2024-4583-1131	1131	1716	FORTY	forty		"""[]"""	"""[]"""				
Zalizniak-2024-4583-1132	1132			foster-father		"""[]"""	"""[]"""				
Zalizniak-2024-4583-1133	1133			foundation ditch		"""[]"""	"""[]"""				
Zalizniak-2024-4583-1134	1134			foundation, basement		"""[]"""	"""[]"""				
Zalizniak-2024-4583-1135	1135			founder		"""[]"""	"""[]"""				
Zalizniak-2024-4583-1136	1136			fourth		"""[]"""	"""[]"""				
Zalizniak-2024-4583-1137	1137	1312	FOX	fox (Vulpes vulpes)		"""[]"""	"""[]"""				
Zalizniak-2024-4583-1138	1138			foxglove (Digitalis L.)		"""[]"""	"""[]"""				
Zalizniak-2024-4583-1139	1139			fragile		"""[]"""	"""[]"""				
Zalizniak-2024-4583-1140	1140			francolin		"""[]"""	"""[]"""				
Zalizniak-2024-4583-1141	1141			frank		"""[]"""	"""[]"""				
Zalizniak-2024-4583-1142	1142			frankincense		"""[]"""	"""[]"""				
Zalizniak-2024-4583-1143	1143	3055	SWINDLE	fraud, cheat		"""[]"""	"""[]"""				
Zalizniak-2024-4583-1144	1144			fraudster		"""[]"""	"""[]"""				
Zalizniak-2024-4583-1145	1145			fraught with consequences		"""[]"""	"""[]"""				
Zalizniak-2024-4583-1146	1146			freak, oddity		"""[]"""	"""[]"""				
Zalizniak-2024-4583-1147	1147	530	FRECKLE	freckle		"""[]"""	"""[]"""				
Zalizniak-2024-4583-1148	1148	2316	FREE	free		"""[]"""	"""[]"""				
Zalizniak-2024-4583-1149	1149	130	GRATIS (OF CHARGE)	free of charge		"""[]"""	"""[]"""				
Zalizniak-2024-4583-1150	1150	4086	FREEDOM	freedom		"""[]"""	"""[]"""				
Zalizniak-2024-4583-1151	1151			*Freemason		"""[]"""	"""[]"""				
Zalizniak-2024-4583-1152	1152			frequent		"""[]"""	"""[]"""				
Zalizniak-2024-4583-1153	1153	243	FRESH	fresh		"""[]"""	"""[]"""				
Zalizniak-2024-4583-1154	1154	2195	FRESH (OF WATER)	fresh (of water)		"""[]"""	"""[]"""				
Zalizniak-2024-4583-1155	1155	1692	FRIDAY	Friday		"""[]"""	"""[]"""				
Zalizniak-2024-4583-1156	1156			fried eggs		"""[]"""	"""[]"""				
Zalizniak-2024-4583-1157	1157	1325	FRIEND	friend		"""[]"""	"""[]"""				
Zalizniak-2024-4583-1158	1158			friendly, amicable		"""[]"""	"""[]"""				
Zalizniak-2024-4583-1159	1159	2932	COLD (CHILL)	frigidity		"""[]"""	"""[]"""				
Zalizniak-2024-4583-1160	1160			frivolous		"""[]"""	"""[]"""				
Zalizniak-2024-4583-1161	1161	503	FROG	frog		"""[]"""	"""[]"""				
Zalizniak-2024-4583-1162	1162			from land to shore		"""[]"""	"""[]"""				
Zalizniak-2024-4583-1163	1163			from the top to the bottom of the mountain		"""[]"""	"""[]"""				
Zalizniak-2024-4583-1164	1164			front (during the war)		"""[]"""	"""[]"""				
Zalizniak-2024-4583-1165	1165			front leg		"""[]"""	"""[]"""				
Zalizniak-2024-4583-1166	1166	2194	FRONT (PART)	front part		"""[]"""	"""[]"""				
Zalizniak-2024-4583-1167	1167			front part of foot		"""[]"""	"""[]"""				
Zalizniak-2024-4583-1168	1168	2034	FROST	frost		"""[]"""	"""[]"""				
Zalizniak-2024-4583-1169	1169			frozen		"""[]"""	"""[]"""				
Zalizniak-2024-4583-1170	1170			*fruit		"""[]"""	"""[]"""				
Zalizniak-2024-4583-1171	1171			fruit pulp		"""[]"""	"""[]"""				
Zalizniak-2024-4583-1172	1172			fuel		"""[]"""	"""[]"""				
Zalizniak-2024-4583-1173	1173	1429	FULL	full		"""[]"""	"""[]"""				
Zalizniak-2024-4583-1174	1174			full age		"""[]"""	"""[]"""				
Zalizniak-2024-4583-1175	1175			full stop		"""[]"""	"""[]"""				
Zalizniak-2024-4583-1176	1176			fun, gaiety		"""[]"""	"""[]"""				
Zalizniak-2024-4583-1177	1177	2602	FUNNEL	funnel		"""[]"""	"""[]"""				
Zalizniak-2024-4583-1178	1178	4038	FUNNY	funny		"""[]"""	"""[]"""				
Zalizniak-2024-4583-1179	1179	2223	BE ANGRY	furious		"""[]"""	"""[]"""				
Zalizniak-2024-4583-1180	1180			furnace		"""[]"""	"""[]"""				
Zalizniak-2024-4583-1181	1181			further		"""[]"""	"""[]"""				
Zalizniak-2024-4583-1182	1182			furuncle		"""[]"""	"""[]"""				
Zalizniak-2024-4583-1183	1183	2427	FUTURE	future		"""[]"""	"""[]"""				
Zalizniak-2024-4583-1184	1184	1798	GUNPOWDER	(gun)powder		"""[]"""	"""[]"""				
Zalizniak-2024-4583-1185	1185	2467	GAME	game		"""[]"""	"""[]"""				
Zalizniak-2024-4583-1186	1186	1944	GOD	God		"""[]"""	"""[]"""				
Zalizniak-2024-4583-1187	1187	1443	WALK	going, walking		"""[]"""	"""[]"""				
Zalizniak-2024-4583-1188	1188	3372	GALL BLADDER	gall bladder		"""[]"""	"""[]"""				
Zalizniak-2024-4583-1189	1189			galloon		"""[]"""	"""[]"""				
Zalizniak-2024-4583-1190	1190			*game		"""[]"""	"""[]"""				
Zalizniak-2024-4583-1191	1191	909	GARBAGE	garbage		"""[]"""	"""[]"""				
Zalizniak-2024-4583-1192	1192	586	GARDEN	garden		"""[]"""	"""[]"""				
Zalizniak-2024-4583-1193	1193			garden bed		"""[]"""	"""[]"""				
Zalizniak-2024-4583-1194	1194			gardener		"""[]"""	"""[]"""				
Zalizniak-2024-4583-1195	1195	2368	GARLIC	garlic (Allium sativum)		"""[]"""	"""[]"""				
Zalizniak-2024-4583-1196	1196			garlic-scented agaric		"""[]"""	"""[]"""				
Zalizniak-2024-4583-1197	1197			gas		"""[]"""	"""[]"""				
Zalizniak-2024-4583-1198	1198	2940	GATE	gate		"""[]"""	"""[]"""				
Zalizniak-2024-4583-1199	1199			gay		"""[]"""	"""[]"""				
Zalizniak-2024-4583-1200	1200			Gemini (constellation)		"""[]"""	"""[]"""				
Zalizniak-2024-4583-1201	1201			general (military)		"""[]"""	"""[]"""				
Zalizniak-2024-4583-1202	1202			generation		"""[]"""	"""[]"""				
Zalizniak-2024-4583-1203	1203	198	GENITALIA	genitalia		"""[]"""	"""[]"""				
Zalizniak-2024-4583-1204	1204	1657	TRUE	genuine, true		"""[]"""	"""[]"""				
Zalizniak-2024-4583-1205	1205			geometrid		"""[]"""	"""[]"""				
Zalizniak-2024-4583-1206	1206	1640	SIBLING	german (brother or sister)		"""[]"""	"""[]"""				
Zalizniak-2024-4583-1207	1207			giant		"""[]"""	"""[]"""				
Zalizniak-2024-4583-1208	1208			giant panda		"""[]"""	"""[]"""				
Zalizniak-2024-4583-1209	1209	1916	GILL	gills		"""[]"""	"""[]"""				
Zalizniak-2024-4583-1210	1210			gilt		"""[]"""	"""[]"""				
Zalizniak-2024-4583-1211	1211	3089	GIRAFFE	giraffe		"""[]"""	"""[]"""				
Zalizniak-2024-4583-1212	1212	1646	GIRL	girl		"""[]"""	"""[]"""				
Zalizniak-2024-4583-1213	1213			girth		"""[]"""	"""[]"""				
Zalizniak-2024-4583-1214	1214	1495	HAPPY	glad		"""[]"""	"""[]"""				
Zalizniak-2024-4583-1215	1215			gladiolus		"""[]"""	"""[]"""				
Zalizniak-2024-4583-1216	1216			glans penis		"""[]"""	"""[]"""				
Zalizniak-2024-4583-1217	1217	604	GLASS	glass (material)		"""[]"""	"""[]"""				
Zalizniak-2024-4583-1218	1218			glasswort		"""[]"""	"""[]"""				
Zalizniak-2024-4583-1219	1219			glaucoma		"""[]"""	"""[]"""				
Zalizniak-2024-4583-1220	1220			globeflower		"""[]"""	"""[]"""				
Zalizniak-2024-4583-1221	1221			globus cruciger		"""[]"""	"""[]"""				
Zalizniak-2024-4583-1222	1222	1552	GLOOMY	gloomy, depressed		"""[]"""	"""[]"""				
Zalizniak-2024-4583-1223	1223	1069	GLUE	glue		"""[]"""	"""[]"""				
Zalizniak-2024-4583-1224	1224	533	GLUTTON	glutton		"""[]"""	"""[]"""				
Zalizniak-2024-4583-1225	1225			gnarl		"""[]"""	"""[]"""				
Zalizniak-2024-4583-1226	1226			goad		"""[]"""	"""[]"""				
Zalizniak-2024-4583-1227	1227			goal (sport result)		"""[]"""	"""[]"""				
Zalizniak-2024-4583-1228	1228			goal frame (sport)		"""[]"""	"""[]"""				
Zalizniak-2024-4583-1229	1229	1502	GOAT	goat		"""[]"""	"""[]"""				
Zalizniak-2024-4583-1230	1230			*god		"""[]"""	"""[]"""				
Zalizniak-2024-4583-1231	1231			goddess		"""[]"""	"""[]"""				
Zalizniak-2024-4583-1232	1232			godmother		"""[]"""	"""[]"""				
Zalizniak-2024-4583-1233	1233	1369	GOLD	gold		"""[]"""	"""[]"""				
Zalizniak-2024-4583-1234	1234			goldcrest		"""[]"""	"""[]"""				
Zalizniak-2024-4583-1235	1235			*golden		"""[]"""	"""[]"""				
Zalizniak-2024-4583-1236	1236			golden oriole		"""[]"""	"""[]"""				
Zalizniak-2024-4583-1237	1237			goldenrod		"""[]"""	"""[]"""				
Zalizniak-2024-4583-1238	1238			goldfinch (Carduelis)		"""[]"""	"""[]"""				
Zalizniak-2024-4583-1239	1239			goldsmith		"""[]"""	"""[]"""				
Zalizniak-2024-4583-1240	1240	1035	GOOD	good		"""[]"""	"""[]"""				
Zalizniak-2024-4583-1241	1241			good (about weather)		"""[]"""	"""[]"""				
Zalizniak-2024-4583-1242	1242			*good (ethically)		"""[]"""	"""[]"""				
Zalizniak-2024-4583-1243	1243			good manners		"""[]"""	"""[]"""				
Zalizniak-2024-4583-1244	1244			good weather		"""[]"""	"""[]"""				
Zalizniak-2024-4583-1245	1245			goosander		"""[]"""	"""[]"""				
Zalizniak-2024-4583-1246	1246	1187	GOOSE	goose		"""[]"""	"""[]"""				
Zalizniak-2024-4583-1247	1247			gooseberry		"""[]"""	"""[]"""				
Zalizniak-2024-4583-1248	1248			gossiper		"""[]"""	"""[]"""				
Zalizniak-2024-4583-1249	1249	605	GRAIN	grain, seed		"""[]"""	"""[]"""				
Zalizniak-2024-4583-1250	1250	1617	GRANDCHILD	grandchild		"""[]"""	"""[]"""				
Zalizniak-2024-4583-1251	1251	1619	GRANDDAUGHTER	granddaughter		"""[]"""	"""[]"""				
Zalizniak-2024-4583-1252	1252	1383	GRANDFATHER	grandfather		"""[]"""	"""[]"""				
Zalizniak-2024-4583-1253	1253	1496	GRANDMOTHER	grandmother		"""[]"""	"""[]"""				
Zalizniak-2024-4583-1254	1254	305	GRANDPARENTS	grandparent		"""[]"""	"""[]"""				
Zalizniak-2024-4583-1255	1255	1618	GRANDSON	grandson		"""[]"""	"""[]"""				
Zalizniak-2024-4583-1256	1256			granule		"""[]"""	"""[]"""				
Zalizniak-2024-4583-1257	1257			grape (plant)		"""[]"""	"""[]"""				
Zalizniak-2024-4583-1258	1258			grape harvest		"""[]"""	"""[]"""				
Zalizniak-2024-4583-1259	1259	606	GRASS	grass		"""[]"""	"""[]"""				
Zalizniak-2024-4583-1260	1260			*grass warbler		"""[]"""	"""[]"""				
Zalizniak-2024-4583-1261	1261	607	GRASSHOPPER	grasshopper (Tettigonioidea)		"""[]"""	"""[]"""				
Zalizniak-2024-4583-1262	1262			gratuity		"""[]"""	"""[]"""				
Zalizniak-2024-4583-1263	1263	1773	GRAVE	grave		"""[]"""	"""[]"""				
Zalizniak-2024-4583-1264	1264	955	GREASY	greasy		"""[]"""	"""[]"""				
Zalizniak-2024-4583-1265	1265			great		"""[]"""	"""[]"""				
Zalizniak-2024-4583-1266	1266			*great bilberry (Vaccinium uliginosum)		"""[]"""	"""[]"""				
Zalizniak-2024-4583-1267	1267			great-grandmother		"""[]"""	"""[]"""				
Zalizniak-2024-4583-1268	1268			greater celandine		"""[]"""	"""[]"""				
Zalizniak-2024-4583-1269	1269			greediness		"""[]"""	"""[]"""				
Zalizniak-2024-4583-1270	1270	2018	GREEDY	greedy		"""[]"""	"""[]"""				
Zalizniak-2024-4583-1271	1271	1425	GREEN	green		"""[]"""	"""[]"""				
Zalizniak-2024-4583-1272	1272	153	GREY	grey		"""[]"""	"""[]"""				
Zalizniak-2024-4583-1273	1273			grey hair		"""[]"""	"""[]"""				
Zalizniak-2024-4583-1274	1274			grey-haired		"""[]"""	"""[]"""				
Zalizniak-2024-4583-1275	1275	1668	GRIEF	grief, sorrow		"""[]"""	"""[]"""				
Zalizniak-2024-4583-1276	1276			grimace		"""[]"""	"""[]"""				
Zalizniak-2024-4583-1277	1277			group of men		"""[]"""	"""[]"""				
Zalizniak-2024-4583-1278	1278	3635	ADULT	grown-up, adult		"""[]"""	"""[]"""				
Zalizniak-2024-4583-1279	1279			guava		"""[]"""	"""[]"""				
Zalizniak-2024-4583-1280	1280			*gubgeon		"""[]"""	"""[]"""				
Zalizniak-2024-4583-1281	1281	1782	GUEST	guest		"""[]"""	"""[]"""				
Zalizniak-2024-4583-1282	1282			guileful, crafty person		"""[]"""	"""[]"""				
Zalizniak-2024-4583-1283	1283	4125	GUILT	guilt		"""[]"""	"""[]"""				
Zalizniak-2024-4583-1284	1284	1682	GUILTY	guilty		"""[]"""	"""[]"""				
Zalizniak-2024-4583-1285	1285	456	GUINEA FOWL	guinea fowl		"""[]"""	"""[]"""				
Zalizniak-2024-4583-1286	1286	3718	GUINEA PIG	guinea pig (Cavia porcellus)		"""[]"""	"""[]"""				
Zalizniak-2024-4583-1287	1287	608	GULF	gulf		"""[]"""	"""[]"""				
Zalizniak-2024-4583-1288	1288	139	GUMS	gum, gingiva		"""[]"""	"""[]"""				
Zalizniak-2024-4583-1289	1289	771	HAT	hat		"""[]"""	"""[]"""				
Zalizniak-2024-4583-1290	1290	2130	HEADGEAR	headgear		"""[]"""	"""[]"""				
Zalizniak-2024-4583-1291	1291			high rank officail in the Catholic Church		"""[]"""	"""[]"""				
Zalizniak-2024-4583-1292	1292			honorific title		"""[]"""	"""[]"""				
Zalizniak-2024-4583-1293	1293			horned animal		"""[]"""	"""[]"""				
Zalizniak-2024-4583-1294	1294			*habit		"""[]"""	"""[]"""				
Zalizniak-2024-4583-1295	1295	609	HAIL	hail		"""[]"""	"""[]"""				
Zalizniak-2024-4583-1296	1296	1040	HAIR	hair		"""[]"""	"""[]"""				
Zalizniak-2024-4583-1297	1297	580	FUR	hair (of animals)		"""[]"""	"""[]"""				
Zalizniak-2024-4583-1298	1298			hajji		"""[]"""	"""[]"""				
Zalizniak-2024-4583-1299	1299	816	HALF	half		"""[]"""	"""[]"""				
Zalizniak-2024-4583-1300	1300	1481	HAMMER	hammer		"""[]"""	"""[]"""				
Zalizniak-2024-4583-1301	1301			hammer bone, malleus		"""[]"""	"""[]"""				
Zalizniak-2024-4583-1302	1302	1277	HAND	hand		"""[]"""	"""[]"""				
Zalizniak-2024-4583-1303	1303			hand (of a clock)		"""[]"""	"""[]"""				
Zalizniak-2024-4583-1304	1304			hand grenade		"""[]"""	"""[]"""				
Zalizniak-2024-4583-1305	1305	2121	ARM OR HAND	hand/arm		"""[]"""	"""[]"""				
Zalizniak-2024-4583-1306	1306			handful		"""[]"""	"""[]"""				
Zalizniak-2024-4583-1307	1307	1254	HANDLE	handle, gripe		"""[]"""	"""[]"""				
Zalizniak-2024-4583-1308	1308			handwriting		"""[]"""	"""[]"""				
Zalizniak-2024-4583-1309	1309	2941	HAPPINESS	happiness, luck		"""[]"""	"""[]"""				
Zalizniak-2024-4583-1310	1310			*happy		"""[]"""	"""[]"""				
Zalizniak-2024-4583-1311	1311			harbour		"""[]"""	"""[]"""				
Zalizniak-2024-4583-1312	1312	1884	HARD	hard		"""[]"""	"""[]"""				
Zalizniak-2024-4583-1313	1313			*hard, solid		"""[]"""	"""[]"""				
Zalizniak-2024-4583-1314	1314			hard-working, laborious		"""[]"""	"""[]"""				
Zalizniak-2024-4583-1315	1315			hardship		"""[]"""	"""[]"""				
Zalizniak-2024-4583-1316	1316	1190	HARE	hare (Lepus)		"""[]"""	"""[]"""				
Zalizniak-2024-4583-1317	1317			*hare (Lepus)		"""[]"""	"""[]"""				
Zalizniak-2024-4583-1318	1318	2947	DAMAGE (INJURY)	harm, damage		"""[]"""	"""[]"""				
Zalizniak-2024-4583-1319	1319	2545	HARROW (TOOL)	harrow		"""[]"""	"""[]"""				
Zalizniak-2024-4583-1320	1320	611	HARVEST	harvest		"""[]"""	"""[]"""				
Zalizniak-2024-4583-1321	1321			harvest time		"""[]"""	"""[]"""				
Zalizniak-2024-4583-1322	1322			hatched egg without embryo		"""[]"""	"""[]"""				
Zalizniak-2024-4583-1323	1323			having no milk		"""[]"""	"""[]"""				
Zalizniak-2024-4583-1324	1324	307	HAWK	hawk (Accipiter)		"""[]"""	"""[]"""				
Zalizniak-2024-4583-1325	1325			hawkweed (Hieracium)		"""[]"""	"""[]"""				
Zalizniak-2024-4583-1326	1326	1168	HAWTHORN	hawthorn		"""[]"""	"""[]"""				
Zalizniak-2024-4583-1327	1327	342	HAY	hay		"""[]"""	"""[]"""				
Zalizniak-2024-4583-1328	1328			haymaking (time)		"""[]"""	"""[]"""				
Zalizniak-2024-4583-1329	1329			haystack		"""[]"""	"""[]"""				
Zalizniak-2024-4583-1330	1330			hazel grouse (Tetrastes bonasia)		"""[]"""	"""[]"""				
Zalizniak-2024-4583-1331	1331			hazy, turbid, opaque		"""[]"""	"""[]"""				
Zalizniak-2024-4583-1332	1332	1211	HE	he		"""[]"""	"""[]"""				
Zalizniak-2024-4583-1333	1333	1256	HEAD	head		"""[]"""	"""[]"""				
Zalizniak-2024-4583-1334	1334			heading, title		"""[]"""	"""[]"""				
Zalizniak-2024-4583-1335	1335			headlight (of a car)		"""[]"""	"""[]"""				
Zalizniak-2024-4583-1336	1336			headscarf		"""[]"""	"""[]"""				
Zalizniak-2024-4583-1337	1337			headstream		"""[]"""	"""[]"""				
Zalizniak-2024-4583-1338	1338			healed		"""[]"""	"""[]"""				
Zalizniak-2024-4583-1339	1339			health		"""[]"""	"""[]"""				
Zalizniak-2024-4583-1340	1340	1364	HEALTHY	healthy		"""[]"""	"""[]"""				
Zalizniak-2024-4583-1341	1341	2984	HEAP	heap, pile		"""[]"""	"""[]"""				
Zalizniak-2024-4583-1342	1342	2518	HEARING (AURAL SENSE)	hearing		"""[]"""	"""[]"""				
Zalizniak-2024-4583-1343	1343	1223	HEART	heart		"""[]"""	"""[]"""				
Zalizniak-2024-4583-1344	1344			hearts (in cards)		"""[]"""	"""[]"""				
Zalizniak-2024-4583-1345	1345	612	HEAT	heat (n.)		"""[]"""	"""[]"""				
Zalizniak-2024-4583-1346	1346			heathen, pagan		"""[]"""	"""[]"""				
Zalizniak-2024-4583-1347	1347			heather		"""[]"""	"""[]"""				
Zalizniak-2024-4583-1348	1348			heavenly body		"""[]"""	"""[]"""				
Zalizniak-2024-4583-1349	1349	1210	HEAVY	heavy (of weight)		"""[]"""	"""[]"""				
Zalizniak-2024-4583-1350	1350	1797	HEDGEHOG	hedgehog (Еrinaceus)		"""[]"""	"""[]"""				
Zalizniak-2024-4583-1351	1351	980	HEEL	heel (of a foot)		"""[]"""	"""[]"""				
Zalizniak-2024-4583-1352	1352			heel (of a shoe)		"""[]"""	"""[]"""				
Zalizniak-2024-4583-1353	1353			heel (of bread)		"""[]"""	"""[]"""				
Zalizniak-2024-4583-1354	1354	2528	SIZE (OF PERSON)	height (of a person)		"""[]"""	"""[]"""				
Zalizniak-2024-4583-1355	1355			*helicopter		"""[]"""	"""[]"""				
Zalizniak-2024-4583-1356	1356	878	HELL	hell		"""[]"""	"""[]"""				
Zalizniak-2024-4583-1357	1357	1680	HELMET	helmet		"""[]"""	"""[]"""				
Zalizniak-2024-4583-1358	1358	3467	HELP (ASSISTANCE)	help, aid (n.)		"""[]"""	"""[]"""				
Zalizniak-2024-4583-1359	1359			hem (of a skirt)		"""[]"""	"""[]"""				
Zalizniak-2024-4583-1360	1360			hemlock (plant)		"""[]"""	"""[]"""				
Zalizniak-2024-4583-1361	1361			hemorrhoids		"""[]"""	"""[]"""				
Zalizniak-2024-4583-1362	1362	1514	HEN	hen		"""[]"""	"""[]"""				
Zalizniak-2024-4583-1363	1363			henbane		"""[]"""	"""[]"""				
Zalizniak-2024-4583-1364	1364			hepatitis		"""[]"""	"""[]"""				
Zalizniak-2024-4583-1365	1365			*her		"""[]"""	"""[]"""				
Zalizniak-2024-4583-1366	1366			herald, messenger		"""[]"""	"""[]"""				
Zalizniak-2024-4583-1367	1367			*herbaceous plant		"""[]"""	"""[]"""				
Zalizniak-2024-4583-1368	1368			herd		"""[]"""	"""[]"""				
Zalizniak-2024-4583-1369	1369	136	HERE	here		"""[]"""	"""[]"""				
Zalizniak-2024-4583-1370	1370			hermaphrodite		"""[]"""	"""[]"""				
Zalizniak-2024-4583-1371	1371			hermit		"""[]"""	"""[]"""				
Zalizniak-2024-4583-1372	1372			hernia (medical)		"""[]"""	"""[]"""				
Zalizniak-2024-4583-1373	1373	758	HERON	heron		"""[]"""	"""[]"""				
Zalizniak-2024-4583-1374	1374			herring		"""[]"""	"""[]"""				
Zalizniak-2024-4583-1375	1375			Heterodon nasicus		"""[]"""	"""[]"""				
Zalizniak-2024-4583-1376	1376			heterosexual		"""[]"""	"""[]"""				
Zalizniak-2024-4583-1377	1377			hibiscus		"""[]"""	"""[]"""				
Zalizniak-2024-4583-1378	1378	1265	HIGH	high (location)		"""[]"""	"""[]"""				
Zalizniak-2024-4583-1379	1379	711	TALL	high (size), tall		"""[]"""	"""[]"""				
Zalizniak-2024-4583-1380	1380			high-pitched		"""[]"""	"""[]"""				
Zalizniak-2024-4583-1381	1381	614	HILL	hill		"""[]"""	"""[]"""				
Zalizniak-2024-4583-1382	1382			hind leg		"""[]"""	"""[]"""				
Zalizniak-2024-4583-1383	1383			hinge		"""[]"""	"""[]"""				
Zalizniak-2024-4583-1384	1384			hip joint		"""[]"""	"""[]"""				
Zalizniak-2024-4583-1385	1385	3145	HIPPOPOTAMUS	hippopotamus		"""[]"""	"""[]"""				
Zalizniak-2024-4583-1386	1386			historical tale		"""[]"""	"""[]"""				
Zalizniak-2024-4583-1387	1387			history		"""[]"""	"""[]"""				
Zalizniak-2024-4583-1388	1388	2942	HOARFROST	hoar-frost		"""[]"""	"""[]"""				
Zalizniak-2024-4583-1389	1389			hoarse		"""[]"""	"""[]"""				
Zalizniak-2024-4583-1390	1390	284	HOE	hoe		"""[]"""	"""[]"""				
Zalizniak-2024-4583-1391	1391			holiday		"""[]"""	"""[]"""				
Zalizniak-2024-4583-1392	1392			hollow tree		"""[]"""	"""[]"""				
Zalizniak-2024-4583-1393	1393			hollyhock		"""[]"""	"""[]"""				
Zalizniak-2024-4583-1394	1394			homosexual		"""[]"""	"""[]"""				
Zalizniak-2024-4583-1395	1395	1120	HONEST	honest		"""[]"""	"""[]"""				
Zalizniak-2024-4583-1396	1396	942	HONEY	honey		"""[]"""	"""[]"""				
Zalizniak-2024-4583-1397	1397			*honey		"""[]"""	"""[]"""				
Zalizniak-2024-4583-1398	1398			honey badger		"""[]"""	"""[]"""				
Zalizniak-2024-4583-1399	1399			honey mushroom (Armillaria mellea)		"""[]"""	"""[]"""				
Zalizniak-2024-4583-1400	1400	3947	HONEYCOMB	honeycomb		"""[]"""	"""[]"""				
Zalizniak-2024-4583-1401	1401			honeysuckle		"""[]"""	"""[]"""				
Zalizniak-2024-4583-1402	1402			honour		"""[]"""	"""[]"""				
Zalizniak-2024-4583-1403	1403			hood		"""[]"""	"""[]"""				
Zalizniak-2024-4583-1404	1404			hood (of car)		"""[]"""	"""[]"""				
Zalizniak-2024-4583-1405	1405	152	HOOF	hoof		"""[]"""	"""[]"""				
Zalizniak-2024-4583-1406	1406	1071	HOOK	hook		"""[]"""	"""[]"""				
Zalizniak-2024-4583-1407	1407			hooligan		"""[]"""	"""[]"""				
Zalizniak-2024-4583-1408	1408			hoop		"""[]"""	"""[]"""				
Zalizniak-2024-4583-1409	1409			*hoopoe		"""[]"""	"""[]"""				
Zalizniak-2024-4583-1410	1410	3211	HOPE (FAITH)	hope, expectation		"""[]"""	"""[]"""				
Zalizniak-2024-4583-1411	1411	2287	HORIZON	horizon		"""[]"""	"""[]"""				
Zalizniak-2024-4583-1412	1412	1393	HORN (ANATOMY)	horn		"""[]"""	"""[]"""				
Zalizniak-2024-4583-1413	1413			hornbeam		"""[]"""	"""[]"""				
Zalizniak-2024-4583-1414	1414			horned		"""[]"""	"""[]"""				
Zalizniak-2024-4583-1415	1415	3261	HORNET	hornet		"""[]"""	"""[]"""				
Zalizniak-2024-4583-1416	1416	615	HORSE	horse		"""[]"""	"""[]"""				
Zalizniak-2024-4583-1417	1417			horse-bird		"""[]"""	"""[]"""				
Zalizniak-2024-4583-1418	1418	3262	HORSEFLY	horse-fly (Tabanidae)		"""[]"""	"""[]"""				
Zalizniak-2024-4583-1419	1419			horsehair		"""[]"""	"""[]"""				
Zalizniak-2024-4583-1420	1420			horsehair worm		"""[]"""	"""[]"""				
Zalizniak-2024-4583-1421	1421			horseman, rider		"""[]"""	"""[]"""				
Zalizniak-2024-4583-1422	1422			horseradish		"""[]"""	"""[]"""				
Zalizniak-2024-4583-1423	1423			horseshoe		"""[]"""	"""[]"""				
Zalizniak-2024-4583-1424	1424			horsetail, equisetum		"""[]"""	"""[]"""				
Zalizniak-2024-4583-1425	1425	4161	HOSE	hose		"""[]"""	"""[]"""				
Zalizniak-2024-4583-1426	1426	1545	HOST	host		"""[]"""	"""[]"""				
Zalizniak-2024-4583-1427	1427			hostile		"""[]"""	"""[]"""				
Zalizniak-2024-4583-1428	1428	1286	HOT	hot		"""[]"""	"""[]"""				
Zalizniak-2024-4583-1429	1429			hot-tempered		"""[]"""	"""[]"""				
Zalizniak-2024-4583-1430	1430	1353	HOUR	hour		"""[]"""	"""[]"""				
Zalizniak-2024-4583-1431	1431	1252	HOUSE	house		"""[]"""	"""[]"""				
Zalizniak-2024-4583-1432	1432			*house		"""[]"""	"""[]"""				
Zalizniak-2024-4583-1433	1433			*house		"""[]"""	"""[]"""				
Zalizniak-2024-4583-1434	1434			house spirit		"""[]"""	"""[]"""				
Zalizniak-2024-4583-1435	1435	822	HOW MANY	how many?		"""[]"""	"""[]"""				
Zalizniak-2024-4583-1436	1436			hull (of a ship)		"""[]"""	"""[]"""				
Zalizniak-2024-4583-1437	1437			human temper, character		"""[]"""	"""[]"""				
Zalizniak-2024-4583-1438	1438	683	PERSON	human, person		"""[]"""	"""[]"""				
Zalizniak-2024-4583-1439	1439			hummel, hornless		"""[]"""	"""[]"""				
Zalizniak-2024-4583-1440	1440	1589	HUMMINGBIRD	hummingbird		"""[]"""	"""[]"""				
Zalizniak-2024-4583-1441	1441			humor		"""[]"""	"""[]"""				
Zalizniak-2024-4583-1442	1442	534	HUMP	hump (of a person or camel)		"""[]"""	"""[]"""				
Zalizniak-2024-4583-1443	1443	99	HUNCHBACK	humpbacked		"""[]"""	"""[]"""				
Zalizniak-2024-4583-1444	1444	1634	HUNDRED	hundred		"""[]"""	"""[]"""				
Zalizniak-2024-4583-1445	1445	1533	BE HUNGRY	hungry		"""[]"""	"""[]"""				
Zalizniak-2024-4583-1446	1446			hunt (n.), hunting		"""[]"""	"""[]"""				
Zalizniak-2024-4583-1447	1447			hunt down		"""[]"""	"""[]"""				
Zalizniak-2024-4583-1448	1448	1053	HUNTER	hunter		"""[]"""	"""[]"""				
Zalizniak-2024-4583-1449	1449	1200	HUSBAND	husband		"""[]"""	"""[]"""				
Zalizniak-2024-4583-1450	1450	2514	SPOUSE	husband / wife		"""[]"""	"""[]"""				
Zalizniak-2024-4583-1451	1451			husband's brother		"""[]"""	"""[]"""				
Zalizniak-2024-4583-1452	1452	2698	BROTHER-IN-LAW (HUSBAND'S OLDER BROTHER)	husband's elder brother		"""[]"""	"""[]"""				
Zalizniak-2024-4583-1453	1453	2254	FATHER-IN-LAW (OF WOMAN)	husband's father		"""[]"""	"""[]"""				
Zalizniak-2024-4583-1454	1454			hybrid		"""[]"""	"""[]"""				
Zalizniak-2024-4583-1455	1455	1799	HYENA	hyena		"""[]"""	"""[]"""				
Zalizniak-2024-4583-1456	1456			hypocrite, dissembler		"""[]"""	"""[]"""				
Zalizniak-2024-4583-1457	1457			hypotenuse		"""[]"""	"""[]"""				
Zalizniak-2024-4583-1458	1458	620	INSECT	insect		"""[]"""	"""[]"""				
Zalizniak-2024-4583-1459	1459	1209	I	I		"""[]"""	"""[]"""				
Zalizniak-2024-4583-1460	1460	617	ICE	ice		"""[]"""	"""[]"""				
Zalizniak-2024-4583-1461	1461			*ice		"""[]"""	"""[]"""				
Zalizniak-2024-4583-1462	1462			ice-crusted ground		"""[]"""	"""[]"""				
Zalizniak-2024-4583-1463	1463			icicle		"""[]"""	"""[]"""				
Zalizniak-2024-4583-1464	1464			icon (christianity)		"""[]"""	"""[]"""				
Zalizniak-2024-4583-1465	1465			ide (fish)		"""[]"""	"""[]"""				
Zalizniak-2024-4583-1466	1466	2756	IDLE	idle		"""[]"""	"""[]"""				
Zalizniak-2024-4583-1467	1467			idler, loafer		"""[]"""	"""[]"""				
Zalizniak-2024-4583-1468	1468	1459	IF	if		"""[]"""	"""[]"""				
Zalizniak-2024-4583-1469	1469	2651	BE IGNORANT	ignorant		"""[]"""	"""[]"""				
Zalizniak-2024-4583-1470	1470			illegal		"""[]"""	"""[]"""				
Zalizniak-2024-4583-1471	1471			illiterate		"""[]"""	"""[]"""				
Zalizniak-2024-4583-1472	1472			image		"""[]"""	"""[]"""				
Zalizniak-2024-4583-1473	1473			immature fish		"""[]"""	"""[]"""				
Zalizniak-2024-4583-1474	1474	1963	IMMEDIATELY	immediately		"""[]"""	"""[]"""				
Zalizniak-2024-4583-1475	1475			implement for ramming		"""[]"""	"""[]"""				
Zalizniak-2024-4583-1476	1476	1412	RUDE	impolite		"""[]"""	"""[]"""				
Zalizniak-2024-4583-1477	1477	1285	IMPORTANT	important		"""[]"""	"""[]"""				
Zalizniak-2024-4583-1478	1478			importunate		"""[]"""	"""[]"""				
Zalizniak-2024-4583-1479	1479			impossible		"""[]"""	"""[]"""				
Zalizniak-2024-4583-1480	1480			impudence		"""[]"""	"""[]"""				
Zalizniak-2024-4583-1481	1481			impudent		"""[]"""	"""[]"""				
Zalizniak-2024-4583-1482	1482			impulsive		"""[]"""	"""[]"""				
Zalizniak-2024-4583-1483	1483			in addition to		"""[]"""	"""[]"""				
Zalizniak-2024-4583-1484	1484	1883	IN FRONT OF	in front of		"""[]"""	"""[]"""				
Zalizniak-2024-4583-1485	1485			in the standing position		"""[]"""	"""[]"""				
Zalizniak-2024-4583-1486	1486	3413	IN THIS WAY	in this way		"""[]"""	"""[]"""				
Zalizniak-2024-4583-1487	1487			inaccessible		"""[]"""	"""[]"""				
Zalizniak-2024-4583-1488	1488			inattentive person		"""[]"""	"""[]"""				
Zalizniak-2024-4583-1489	1489			incantation, spell		"""[]"""	"""[]"""				
Zalizniak-2024-4583-1490	1490	918	INCLINATION	inclination to smth		"""[]"""	"""[]"""				
Zalizniak-2024-4583-1491	1491			inclined		"""[]"""	"""[]"""				
Zalizniak-2024-4583-1492	1492			incomplete		"""[]"""	"""[]"""				
Zalizniak-2024-4583-1493	1493			incomprehensible		"""[]"""	"""[]"""				
Zalizniak-2024-4583-1494	1494			increase (n.)		"""[]"""	"""[]"""				
Zalizniak-2024-4583-1495	1495			incus, anvil bone		"""[]"""	"""[]"""				
Zalizniak-2024-4583-1496	1496	577	FOREFINGER	index finger		"""[]"""	"""[]"""				
Zalizniak-2024-4583-1497	1497			indifferent		"""[]"""	"""[]"""				
Zalizniak-2024-4583-1498	1498			indulgent		"""[]"""	"""[]"""				
Zalizniak-2024-4583-1499	1499			industrious, diligent person		"""[]"""	"""[]"""				
Zalizniak-2024-4583-1500	1500			inert, passive		"""[]"""	"""[]"""				
Zalizniak-2024-4583-1501	1501			inevitable		"""[]"""	"""[]"""				
Zalizniak-2024-4583-1502	1502			inexperienced		"""[]"""	"""[]"""				
Zalizniak-2024-4583-1503	1503			infertile (soil)		"""[]"""	"""[]"""				
Zalizniak-2024-4583-1504	1504			inflammation		"""[]"""	"""[]"""				
Zalizniak-2024-4583-1505	1505	535	INFLATED	inflated		"""[]"""	"""[]"""				
Zalizniak-2024-4583-1506	1506			influential person		"""[]"""	"""[]"""				
Zalizniak-2024-4583-1507	1507			informer		"""[]"""	"""[]"""				
Zalizniak-2024-4583-1508	1508	4048	INHABITANT	inhabitant		"""[]"""	"""[]"""				
Zalizniak-2024-4583-1509	1509			inheritance		"""[]"""	"""[]"""				
Zalizniak-2024-4583-1510	1510	2643	INK	ink		"""[]"""	"""[]"""				
Zalizniak-2024-4583-1511	1511			inkwell		"""[]"""	"""[]"""				
Zalizniak-2024-4583-1512	1512			inland		"""[]"""	"""[]"""				
Zalizniak-2024-4583-1513	1513			inner side of hide		"""[]"""	"""[]"""				
Zalizniak-2024-4583-1514	1514	90	INNOCENT	innocent		"""[]"""	"""[]"""				
Zalizniak-2024-4583-1515	1515	1899	MAD	insane		"""[]"""	"""[]"""				
Zalizniak-2024-4583-1516	1516			inscription		"""[]"""	"""[]"""				
Zalizniak-2024-4583-1517	1517			*insect		"""[]"""	"""[]"""				
Zalizniak-2024-4583-1518	1518	1606	INSIDE	inside		"""[]"""	"""[]"""				
Zalizniak-2024-4583-1519	1519	91	INSOLENT	insolent		"""[]"""	"""[]"""				
Zalizniak-2024-4583-1520	1520			instant, moment		"""[]"""	"""[]"""				
Zalizniak-2024-4583-1521	1521	1652	INSTEAD	instead of		"""[]"""	"""[]"""				
Zalizniak-2024-4583-1522	1522	3736	INSTEP	instep		"""[]"""	"""[]"""				
Zalizniak-2024-4583-1523	1523			institution		"""[]"""	"""[]"""				
Zalizniak-2024-4583-1524	1524	1361	TOOL	instrument, tool		"""[]"""	"""[]"""				
Zalizniak-2024-4583-1525	1525			insulting		"""[]"""	"""[]"""				
Zalizniak-2024-4583-1526	1526	220	INTACT	intact		"""[]"""	"""[]"""				
Zalizniak-2024-4583-1527	1527			*intact		"""[]"""	"""[]"""				
Zalizniak-2024-4583-1528	1528			intellect		"""[]"""	"""[]"""				
Zalizniak-2024-4583-1529	1529			intensive		"""[]"""	"""[]"""				
Zalizniak-2024-4583-1530	1530	3847	INTEREST (FEELING)	interest		"""[]"""	"""[]"""				
Zalizniak-2024-4583-1531	1531	2062	INTEREST	interest (finance)		"""[]"""	"""[]"""				
Zalizniak-2024-4583-1532	1532			internal monologue		"""[]"""	"""[]"""				
Zalizniak-2024-4583-1533	1533			interval		"""[]"""	"""[]"""				
Zalizniak-2024-4583-1534	1534	3623	INTESTINAL WORM	intestinal worm		"""[]"""	"""[]"""				
Zalizniak-2024-4583-1535	1535			intrigue		"""[]"""	"""[]"""				
Zalizniak-2024-4583-1536	1536			iris (anatomy)		"""[]"""	"""[]"""				
Zalizniak-2024-4583-1537	1537	621	IRON	iron		"""[]"""	"""[]"""				
Zalizniak-2024-4583-1538	1538			iron (for pressing clothes)		"""[]"""	"""[]"""				
Zalizniak-2024-4583-1539	1539	622	ISLAND	island		"""[]"""	"""[]"""				
Zalizniak-2024-4583-1540	1540			isthmus		"""[]"""	"""[]"""				
Zalizniak-2024-4583-1541	1541			it's a pity		"""[]"""	"""[]"""				
Zalizniak-2024-4583-1542	1542	50	JACK	jack (playing card)		"""[]"""	"""[]"""				
Zalizniak-2024-4583-1543	1543	3313	JACKAL	jackal		"""[]"""	"""[]"""				
Zalizniak-2024-4583-1544	1544			jackdaw		"""[]"""	"""[]"""				
Zalizniak-2024-4583-1545	1545	2655	JACKFRUIT	jackfruit		"""[]"""	"""[]"""				
Zalizniak-2024-4583-1546	1546			jamb (of a door, window)		"""[]"""	"""[]"""				
Zalizniak-2024-4583-1547	1547	2036	JANUARY	January		"""[]"""	"""[]"""				
Zalizniak-2024-4583-1548	1548			Japanese		"""[]"""	"""[]"""				
Zalizniak-2024-4583-1549	1549	798	JAW	jaw		"""[]"""	"""[]"""				
Zalizniak-2024-4583-1550	1550			jay		"""[]"""	"""[]"""				
Zalizniak-2024-4583-1551	1551	2821	JEALOUS	jealous		"""[]"""	"""[]"""				
Zalizniak-2024-4583-1552	1552			*jealousy		"""[]"""	"""[]"""				
Zalizniak-2024-4583-1553	1553			jerboa		"""[]"""	"""[]"""				
Zalizniak-2024-4583-1554	1554			Jerusalem artichoke		"""[]"""	"""[]"""				
Zalizniak-2024-4583-1555	1555			jester		"""[]"""	"""[]"""				
Zalizniak-2024-4583-1556	1556			Jesuit		"""[]"""	"""[]"""				
Zalizniak-2024-4583-1557	1557			Jesus Christ		"""[]"""	"""[]"""				
Zalizniak-2024-4583-1558	1558	1029	JEWEL	jewel, precious stone		"""[]"""	"""[]"""				
Zalizniak-2024-4583-1559	1559			jewelry, precious thing		"""[]"""	"""[]"""				
Zalizniak-2024-4583-1560	1560			Jewish		"""[]"""	"""[]"""				
Zalizniak-2024-4583-1561	1561			jingle bell		"""[]"""	"""[]"""				
Zalizniak-2024-4583-1562	1562			John the Baptist		"""[]"""	"""[]"""				
Zalizniak-2024-4583-1563	1563			joiner; cabinetmaker		"""[]"""	"""[]"""				
Zalizniak-2024-4583-1564	1564	999	JOINT	joint, articulation		"""[]"""	"""[]"""				
Zalizniak-2024-4583-1565	1565	3425	JOKE	joke		"""[]"""	"""[]"""				
Zalizniak-2024-4583-1566	1566			journal, magazine		"""[]"""	"""[]"""				
Zalizniak-2024-4583-1567	1567	2524	JOY	joy		"""[]"""	"""[]"""				
Zalizniak-2024-4583-1568	1568	1499	JUICE	juice		"""[]"""	"""[]"""				
Zalizniak-2024-4583-1569	1569	2850	JULY	July		"""[]"""	"""[]"""				
Zalizniak-2024-4583-1570	1570			jumper		"""[]"""	"""[]"""				
Zalizniak-2024-4583-1571	1571	2849	JUNE	June		"""[]"""	"""[]"""				
Zalizniak-2024-4583-1572	1572	3808	JUNGLE	jungle		"""[]"""	"""[]"""				
Zalizniak-2024-4583-1573	1573			juniper		"""[]"""	"""[]"""				
Zalizniak-2024-4583-1574	1574			Jupiter		"""[]"""	"""[]"""				
Zalizniak-2024-4583-1575	1575			just now		"""[]"""	"""[]"""				
Zalizniak-2024-4583-1576	1576			keel		"""[]"""	"""[]"""				
Zalizniak-2024-4583-1577	1577	2232	KEEN OR SUBTLE	keen (of senses, mind)		"""[]"""	"""[]"""				
Zalizniak-2024-4583-1578	1578	1472	KEY	key (of a door)		"""[]"""	"""[]"""				
Zalizniak-2024-4583-1579	1579			keystone		"""[]"""	"""[]"""				
Zalizniak-2024-4583-1580	1580			khash		"""[]"""	"""[]"""				
Zalizniak-2024-4583-1581	1581	489	KIDNEY	kidney		"""[]"""	"""[]"""				
Zalizniak-2024-4583-1582	1582			kilogram		"""[]"""	"""[]"""				
Zalizniak-2024-4583-1583	1583	844	KIND (THING)	kind (n.)		"""[]"""	"""[]"""				
Zalizniak-2024-4583-1584	1584	3299	KIND	kind, good-hearted		"""[]"""	"""[]"""				
Zalizniak-2024-4583-1585	1585			kindergarten		"""[]"""	"""[]"""				
Zalizniak-2024-4583-1586	1586			king (a playing card)		"""[]"""	"""[]"""				
Zalizniak-2024-4583-1587	1587			kinkajou		"""[]"""	"""[]"""				
Zalizniak-2024-4583-1588	1588			kinship		"""[]"""	"""[]"""				
Zalizniak-2024-4583-1589	1589			*kite		"""[]"""	"""[]"""				
Zalizniak-2024-4583-1590	1590			kite (lightweight toy)		"""[]"""	"""[]"""				
Zalizniak-2024-4583-1591	1591	1371	KNEE	knee		"""[]"""	"""[]"""				
Zalizniak-2024-4583-1592	1592			knee-cap		"""[]"""	"""[]"""				
Zalizniak-2024-4583-1593	1593			kneepit		"""[]"""	"""[]"""				
Zalizniak-2024-4583-1594	1594	1352	KNIFE	knife		"""[]"""	"""[]"""				
Zalizniak-2024-4583-1595	1595			knight (chess)		"""[]"""	"""[]"""				
Zalizniak-2024-4583-1596	1596	760	KNOT	knot		"""[]"""	"""[]"""				
Zalizniak-2024-4583-1597	1597			knowledge		"""[]"""	"""[]"""				
Zalizniak-2024-4583-1598	1598			koala		"""[]"""	"""[]"""				
Zalizniak-2024-4583-1599	1599			kshatriya		"""[]"""	"""[]"""				
Zalizniak-2024-4583-1600	1600	2657	LADLE	ladle		"""[]"""	"""[]"""				
Zalizniak-2024-4583-1601	1601	2471	LADY	lady		"""[]"""	"""[]"""				
Zalizniak-2024-4583-1602	1602			lady's slipper (Cypripedium)		"""[]"""	"""[]"""				
Zalizniak-2024-4583-1603	1603	3139	LADYBUG	ladybird		"""[]"""	"""[]"""				
Zalizniak-2024-4583-1604	1604			*lair		"""[]"""	"""[]"""				
Zalizniak-2024-4583-1605	1605	624	LAKE	lake		"""[]"""	"""[]"""				
Zalizniak-2024-4583-1606	1606	820	LAMB	lamb		"""[]"""	"""[]"""				
Zalizniak-2024-4583-1607	1607	320	LAME	lame		"""[]"""	"""[]"""				
Zalizniak-2024-4583-1608	1608			*lamp		"""[]"""	"""[]"""				
Zalizniak-2024-4583-1609	1609			lamprey (Petromyzontidae)		"""[]"""	"""[]"""				
Zalizniak-2024-4583-1610	1610			Lampropeltis triangulum		"""[]"""	"""[]"""				
Zalizniak-2024-4583-1611	1611	626	LAND	land (vs. sea)		"""[]"""	"""[]"""				
Zalizniak-2024-4583-1612	1612	1307	LANGUAGE	language		"""[]"""	"""[]"""				
Zalizniak-2024-4583-1613	1613	3263	LAP	lap		"""[]"""	"""[]"""				
Zalizniak-2024-4583-1614	1614			lap (of clothes)		"""[]"""	"""[]"""				
Zalizniak-2024-4583-1615	1615			lapwing (Vanellus)		"""[]"""	"""[]"""				
Zalizniak-2024-4583-1616	1616			larch		"""[]"""	"""[]"""				
Zalizniak-2024-4583-1617	1617			large quantity		"""[]"""	"""[]"""				
Zalizniak-2024-4583-1618	1618	2640	LARVA	larva		"""[]"""	"""[]"""				
Zalizniak-2024-4583-1619	1619	3714	LARYNX	larynx		"""[]"""	"""[]"""				
Zalizniak-2024-4583-1620	1620			last		"""[]"""	"""[]"""				
Zalizniak-2024-4583-1621	1621	477	LATE	late		"""[]"""	"""[]"""				
Zalizniak-2024-4583-1622	1622			latitude		"""[]"""	"""[]"""				
Zalizniak-2024-4583-1623	1623			lattice, grid		"""[]"""	"""[]"""				
Zalizniak-2024-4583-1624	1624	3632	GENEROUS	lavish, generous		"""[]"""	"""[]"""				
Zalizniak-2024-4583-1625	1625			laxative		"""[]"""	"""[]"""				
Zalizniak-2024-4583-1626	1626			layer		"""[]"""	"""[]"""				
Zalizniak-2024-4583-1627	1627			laziness		"""[]"""	"""[]"""				
Zalizniak-2024-4583-1628	1628			*laziness		"""[]"""	"""[]"""				
Zalizniak-2024-4583-1629	1629	1564	LAZY	lazy		"""[]"""	"""[]"""				
Zalizniak-2024-4583-1630	1630			lazy person		"""[]"""	"""[]"""				
Zalizniak-2024-4583-1631	1631	627	LEAD (CHEMICAL ELEMENT)	lead, plumbum		"""[]"""	"""[]"""				
Zalizniak-2024-4583-1632	1632	628	LEAF	leaf		"""[]"""	"""[]"""				
Zalizniak-2024-4583-1633	1633			leaf (of door, window)		"""[]"""	"""[]"""				
Zalizniak-2024-4583-1634	1634			leaf spring		"""[]"""	"""[]"""				
Zalizniak-2024-4583-1635	1635			leafy tops of root vegetables		"""[]"""	"""[]"""				
Zalizniak-2024-4583-1636	1636	2219	LEAN (MEAT)	lean		"""[]"""	"""[]"""				
Zalizniak-2024-4583-1637	1637			leaves of root vegetables		"""[]"""	"""[]"""				
Zalizniak-2024-4583-1638	1638	2273	LEECH	leech		"""[]"""	"""[]"""				
Zalizniak-2024-4583-1639	1639			leek		"""[]"""	"""[]"""				
Zalizniak-2024-4583-1640	1640			leeward		"""[]"""	"""[]"""				
Zalizniak-2024-4583-1641	1641	244	LEFT	left		"""[]"""	"""[]"""				
Zalizniak-2024-4583-1642	1642			left (political)		"""[]"""	"""[]"""				
Zalizniak-2024-4583-1643	1643	2825	LEFT HANDED	left-handed		"""[]"""	"""[]"""				
Zalizniak-2024-4583-1644	1644			leg (furniture)		"""[]"""	"""[]"""				
Zalizniak-2024-4583-1645	1645			lemming		"""[]"""	"""[]"""				
Zalizniak-2024-4583-1646	1646	3091	LEMON	lemon		"""[]"""	"""[]"""				
Zalizniak-2024-4583-1647	1647			lemon balm		"""[]"""	"""[]"""				
Zalizniak-2024-4583-1648	1648	2537	LENGTH	length		"""[]"""	"""[]"""				
Zalizniak-2024-4583-1649	1649			lenient		"""[]"""	"""[]"""				
Zalizniak-2024-4583-1650	1650			lens		"""[]"""	"""[]"""				
Zalizniak-2024-4583-1651	1651			lenten (fare)		"""[]"""	"""[]"""				
Zalizniak-2024-4583-1652	1652	3330	LENTILS	lentil		"""[]"""	"""[]"""				
Zalizniak-2024-4583-1653	1653			Leo (constellation)		"""[]"""	"""[]"""				
Zalizniak-2024-4583-1654	1654			leper		"""[]"""	"""[]"""				
Zalizniak-2024-4583-1655	1655	3624	LEPROSY	leprosy		"""[]"""	"""[]"""				
Zalizniak-2024-4583-1656	1656			lesbian		"""[]"""	"""[]"""				
Zalizniak-2024-4583-1657	1657			letter (character)		"""[]"""	"""[]"""				
Zalizniak-2024-4583-1658	1658	1612	LETTER	letter (text)		"""[]"""	"""[]"""				
Zalizniak-2024-4583-1659	1659	3729	LETTUCE	lettuce		"""[]"""	"""[]"""				
Zalizniak-2024-4583-1660	1660	3469	LEVEL	level		"""[]"""	"""[]"""				
Zalizniak-2024-4583-1661	1661			Libra		"""[]"""	"""[]"""				
Zalizniak-2024-4583-1662	1662			lichen		"""[]"""	"""[]"""				
Zalizniak-2024-4583-1663	1663	2826	LIE (FALSEHOOD)	lie (n.), untruth		"""[]"""	"""[]"""				
Zalizniak-2024-4583-1664	1664			lier		"""[]"""	"""[]"""				
Zalizniak-2024-4583-1665	1665	210	LIFE	life		"""[]"""	"""[]"""				
Zalizniak-2024-4583-1666	1666			lifting machine		"""[]"""	"""[]"""				
Zalizniak-2024-4583-1667	1667			ligament (anat.)		"""[]"""	"""[]"""				
Zalizniak-2024-4583-1668	1668	630	LIGHT (RADIATION)	light (n.)		"""[]"""	"""[]"""				
Zalizniak-2024-4583-1669	1669	1052	LIGHT (WEIGHT)	light (of weight)		"""[]"""	"""[]"""				
Zalizniak-2024-4583-1670	1670	679	BRIGHT	light, bright, clear		"""[]"""	"""[]"""				
Zalizniak-2024-4583-1671	1671			light-headed		"""[]"""	"""[]"""				
Zalizniak-2024-4583-1672	1672	1654	LIGHTNING	lightning		"""[]"""	"""[]"""				
Zalizniak-2024-4583-1673	1673			*lightning		"""[]"""	"""[]"""				
Zalizniak-2024-4583-1674	1674			lily-of-the-valley (Convallaria majalis)		"""[]"""	"""[]"""				
Zalizniak-2024-4583-1675	1675			limit		"""[]"""	"""[]"""				
Zalizniak-2024-4583-1676	1676			linden		"""[]"""	"""[]"""				
Zalizniak-2024-4583-1677	1677	1048	LINE	line		"""[]"""	"""[]"""				
Zalizniak-2024-4583-1678	1678			line (in poetry)		"""[]"""	"""[]"""				
Zalizniak-2024-4583-1679	1679			lineage		"""[]"""	"""[]"""				
Zalizniak-2024-4583-1680	1680			lingonberry		"""[]"""	"""[]"""				
Zalizniak-2024-4583-1681	1681	1386	LION	lion (Panthera leo)		"""[]"""	"""[]"""				
Zalizniak-2024-4583-1682	1682	478	LIP	lip		"""[]"""	"""[]"""				
Zalizniak-2024-4583-1683	1683			liquid		"""[]"""	"""[]"""				
Zalizniak-2024-4583-1684	1684	58	LIQUID	liquid (adj.)		"""[]"""	"""[]"""				
Zalizniak-2024-4583-1685	1685			liquid food		"""[]"""	"""[]"""				
Zalizniak-2024-4583-1686	1686			listener		"""[]"""	"""[]"""				
Zalizniak-2024-4583-1687	1687			literacy		"""[]"""	"""[]"""				
Zalizniak-2024-4583-1688	1688			literally		"""[]"""	"""[]"""				
Zalizniak-2024-4583-1689	1689	2774	LITTLE FINGER	little finger		"""[]"""	"""[]"""				
Zalizniak-2024-4583-1690	1690	1246	SMALL	little, small		"""[]"""	"""[]"""				
Zalizniak-2024-4583-1691	1691			live-in son-in-law		"""[]"""	"""[]"""				
Zalizniak-2024-4583-1692	1692			livelihood		"""[]"""	"""[]"""				
Zalizniak-2024-4583-1693	1693			lively person		"""[]"""	"""[]"""				
Zalizniak-2024-4583-1694	1694	1224	LIVER	liver		"""[]"""	"""[]"""				
Zalizniak-2024-4583-1695	1695	632	LIZARD	lizard		"""[]"""	"""[]"""				
Zalizniak-2024-4583-1696	1696			loach (fish, Misgurnus)		"""[]"""	"""[]"""				
Zalizniak-2024-4583-1697	1697	2198	LOCATION OF EMOTIONS	location of emotions		"""[]"""	"""[]"""				
Zalizniak-2024-4583-1698	1698	1596	LOCK	lock (n.)		"""[]"""	"""[]"""				
Zalizniak-2024-4583-1699	1699			locked		"""[]"""	"""[]"""				
Zalizniak-2024-4583-1700	1700	810	LOCUST	locust		"""[]"""	"""[]"""				
Zalizniak-2024-4583-1701	1701			log		"""[]"""	"""[]"""				
Zalizniak-2024-4583-1702	1702	187	LOIN	loins		"""[]"""	"""[]"""				
Zalizniak-2024-4583-1703	1703	418	FOR A LONG TIME	long (period of time)		"""[]"""	"""[]"""				
Zalizniak-2024-4583-1704	1704	1203	LONG	long (size)		"""[]"""	"""[]"""				
Zalizniak-2024-4583-1705	1705	373	LONG AGO	long ago		"""[]"""	"""[]"""				
Zalizniak-2024-4583-1706	1706			*long ago		"""[]"""	"""[]"""				
Zalizniak-2024-4583-1707	1707			long-armed		"""[]"""	"""[]"""				
Zalizniak-2024-4583-1708	1708			long-fibred flax (Linum usitatissimum)		"""[]"""	"""[]"""				
Zalizniak-2024-4583-1709	1709			longitude		"""[]"""	"""[]"""				
Zalizniak-2024-4583-1710	1710			*look (n.)		"""[]"""	"""[]"""				
Zalizniak-2024-4583-1711	1711			loop		"""[]"""	"""[]"""				
Zalizniak-2024-4583-1712	1712	383	MASTER	lord, master		"""[]"""	"""[]"""				
Zalizniak-2024-4583-1713	1713			lose weight		"""[]"""	"""[]"""				
Zalizniak-2024-4583-1714	1714	3667	LOST	lost		"""[]"""	"""[]"""				
Zalizniak-2024-4583-1715	1715			lot		"""[]"""	"""[]"""				
Zalizniak-2024-4583-1716	1716	2359	LOTUS	lotus		"""[]"""	"""[]"""				
Zalizniak-2024-4583-1717	1717	377	LOUD	loud		"""[]"""	"""[]"""				
Zalizniak-2024-4583-1718	1718			loud sound		"""[]"""	"""[]"""				
Zalizniak-2024-4583-1719	1719	1392	LOUSE	louse		"""[]"""	"""[]"""				
Zalizniak-2024-4583-1720	1720	923	LOVE	love		"""[]"""	"""[]"""				
Zalizniak-2024-4583-1721	1721	721	LOW	low (location)		"""[]"""	"""[]"""				
Zalizniak-2024-4583-1722	1722	2191	LOW (HEIGHT)	low (size)		"""[]"""	"""[]"""				
Zalizniak-2024-4583-1723	1723			low (social)		"""[]"""	"""[]"""				
Zalizniak-2024-4583-1724	1724	2199	LOWER PART	lower part		"""[]"""	"""[]"""				
Zalizniak-2024-4583-1725	1725			lower reach (of river)		"""[]"""	"""[]"""				
Zalizniak-2024-4583-1726	1726	720	GOOD LUCK	luck		"""[]"""	"""[]"""				
Zalizniak-2024-4583-1727	1727			lump		"""[]"""	"""[]"""				
Zalizniak-2024-4583-1728	1728			lumpen		"""[]"""	"""[]"""				
Zalizniak-2024-4583-1729	1729	768	LUNCH	lunch, midday meal		"""[]"""	"""[]"""				
Zalizniak-2024-4583-1730	1730	688	LUNG	lung		"""[]"""	"""[]"""				
Zalizniak-2024-4583-1731	1731	3314	LYNX	lynx		"""[]"""	"""[]"""				
Zalizniak-2024-4583-1732	1732			lyre		"""[]"""	"""[]"""				
Zalizniak-2024-4583-1733	1733	1731	MORTAR BINDER	(masonry) mortar		"""[]"""	"""[]"""				
Zalizniak-2024-4583-1734	1734	2263	MALE (OF ANIMAL)	male animal		"""[]"""	"""[]"""				
Zalizniak-2024-4583-1735	1735	2244	METAL	metal		"""[]"""	"""[]"""				
Zalizniak-2024-4583-1736	1736			military rank		"""[]"""	"""[]"""				
Zalizniak-2024-4583-1737	1737	1559	MONEY	money		"""[]"""	"""[]"""				
Zalizniak-2024-4583-1738	1738	641	MUSHROOM	mushroom, fungus		"""[]"""	"""[]"""				
Zalizniak-2024-4583-1739	1739			musician		"""[]"""	"""[]"""				
Zalizniak-2024-4583-1740	1740			macereed (Typha)		"""[]"""	"""[]"""				
Zalizniak-2024-4583-1741	1741			*mad		"""[]"""	"""[]"""				
Zalizniak-2024-4583-1742	1742	392	MAGIC	magic		"""[]"""	"""[]"""				
Zalizniak-2024-4583-1743	1743			magical remedy		"""[]"""	"""[]"""				
Zalizniak-2024-4583-1744	1744			magnet		"""[]"""	"""[]"""				
Zalizniak-2024-4583-1745	1745	2039	MAGPIE	magpie (Pica pica)		"""[]"""	"""[]"""				
Zalizniak-2024-4583-1746	1746	1078	MAIN	main		"""[]"""	"""[]"""				
Zalizniak-2024-4583-1747	1747	506	MAIZE	maize		"""[]"""	"""[]"""				
Zalizniak-2024-4583-1748	1748			makara		"""[]"""	"""[]"""				
Zalizniak-2024-4583-1749	1749			*male (animal)		"""[]"""	"""[]"""				
Zalizniak-2024-4583-1750	1750			malignant (of tumor)		"""[]"""	"""[]"""				
Zalizniak-2024-4583-1751	1751			mallow		"""[]"""	"""[]"""				
Zalizniak-2024-4583-1752	1752	2106	MALE PERSON	man (male)		"""[]"""	"""[]"""				
Zalizniak-2024-4583-1753	1753			man with a big moustache		"""[]"""	"""[]"""				
Zalizniak-2024-4583-1754	1754			mandrake		"""[]"""	"""[]"""				
Zalizniak-2024-4583-1755	1755			mandrel (technology)		"""[]"""	"""[]"""				
Zalizniak-2024-4583-1756	1756	1918	MANE	mane		"""[]"""	"""[]"""				
Zalizniak-2024-4583-1757	1757	2398	MANGO	mango		"""[]"""	"""[]"""				
Zalizniak-2024-4583-1758	1758			mangy, scabby		"""[]"""	"""[]"""				
Zalizniak-2024-4583-1759	1759	488	MANNER	manner, way		"""[]"""	"""[]"""				
Zalizniak-2024-4583-1760	1760	3279	MANTIS	mantis		"""[]"""	"""[]"""				
Zalizniak-2024-4583-1761	1761			manufacturer, producer		"""[]"""	"""[]"""				
Zalizniak-2024-4583-1762	1762	1198	MANY	many, much		"""[]"""	"""[]"""				
Zalizniak-2024-4583-1763	1763	2997	COLORFUL	many-coloured, motley		"""[]"""	"""[]"""				
Zalizniak-2024-4583-1764	1764	3248	MAPLE TREE	maple		"""[]"""	"""[]"""				
Zalizniak-2024-4583-1765	1765			maple sugar		"""[]"""	"""[]"""				
Zalizniak-2024-4583-1766	1766			marble goby (Oxyeleotris marmorata)		"""[]"""	"""[]"""				
Zalizniak-2024-4583-1767	1767	2846	MARCH	March		"""[]"""	"""[]"""				
Zalizniak-2024-4583-1768	1768	938	MARE	mare		"""[]"""	"""[]"""				
Zalizniak-2024-4583-1769	1769			mark of wheels on the ground		"""[]"""	"""[]"""				
Zalizniak-2024-4583-1770	1770			mark, grade (at school)		"""[]"""	"""[]"""				
Zalizniak-2024-4583-1771	1771	633	MARKET	market		"""[]"""	"""[]"""				
Zalizniak-2024-4583-1772	1772	3719	MARMOT	marmot		"""[]"""	"""[]"""				
Zalizniak-2024-4583-1773	1773	2432	MARRIAGE	marriage		"""[]"""	"""[]"""				
Zalizniak-2024-4583-1774	1774			married		"""[]"""	"""[]"""				
Zalizniak-2024-4583-1775	1775			Mars		"""[]"""	"""[]"""				
Zalizniak-2024-4583-1776	1776			marsh mallow		"""[]"""	"""[]"""				
Zalizniak-2024-4583-1777	1777	3739	MARTEN	marten		"""[]"""	"""[]"""				
Zalizniak-2024-4583-1778	1778			martyr		"""[]"""	"""[]"""				
Zalizniak-2024-4583-1779	1779			Mary, mother of Jesus		"""[]"""	"""[]"""				
Zalizniak-2024-4583-1780	1780	2005	MASK	mask		"""[]"""	"""[]"""				
Zalizniak-2024-4583-1781	1781	195	MAT	mat		"""[]"""	"""[]"""				
Zalizniak-2024-4583-1782	1782			match		"""[]"""	"""[]"""				
Zalizniak-2024-4583-1783	1783	1133	MATCH	match (for fire)		"""[]"""	"""[]"""				
Zalizniak-2024-4583-1784	1784			matchmaker		"""[]"""	"""[]"""				
Zalizniak-2024-4583-1785	1785	2214	AFFAIR	matter, affair		"""[]"""	"""[]"""				
Zalizniak-2024-4583-1786	1786	105	MATTRESS	mattress		"""[]"""	"""[]"""				
Zalizniak-2024-4583-1787	1787	2848	MAY (MONTH)	May		"""[]"""	"""[]"""				
Zalizniak-2024-4583-1788	1788			may, to be allowed		"""[]"""	"""[]"""				
Zalizniak-2024-4583-1789	1789	2819	GRASSLAND	meadow		"""[]"""	"""[]"""				
Zalizniak-2024-4583-1790	1790			meadow-sweet		"""[]"""	"""[]"""				
Zalizniak-2024-4583-1791	1791	1526	MEAL	meal (process)		"""[]"""	"""[]"""				
Zalizniak-2024-4583-1792	1792			meandering, winding		"""[]"""	"""[]"""				
Zalizniak-2024-4583-1793	1793	2950	MEANING	meaning, sense		"""[]"""	"""[]"""				
Zalizniak-2024-4583-1794	1794			meaningless		"""[]"""	"""[]"""				
Zalizniak-2024-4583-1795	1795			means		"""[]"""	"""[]"""				
Zalizniak-2024-4583-1796	1796	3389	MEASLES	measles		"""[]"""	"""[]"""				
Zalizniak-2024-4583-1797	1797			measure of volume		"""[]"""	"""[]"""				
Zalizniak-2024-4583-1798	1798			measure of weight		"""[]"""	"""[]"""				
Zalizniak-2024-4583-1799	1799	634	MEAT	meat		"""[]"""	"""[]"""				
Zalizniak-2024-4583-1800	1800			meat jelly		"""[]"""	"""[]"""				
Zalizniak-2024-4583-1801	1801			mediator		"""[]"""	"""[]"""				
Zalizniak-2024-4583-1802	1802			medlar		"""[]"""	"""[]"""				
Zalizniak-2024-4583-1803	1803			medusa, jellyfish		"""[]"""	"""[]"""				
Zalizniak-2024-4583-1804	1804	1954	GENTLE	meek		"""[]"""	"""[]"""				
Zalizniak-2024-4583-1805	1805			meeting of witches		"""[]"""	"""[]"""				
Zalizniak-2024-4583-1806	1806			melancholy		"""[]"""	"""[]"""				
Zalizniak-2024-4583-1807	1807			melody, tune		"""[]"""	"""[]"""				
Zalizniak-2024-4583-1808	1808	507	MELON	melon (Cucumis melo)		"""[]"""	"""[]"""				
Zalizniak-2024-4583-1809	1809	2424	MEMBER	member		"""[]"""	"""[]"""				
Zalizniak-2024-4583-1810	1810			member of a retinue		"""[]"""	"""[]"""				
Zalizniak-2024-4583-1811	1811			member of criminal organisation		"""[]"""	"""[]"""				
Zalizniak-2024-4583-1812	1812			member of religious organisation		"""[]"""	"""[]"""				
Zalizniak-2024-4583-1813	1813	1018	MEMORY	memory		"""[]"""	"""[]"""				
Zalizniak-2024-4583-1814	1814	766	MENSTRUATION	menstruation		"""[]"""	"""[]"""				
Zalizniak-2024-4583-1815	1815			mental hospital		"""[]"""	"""[]"""				
Zalizniak-2024-4583-1816	1816	1082	MERCHANT	merchant		"""[]"""	"""[]"""				
Zalizniak-2024-4583-1817	1817			Mercury		"""[]"""	"""[]"""				
Zalizniak-2024-4583-1818	1818			mercury		"""[]"""	"""[]"""				
Zalizniak-2024-4583-1819	1819			mesentery		"""[]"""	"""[]"""				
Zalizniak-2024-4583-1820	1820			messenger		"""[]"""	"""[]"""				
Zalizniak-2024-4583-1821	1821			*metal		"""[]"""	"""[]"""				
Zalizniak-2024-4583-1822	1822	502	NAIL (TOOL)	metal spike		"""[]"""	"""[]"""				
Zalizniak-2024-4583-1823	1823			metalworker		"""[]"""	"""[]"""				
Zalizniak-2024-4583-1824	1824			meteor shower		"""[]"""	"""[]"""				
Zalizniak-2024-4583-1825	1825			meteorite		"""[]"""	"""[]"""				
Zalizniak-2024-4583-1826	1826			meter (device)		"""[]"""	"""[]"""				
Zalizniak-2024-4583-1827	1827			*mica		"""[]"""	"""[]"""				
Zalizniak-2024-4583-1828	1828			Michael (archangel)		"""[]"""	"""[]"""				
Zalizniak-2024-4583-1829	1829			Mid-Autumn		"""[]"""	"""[]"""				
Zalizniak-2024-4583-1830	1830	1093	MIDDLE	middle		"""[]"""	"""[]"""				
Zalizniak-2024-4583-1831	1831	3387	MIDDLE FINGER	middle finger		"""[]"""	"""[]"""				
Zalizniak-2024-4583-1832	1832			middle of nowhere, periphery		"""[]"""	"""[]"""				
Zalizniak-2024-4583-1833	1833	2656	MIDNIGHT	midnight		"""[]"""	"""[]"""				
Zalizniak-2024-4583-1834	1834	3859	MIDWIFE	midwife		"""[]"""	"""[]"""				
Zalizniak-2024-4583-1835	1835	635	MILK	milk		"""[]"""	"""[]"""				
Zalizniak-2024-4583-1836	1836			milk-tooth, deciduous tooth		"""[]"""	"""[]"""				
Zalizniak-2024-4583-1837	1837	2289	MILKY WAY	Milky Way		"""[]"""	"""[]"""				
Zalizniak-2024-4583-1838	1838	636	MILL	mill (n.)		"""[]"""	"""[]"""				
Zalizniak-2024-4583-1839	1839			mill race		"""[]"""	"""[]"""				
Zalizniak-2024-4583-1840	1840			millerbird (Acrocephalus etc.)		"""[]"""	"""[]"""				
Zalizniak-2024-4583-1841	1841	931	MILLET	millet		"""[]"""	"""[]"""				
Zalizniak-2024-4583-1842	1842	3533	ONE MILLION	million		"""[]"""	"""[]"""				
Zalizniak-2024-4583-1843	1843			millstone		"""[]"""	"""[]"""				
Zalizniak-2024-4583-1844	1844			milt (of fish)		"""[]"""	"""[]"""				
Zalizniak-2024-4583-1845	1845	1562	MIND	mind (n.)		"""[]"""	"""[]"""				
Zalizniak-2024-4583-1846	1846			mine (explosive device)		"""[]"""	"""[]"""				
Zalizniak-2024-4583-1847	1847			mine (underground tunnel)		"""[]"""	"""[]"""				
Zalizniak-2024-4583-1848	1848			mink		"""[]"""	"""[]"""				
Zalizniak-2024-4583-1849	1849			mint (coins producing)		"""[]"""	"""[]"""				
Zalizniak-2024-4583-1850	1850			mint (Mentha)		"""[]"""	"""[]"""				
Zalizniak-2024-4583-1851	1851			minute		"""[]"""	"""[]"""				
Zalizniak-2024-4583-1852	1852	2541	MIRACLE	miracle		"""[]"""	"""[]"""				
Zalizniak-2024-4583-1853	1853	1171	MIRROR	mirror		"""[]"""	"""[]"""				
Zalizniak-2024-4583-1854	1854			mirror (website)		"""[]"""	"""[]"""				
Zalizniak-2024-4583-1855	1855			mirror armour		"""[]"""	"""[]"""				
Zalizniak-2024-4583-1856	1856			mirror carp		"""[]"""	"""[]"""				
Zalizniak-2024-4583-1857	1857			mischievous person		"""[]"""	"""[]"""				
Zalizniak-2024-4583-1858	1858	3974	UNHAPPY	miserable, unhappy		"""[]"""	"""[]"""				
Zalizniak-2024-4583-1859	1859			*misfortune		"""[]"""	"""[]"""				
Zalizniak-2024-4583-1860	1860			missing, failing		"""[]"""	"""[]"""				
Zalizniak-2024-4583-1861	1861	249	FOG	mist, fog		"""[]"""	"""[]"""				
Zalizniak-2024-4583-1862	1862			mistress of a house		"""[]"""	"""[]"""				
Zalizniak-2024-4583-1863	1863			mistress, paramour		"""[]"""	"""[]"""				
Zalizniak-2024-4583-1864	1864			mobile		"""[]"""	"""[]"""				
Zalizniak-2024-4583-1865	1865			mock-orange		"""[]"""	"""[]"""				
Zalizniak-2024-4583-1866	1866			model		"""[]"""	"""[]"""				
Zalizniak-2024-4583-1867	1867			moderate		"""[]"""	"""[]"""				
Zalizniak-2024-4583-1868	1868			moderlieschen		"""[]"""	"""[]"""				
Zalizniak-2024-4583-1869	1869			moisture		"""[]"""	"""[]"""				
Zalizniak-2024-4583-1870	1870	1049	MOLAR TOOTH	molar (tooth)		"""[]"""	"""[]"""				
Zalizniak-2024-4583-1871	1871	3251	MOLD (GET ROTTEN)	mold		"""[]"""	"""[]"""				
Zalizniak-2024-4583-1872	1872	1907	MOLE	mole (Talpa)		"""[]"""	"""[]"""				
Zalizniak-2024-4583-1873	1873			mole cricket (Gryllotalpa)		"""[]"""	"""[]"""				
Zalizniak-2024-4583-1874	1874			monarch		"""[]"""	"""[]"""				
Zalizniak-2024-4583-1875	1875			monastery		"""[]"""	"""[]"""				
Zalizniak-2024-4583-1876	1876	1697	MONDAY	Monday		"""[]"""	"""[]"""				
Zalizniak-2024-4583-1877	1877			*money		"""[]"""	"""[]"""				
Zalizniak-2024-4583-1878	1878			*money		"""[]"""	"""[]"""				
Zalizniak-2024-4583-1879	1879	3017	MONITOR LIZARD	monitor lizard		"""[]"""	"""[]"""				
Zalizniak-2024-4583-1880	1880			monk		"""[]"""	"""[]"""				
Zalizniak-2024-4583-1881	1881	1350	MONKEY	monkey		"""[]"""	"""[]"""				
Zalizniak-2024-4583-1882	1882			monster (abnormal creature)		"""[]"""	"""[]"""				
Zalizniak-2024-4583-1883	1883			monster (supernatural)		"""[]"""	"""[]"""				
Zalizniak-2024-4583-1884	1884	1370	MONTH	month		"""[]"""	"""[]"""				
Zalizniak-2024-4583-1885	1885			mood		"""[]"""	"""[]"""				
Zalizniak-2024-4583-1886	1886	1313	MOON	moon		"""[]"""	"""[]"""				
Zalizniak-2024-4583-1887	1887	1772	ELK	moose		"""[]"""	"""[]"""				
Zalizniak-2024-4583-1888	1888			more probable		"""[]"""	"""[]"""				
Zalizniak-2024-4583-1889	1889			*more quickly		"""[]"""	"""[]"""				
Zalizniak-2024-4583-1890	1890	1339	MORNING	morning		"""[]"""	"""[]"""				
Zalizniak-2024-4583-1891	1891			mortal		"""[]"""	"""[]"""				
Zalizniak-2024-4583-1892	1892	224	MORTAR	mortar (bowl)		"""[]"""	"""[]"""				
Zalizniak-2024-4583-1893	1893			moslem		"""[]"""	"""[]"""				
Zalizniak-2024-4583-1894	1894			mosquito larva		"""[]"""	"""[]"""				
Zalizniak-2024-4583-1895	1895	1509	MOSQUITO	mosquito, gnat		"""[]"""	"""[]"""				
Zalizniak-2024-4583-1896	1896	637	MOSS	moss		"""[]"""	"""[]"""				
Zalizniak-2024-4583-1897	1897	2828	MOTH	moth		"""[]"""	"""[]"""				
Zalizniak-2024-4583-1898	1898	1216	MOTHER	mother		"""[]"""	"""[]"""				
Zalizniak-2024-4583-1899	1899	2256	MOTHER-IN-LAW (OF WOMAN)	mother of one's husband		"""[]"""	"""[]"""				
Zalizniak-2024-4583-1900	1900			mother tongue		"""[]"""	"""[]"""				
Zalizniak-2024-4583-1901	1901	1050	MOTHER-IN-LAW	mother-in-law		"""[]"""	"""[]"""				
Zalizniak-2024-4583-1902	1902			motherland		"""[]"""	"""[]"""				
Zalizniak-2024-4583-1903	1903			motherwort		"""[]"""	"""[]"""				
Zalizniak-2024-4583-1904	1904	1636	MOTIONLESS	motionless		"""[]"""	"""[]"""				
Zalizniak-2024-4583-1905	1905			Mount Meru		"""[]"""	"""[]"""				
Zalizniak-2024-4583-1906	1906	639	MOUNTAIN	mountain		"""[]"""	"""[]"""				
Zalizniak-2024-4583-1907	1907	2122	MOUNTAIN FOOT	mountain foot		"""[]"""	"""[]"""				
Zalizniak-2024-4583-1908	1908			mountain pass		"""[]"""	"""[]"""				
Zalizniak-2024-4583-1909	1909	2123	MOUNTAIN RIDGE	mountain ridge, edge		"""[]"""	"""[]"""				
Zalizniak-2024-4583-1910	1910	3076	SLOPE	mountain slope		"""[]"""	"""[]"""				
Zalizniak-2024-4583-1911	1911	1491	MOUSE	mouse		"""[]"""	"""[]"""				
Zalizniak-2024-4583-1912	1912	1165	MOUSTACHE	moustache		"""[]"""	"""[]"""				
Zalizniak-2024-4583-1913	1913	674	MOUTH	mouth		"""[]"""	"""[]"""				
Zalizniak-2024-4583-1914	1914	1701	RIVER MOUTH	mouth (of a river)		"""[]"""	"""[]"""				
Zalizniak-2024-4583-1915	1915			move (board games)		"""[]"""	"""[]"""				
Zalizniak-2024-4583-1916	1916	4121	SLIME	mucus, slime		"""[]"""	"""[]"""				
Zalizniak-2024-4583-1917	1917	640	MUD	mud		"""[]"""	"""[]"""				
Zalizniak-2024-4583-1918	1918	537	TURBID	muddy, turbid (of water)		"""[]"""	"""[]"""				
Zalizniak-2024-4583-1919	1919			muksun		"""[]"""	"""[]"""				
Zalizniak-2024-4583-1920	1920	890	MULE	mule		"""[]"""	"""[]"""				
Zalizniak-2024-4583-1921	1921			mumps		"""[]"""	"""[]"""				
Zalizniak-2024-4583-1922	1922	845	MURDER	murder		"""[]"""	"""[]"""				
Zalizniak-2024-4583-1923	1923			murderer		"""[]"""	"""[]"""				
Zalizniak-2024-4583-1924	1924	2139	MUROID (MOUSE OR RAT)	murine rodent		"""[]"""	"""[]"""				
Zalizniak-2024-4583-1925	1925	1004	MUSCLE	muscle		"""[]"""	"""[]"""				
Zalizniak-2024-4583-1926	1926			*mushroom		"""[]"""	"""[]"""				
Zalizniak-2024-4583-1927	1927			mushroom cap		"""[]"""	"""[]"""				
Zalizniak-2024-4583-1928	1928	642	MUSIC	music		"""[]"""	"""[]"""				
Zalizniak-2024-4583-1929	1929			musk gland		"""[]"""	"""[]"""				
Zalizniak-2024-4583-1930	1930			musk-deer (Moschus moschiferus)		"""[]"""	"""[]"""				
Zalizniak-2024-4583-1931	1931			muskox		"""[]"""	"""[]"""				
Zalizniak-2024-4583-1932	1932	971	MUST	must		"""[]"""	"""[]"""				
Zalizniak-2024-4583-1933	1933	1666	MUTE	mute, dumb		"""[]"""	"""[]"""				
Zalizniak-2024-4583-1934	1934	2200	SNOUT	muzzle		"""[]"""	"""[]"""				
Zalizniak-2024-4583-1935	1935			myriapod		"""[]"""	"""[]"""				
Zalizniak-2024-4583-1936	1936	1405	NAME	name of person		"""[]"""	"""[]"""				
Zalizniak-2024-4583-1937	1937			negative evaluation		"""[]"""	"""[]"""				
Zalizniak-2024-4583-1938	1938			noble rank, title		"""[]"""	"""[]"""				
Zalizniak-2024-4583-1939	1939	1182	NOISE	noise		"""[]"""	"""[]"""				
Zalizniak-2024-4583-1940	1940			*numeral		"""[]"""	"""[]"""				
Zalizniak-2024-4583-1941	1941	1896	FINGERNAIL OR TOENAIL	nail (body part)		"""[]"""	"""[]"""				
Zalizniak-2024-4583-1942	1942			*nail (metal spike)		"""[]"""	"""[]"""				
Zalizniak-2024-4583-1943	1943			nail-head		"""[]"""	"""[]"""				
Zalizniak-2024-4583-1944	1944	590	NAKED	naked, bare		"""[]"""	"""[]"""				
Zalizniak-2024-4583-1945	1945			*name		"""[]"""	"""[]"""				
Zalizniak-2024-4583-1946	1946			nameless		"""[]"""	"""[]"""				
Zalizniak-2024-4583-1947	1947			nap, shag (of a carpet)		"""[]"""	"""[]"""				
Zalizniak-2024-4583-1948	1948	1347	NAPE (OF NECK)	nape		"""[]"""	"""[]"""				
Zalizniak-2024-4583-1949	1949			naphthalene		"""[]"""	"""[]"""				
Zalizniak-2024-4583-1950	1950			narcotic drugs		"""[]"""	"""[]"""				
Zalizniak-2024-4583-1951	1951	1267	NARROW	narrow		"""[]"""	"""[]"""				
Zalizniak-2024-4583-1952	1952	1942	NEAR	narrow, close		"""[]"""	"""[]"""				
Zalizniak-2024-4583-1953	1953			narwhal (Monodon monoceros);		"""[]"""	"""[]"""				
Zalizniak-2024-4583-1954	1954			*native		"""[]"""	"""[]"""				
Zalizniak-2024-4583-1955	1955			*native land		"""[]"""	"""[]"""				
Zalizniak-2024-4583-1956	1956			nature		"""[]"""	"""[]"""				
Zalizniak-2024-4583-1957	1957			nausea		"""[]"""	"""[]"""				
Zalizniak-2024-4583-1958	1958	1838	NAVEL	navel		"""[]"""	"""[]"""				
Zalizniak-2024-4583-1959	1959			navy		"""[]"""	"""[]"""				
Zalizniak-2024-4583-1960	1960			*near		"""[]"""	"""[]"""				
Zalizniak-2024-4583-1961	1961	1030	NECESSARY	necessary		"""[]"""	"""[]"""				
Zalizniak-2024-4583-1962	1962	1333	NECK	neck		"""[]"""	"""[]"""				
Zalizniak-2024-4583-1963	1963			neck (of a musical instrument)		"""[]"""	"""[]"""				
Zalizniak-2024-4583-1964	1964			neck (of bottle etc.)		"""[]"""	"""[]"""				
Zalizniak-2024-4583-1965	1965			nectar		"""[]"""	"""[]"""				
Zalizniak-2024-4583-1966	1966	1382	NEEDLE (FOR SEWING)	needle		"""[]"""	"""[]"""				
Zalizniak-2024-4583-1967	1967			needle-leaved forest		"""[]"""	"""[]"""				
Zalizniak-2024-4583-1968	1968	1332	NEIGHBOUR	neighbour		"""[]"""	"""[]"""				
Zalizniak-2024-4583-1969	1969			nelma		"""[]"""	"""[]"""				
Zalizniak-2024-4583-1970	1970	1063	NEPHEW	nephew		"""[]"""	"""[]"""				
Zalizniak-2024-4583-1971	1971	539	NEST	nest (n.)		"""[]"""	"""[]"""				
Zalizniak-2024-4583-1972	1972			nestling, baby bird		"""[]"""	"""[]"""				
Zalizniak-2024-4583-1973	1973	2963	NET	net (n.)		"""[]"""	"""[]"""				
Zalizniak-2024-4583-1974	1974	33	NETTLE	nettle (Urtica)		"""[]"""	"""[]"""				
Zalizniak-2024-4583-1975	1975			nettle-rash		"""[]"""	"""[]"""				
Zalizniak-2024-4583-1976	1976			nevertheless		"""[]"""	"""[]"""				
Zalizniak-2024-4583-1977	1977	1231	NEW	new		"""[]"""	"""[]"""				
Zalizniak-2024-4583-1978	1978			new year		"""[]"""	"""[]"""				
Zalizniak-2024-4583-1979	1979			New Zealand fur seal		"""[]"""	"""[]"""				
Zalizniak-2024-4583-1980	1980			newborn baby		"""[]"""	"""[]"""				
Zalizniak-2024-4583-1981	1981			newlywed		"""[]"""	"""[]"""				
Zalizniak-2024-4583-1982	1982	2964	NEWS	news		"""[]"""	"""[]"""				
Zalizniak-2024-4583-1983	1983	1298	NEWSPAPER	newspaper		"""[]"""	"""[]"""				
Zalizniak-2024-4583-1984	1984			newspaper hoax		"""[]"""	"""[]"""				
Zalizniak-2024-4583-1985	1985	1354	NEXT	next		"""[]"""	"""[]"""				
Zalizniak-2024-4583-1986	1986			nickel		"""[]"""	"""[]"""				
Zalizniak-2024-4583-1987	1987	1642	NIECE	niece		"""[]"""	"""[]"""				
Zalizniak-2024-4583-1988	1988	1233	NIGHT	night		"""[]"""	"""[]"""				
Zalizniak-2024-4583-1989	1989			night-blindness		"""[]"""	"""[]"""				
Zalizniak-2024-4583-1990	1990	3723	NIGHTINGALE	nightingale		"""[]"""	"""[]"""				
Zalizniak-2024-4583-1991	1991			nimble, deft, quick		"""[]"""	"""[]"""				
Zalizniak-2024-4583-1992	1992	1483	NINE	nine		"""[]"""	"""[]"""				
Zalizniak-2024-4583-1993	1993	796	NIPPLE	nipple (part of the breast)		"""[]"""	"""[]"""				
Zalizniak-2024-4583-1994	1994	1269	NO	no		"""[]"""	"""[]"""				
Zalizniak-2024-4583-1995	1995	482	NOBLE	noble		"""[]"""	"""[]"""				
Zalizniak-2024-4583-1996	1996			node (part of a plant stem)		"""[]"""	"""[]"""				
Zalizniak-2024-4583-1997	1997			*noise		"""[]"""	"""[]"""				
Zalizniak-2024-4583-1998	1998			noisy place		"""[]"""	"""[]"""				
Zalizniak-2024-4583-1999	1999			nonsense		"""[]"""	"""[]"""				
Zalizniak-2024-4583-2000	2000	12	MIDDAY	noon		"""[]"""	"""[]"""				
Zalizniak-2024-4583-2001	2001			normal		"""[]"""	"""[]"""				
Zalizniak-2024-4583-2002	2002	1598	NORTH	North		"""[]"""	"""[]"""				
Zalizniak-2024-4583-2003	2003			northern fulmar (Fulmarus glacialis)		"""[]"""	"""[]"""				
Zalizniak-2024-4583-2004	2004	1221	NOSE	nose		"""[]"""	"""[]"""				
Zalizniak-2024-4583-2005	2005	1178	NOSTRIL	nostril		"""[]"""	"""[]"""				
Zalizniak-2024-4583-2006	2006			*not long		"""[]"""	"""[]"""				
Zalizniak-2024-4583-2007	2007	2201	LIGHT (SMELL OR TASTE)	not strong (of liquid or smell)		"""[]"""	"""[]"""				
Zalizniak-2024-4583-2008	2008			not to do		"""[]"""	"""[]"""				
Zalizniak-2024-4583-2009	2009			not working		"""[]"""	"""[]"""				
Zalizniak-2024-4583-2010	2010			note book		"""[]"""	"""[]"""				
Zalizniak-2024-4583-2011	2011			noticeable		"""[]"""	"""[]"""				
Zalizniak-2024-4583-2012	2012			noun (grammar)		"""[]"""	"""[]"""				
Zalizniak-2024-4583-2013	2013	2854	NOVEMBER	November		"""[]"""	"""[]"""				
Zalizniak-2024-4583-2014	2014			novice		"""[]"""	"""[]"""				
Zalizniak-2024-4583-2015	2015	1376	NOW	now		"""[]"""	"""[]"""				
Zalizniak-2024-4583-2016	2016			Nowruz		"""[]"""	"""[]"""				
Zalizniak-2024-4583-2017	2017			nucleus (in physics)		"""[]"""	"""[]"""				
Zalizniak-2024-4583-2018	2018			*number		"""[]"""	"""[]"""				
Zalizniak-2024-4583-2019	2019			*numerous		"""[]"""	"""[]"""				
Zalizniak-2024-4583-2020	2020			nun		"""[]"""	"""[]"""				
Zalizniak-2024-4583-2021	2021	1104	NURSE	nurse		"""[]"""	"""[]"""				
Zalizniak-2024-4583-2022	2022			nurse (junior medical staff)		"""[]"""	"""[]"""				
Zalizniak-2024-4583-2023	2023			nut, hazel		"""[]"""	"""[]"""				
Zalizniak-2024-4583-2024	2024			nutria, coypu		"""[]"""	"""[]"""				
Zalizniak-2024-4583-2025	2025	2430	OFFICE	office		"""[]"""	"""[]"""				
Zalizniak-2024-4583-2026	2026			orthopteran		"""[]"""	"""[]"""				
Zalizniak-2024-4583-2027	2027	644	OAK	oak		"""[]"""	"""[]"""				
Zalizniak-2024-4583-2028	2028	3137	OAR	oar		"""[]"""	"""[]"""				
Zalizniak-2024-4583-2029	2029	60	OAT	oat		"""[]"""	"""[]"""				
Zalizniak-2024-4583-2030	2030	1712	OATH	oath		"""[]"""	"""[]"""				
Zalizniak-2024-4583-2031	2031	4102	OBEDIENT	obedient		"""[]"""	"""[]"""				
Zalizniak-2024-4583-2032	2032			objection, contradiction		"""[]"""	"""[]"""				
Zalizniak-2024-4583-2033	2033			observer		"""[]"""	"""[]"""				
Zalizniak-2024-4583-2034	2034			obstacle		"""[]"""	"""[]"""				
Zalizniak-2024-4583-2035	2035	1842	OBSTINATE	obstinate		"""[]"""	"""[]"""				
Zalizniak-2024-4583-2036	2036	645	OCEAN	ocean		"""[]"""	"""[]"""				
Zalizniak-2024-4583-2037	2037			ochre		"""[]"""	"""[]"""				
Zalizniak-2024-4583-2038	2038	2853	OCTOBER	October		"""[]"""	"""[]"""				
Zalizniak-2024-4583-2039	2039			oesophagus		"""[]"""	"""[]"""				
Zalizniak-2024-4583-2040	2040	2202	HIGH-RANKING	of high rank		"""[]"""	"""[]"""				
Zalizniak-2024-4583-2041	2041			of low rank		"""[]"""	"""[]"""				
Zalizniak-2024-4583-2042	2042	3361	OFFICIAL	official (n.)		"""[]"""	"""[]"""				
Zalizniak-2024-4583-2043	2043			*offspring		"""[]"""	"""[]"""				
Zalizniak-2024-4583-2044	2044	1852	OFTEN	often		"""[]"""	"""[]"""				
Zalizniak-2024-4583-2045	2045	1484	OIL (ORGANIC SUBSTANCE)	oil (food)		"""[]"""	"""[]"""				
Zalizniak-2024-4583-2046	2046			oil particle		"""[]"""	"""[]"""				
Zalizniak-2024-4583-2047	2047	1926	OINTMENT	ointment		"""[]"""	"""[]"""				
Zalizniak-2024-4583-2048	2048			OK		"""[]"""	"""[]"""				
Zalizniak-2024-4583-2049	2049	2113	OLD (USED)	old (vs. new)		"""[]"""	"""[]"""				
Zalizniak-2024-4583-2050	2050	2112	OLD (AGED)	old (vs. young)		"""[]"""	"""[]"""				
Zalizniak-2024-4583-2051	2051	406	OLD MAN	old man		"""[]"""	"""[]"""				
Zalizniak-2024-4583-2052	2052			*old man/grandfather		"""[]"""	"""[]"""				
Zalizniak-2024-4583-2053	2053	907	OLD WOMAN	old woman		"""[]"""	"""[]"""				
Zalizniak-2024-4583-2054	2054			oleander		"""[]"""	"""[]"""				
Zalizniak-2024-4583-2055	2055	1154	OLIVE	olive (Olea europaea)		"""[]"""	"""[]"""				
Zalizniak-2024-4583-2056	2056	107	OMEN	omen		"""[]"""	"""[]"""				
Zalizniak-2024-4583-2057	2057			on all fours		"""[]"""	"""[]"""				
Zalizniak-2024-4583-2058	2058			on the outside		"""[]"""	"""[]"""				
Zalizniak-2024-4583-2059	2059			one (unit)		"""[]"""	"""[]"""				
Zalizniak-2024-4583-2060	2060	3532	ONE HUNDRED THOUSAND	one hundred thousand		"""[]"""	"""[]"""				
Zalizniak-2024-4583-2061	2061			one piece (at counting)		"""[]"""	"""[]"""				
Zalizniak-2024-4583-2062	2062			one's own		"""[]"""	"""[]"""				
Zalizniak-2024-4583-2063	2063	2366	ONION	onion		"""[]"""	"""[]"""				
Zalizniak-2024-4583-2064	2064	1580	ONLY	only, just		"""[]"""	"""[]"""				
Zalizniak-2024-4583-2065	2065	3235	OPEN (STATE)	open (adj.)		"""[]"""	"""[]"""				
Zalizniak-2024-4583-2066	2066			open-eyed		"""[]"""	"""[]"""				
Zalizniak-2024-4583-2067	2067			opening of a sack		"""[]"""	"""[]"""				
Zalizniak-2024-4583-2068	2068	1667	HOLE	opening, hole		"""[]"""	"""[]"""				
Zalizniak-2024-4583-2069	2069	4113	OPINION	opinion		"""[]"""	"""[]"""				
Zalizniak-2024-4583-2070	2070	309	OPOSSUM	opossum		"""[]"""	"""[]"""				
Zalizniak-2024-4583-2071	2071			opportunity		"""[]"""	"""[]"""				
Zalizniak-2024-4583-2072	2072	885	OPPOSITE	opposite		"""[]"""	"""[]"""				
Zalizniak-2024-4583-2073	2073	2627	ORANGE (FRUIT)	orange (plant)		"""[]"""	"""[]"""				
Zalizniak-2024-4583-2074	2074			orator		"""[]"""	"""[]"""				
Zalizniak-2024-4583-2075	2075	1128	ORDER	order		"""[]"""	"""[]"""				
Zalizniak-2024-4583-2076	2076			ordinary, common		"""[]"""	"""[]"""				
Zalizniak-2024-4583-2077	2077			oregano		"""[]"""	"""[]"""				
Zalizniak-2024-4583-2078	2078			organ (anatomy)		"""[]"""	"""[]"""				
Zalizniak-2024-4583-2079	2079			origin		"""[]"""	"""[]"""				
Zalizniak-2024-4583-2080	2080			original		"""[]"""	"""[]"""				
Zalizniak-2024-4583-2081	2081	1149	ORPHAN	orphan		"""[]"""	"""[]"""				
Zalizniak-2024-4583-2082	2082			osprey (Pandion haliaёtus)		"""[]"""	"""[]"""				
Zalizniak-2024-4583-2083	2083	3797	OSTRICH	ostrich		"""[]"""	"""[]"""				
Zalizniak-2024-4583-2084	2084	197	OTHER	other		"""[]"""	"""[]"""				
Zalizniak-2024-4583-2085	2085			other`s		"""[]"""	"""[]"""				
Zalizniak-2024-4583-2086	2086	15	OTTER	otter (Lutra lutra)		"""[]"""	"""[]"""				
Zalizniak-2024-4583-2087	2087			outbuilding		"""[]"""	"""[]"""				
Zalizniak-2024-4583-2088	2088			outwards		"""[]"""	"""[]"""				
Zalizniak-2024-4583-2089	2089	1143	OVEN	oven		"""[]"""	"""[]"""				
Zalizniak-2024-4583-2090	2090			overcoat		"""[]"""	"""[]"""				
Zalizniak-2024-4583-2091	2091	735	OWL	owl		"""[]"""	"""[]"""				
Zalizniak-2024-4583-2092	2092			own (of a relative)		"""[]"""	"""[]"""				
Zalizniak-2024-4583-2093	2093	1036	OWNER	owner		"""[]"""	"""[]"""				
Zalizniak-2024-4583-2094	2094			*owner (female)		"""[]"""	"""[]"""				
Zalizniak-2024-4583-2095	2095	934	BUFFALO	owre, buffalo (Bubalus bubalis)		"""[]"""	"""[]"""				
Zalizniak-2024-4583-2096	2096	1169	OX	ox		"""[]"""	"""[]"""				
Zalizniak-2024-4583-2097	2097			person of a different faith		"""[]"""	"""[]"""				
Zalizniak-2024-4583-2098	2098			place name		"""[]"""	"""[]"""				
Zalizniak-2024-4583-2099	2099	653	PLANT (VEGETATION)	plant (biol.)		"""[]"""	"""[]"""				
Zalizniak-2024-4583-2100	2100			positive evaluation		"""[]"""	"""[]"""				
Zalizniak-2024-4583-2101	2101	852	PRIEST	priest		"""[]"""	"""[]"""				
Zalizniak-2024-4583-2102	2102			profession		"""[]"""	"""[]"""				
Zalizniak-2024-4583-2103	2103			pacemaker (running)		"""[]"""	"""[]"""				
Zalizniak-2024-4583-2104	2104			pack of cards		"""[]"""	"""[]"""				
Zalizniak-2024-4583-2105	2105			page		"""[]"""	"""[]"""				
Zalizniak-2024-4583-2106	2106	1783	PAIN	pain		"""[]"""	"""[]"""				
Zalizniak-2024-4583-2107	2107	647	PAINT (PIGMENTS)	paint, dye (n.)		"""[]"""	"""[]"""				
Zalizniak-2024-4583-2108	2108	1888	PAIR	pair		"""[]"""	"""[]"""				
Zalizniak-2024-4583-2109	2109			pair of compasses		"""[]"""	"""[]"""				
Zalizniak-2024-4583-2110	2110	4059	PALACE	palace		"""[]"""	"""[]"""				
Zalizniak-2024-4583-2111	2111			palatal (sound)		"""[]"""	"""[]"""				
Zalizniak-2024-4583-2112	2112	540	PALATE	palate		"""[]"""	"""[]"""				
Zalizniak-2024-4583-2113	2113			pale		"""[]"""	"""[]"""				
Zalizniak-2024-4583-2114	2114	1183	PALM OF HAND	palm (body part)		"""[]"""	"""[]"""				
Zalizniak-2024-4583-2115	2115	1181	PALM TREE	palm (tree)		"""[]"""	"""[]"""				
Zalizniak-2024-4583-2116	2116			palmyra palm		"""[]"""	"""[]"""				
Zalizniak-2024-4583-2117	2117	3252	PANCREAS	pancreas		"""[]"""	"""[]"""				
Zalizniak-2024-4583-2118	2118	469	PANDANUS	pandanus		"""[]"""	"""[]"""				
Zalizniak-2024-4583-2119	2119	648	PAPER	paper		"""[]"""	"""[]"""				
Zalizniak-2024-4583-2120	2120			papular eruption (on the skin)		"""[]"""	"""[]"""				
Zalizniak-2024-4583-2121	2121			parachute		"""[]"""	"""[]"""				
Zalizniak-2024-4583-2122	2122			*paragraph		"""[]"""	"""[]"""				
Zalizniak-2024-4583-2123	2123			paralyzed		"""[]"""	"""[]"""				
Zalizniak-2024-4583-2124	2124	505	PARENTS	parents		"""[]"""	"""[]"""				
Zalizniak-2024-4583-2125	2125			parliament		"""[]"""	"""[]"""				
Zalizniak-2024-4583-2126	2126	4061	PARSLEY	parsley		"""[]"""	"""[]"""				
Zalizniak-2024-4583-2127	2127			parsnip		"""[]"""	"""[]"""				
Zalizniak-2024-4583-2128	2128	779	PART	part		"""[]"""	"""[]"""				
Zalizniak-2024-4583-2129	2129			participant in the ritual wedding procession		"""[]"""	"""[]"""				
Zalizniak-2024-4583-2130	2130	3681	PARTRIDGE	partridge		"""[]"""	"""[]"""				
Zalizniak-2024-4583-2131	2131			*party, soiree		"""[]"""	"""[]"""				
Zalizniak-2024-4583-2132	2132			pass (document allowing admission)		"""[]"""	"""[]"""				
Zalizniak-2024-4583-2133	2133			passageway		"""[]"""	"""[]"""				
Zalizniak-2024-4583-2134	2134			passion (in game)		"""[]"""	"""[]"""				
Zalizniak-2024-4583-2135	2135			*passionate about		"""[]"""	"""[]"""				
Zalizniak-2024-4583-2136	2136	1880	PASSIONATE	passionate, zealous		"""[]"""	"""[]"""				
Zalizniak-2024-4583-2137	2137			password		"""[]"""	"""[]"""				
Zalizniak-2024-4583-2138	2138			patch		"""[]"""	"""[]"""				
Zalizniak-2024-4583-2139	2139			patience		"""[]"""	"""[]"""				
Zalizniak-2024-4583-2140	2140			patron, protector		"""[]"""	"""[]"""				
Zalizniak-2024-4583-2141	2141	2965	PAW	paw		"""[]"""	"""[]"""				
Zalizniak-2024-4583-2142	2142			pawn (in chess)		"""[]"""	"""[]"""				
Zalizniak-2024-4583-2143	2143			payment		"""[]"""	"""[]"""				
Zalizniak-2024-4583-2144	2144	2025	PEA	pea		"""[]"""	"""[]"""				
Zalizniak-2024-4583-2145	2145	1338	PEACE	peace		"""[]"""	"""[]"""				
Zalizniak-2024-4583-2146	2146	2043	PEACH	peach		"""[]"""	"""[]"""				
Zalizniak-2024-4583-2147	2147	3382	PEACOCK	peacock		"""[]"""	"""[]"""				
Zalizniak-2024-4583-2148	2148	1614	SUMMIT	peak of mountain		"""[]"""	"""[]"""				
Zalizniak-2024-4583-2149	2149	595	GROUNDNUT (PEANUT)	peanut		"""[]"""	"""[]"""				
Zalizniak-2024-4583-2150	2150	922	PEAR	pear		"""[]"""	"""[]"""				
Zalizniak-2024-4583-2151	2151	3325	PEARL	pearl		"""[]"""	"""[]"""				
Zalizniak-2024-4583-2152	2152			pearl barley		"""[]"""	"""[]"""				
Zalizniak-2024-4583-2153	2153			pedestal		"""[]"""	"""[]"""				
Zalizniak-2024-4583-2154	2154			*pedestrian		"""[]"""	"""[]"""				
Zalizniak-2024-4583-2155	2155			pedestrian crossing		"""[]"""	"""[]"""				
Zalizniak-2024-4583-2156	2156			peephole		"""[]"""	"""[]"""				
Zalizniak-2024-4583-2157	2157			peer		"""[]"""	"""[]"""				
Zalizniak-2024-4583-2158	2158			peled		"""[]"""	"""[]"""				
Zalizniak-2024-4583-2159	2159	472	PELICAN	pelican (Pelecanus)		"""[]"""	"""[]"""				
Zalizniak-2024-4583-2160	2160			pellicle, membrane		"""[]"""	"""[]"""				
Zalizniak-2024-4583-2161	2161			pelvis		"""[]"""	"""[]"""				
Zalizniak-2024-4583-2162	2162	794	PEN	pen (for writing)		"""[]"""	"""[]"""				
Zalizniak-2024-4583-2163	2163	2578	PENCIL	pencil		"""[]"""	"""[]"""				
Zalizniak-2024-4583-2164	2164			pendulum		"""[]"""	"""[]"""				
Zalizniak-2024-4583-2165	2165	1222	PENIS	penis		"""[]"""	"""[]"""				
Zalizniak-2024-4583-2166	2166			people (pl.)		"""[]"""	"""[]"""				
Zalizniak-2024-4583-2167	2167	789	PEOPLE	people, nation		"""[]"""	"""[]"""				
Zalizniak-2024-4583-2168	2168			pepperwort		"""[]"""	"""[]"""				
Zalizniak-2024-4583-2169	2169	2966	PERCH (FISH)	perch (Perca fluviatilis)		"""[]"""	"""[]"""				
Zalizniak-2024-4583-2170	2170			perfect person		"""[]"""	"""[]"""				
Zalizniak-2024-4583-2171	2171			perfect, complete		"""[]"""	"""[]"""				
Zalizniak-2024-4583-2172	2172			*perfectr, complete		"""[]"""	"""[]"""				
Zalizniak-2024-4583-2173	2173			perfume, scent		"""[]"""	"""[]"""				
Zalizniak-2024-4583-2174	2174			pericarp of a lotus		"""[]"""	"""[]"""				
Zalizniak-2024-4583-2175	2175	508	PERIOD	period of time		"""[]"""	"""[]"""				
Zalizniak-2024-4583-2176	2176			permission		"""[]"""	"""[]"""				
Zalizniak-2024-4583-2177	2177	2044	PERSIMMON	persimmon		"""[]"""	"""[]"""				
Zalizniak-2024-4583-2178	2178			persistent		"""[]"""	"""[]"""				
Zalizniak-2024-4583-2179	2179			person (grammar)		"""[]"""	"""[]"""				
Zalizniak-2024-4583-2180	2180			person of small stature		"""[]"""	"""[]"""				
Zalizniak-2024-4583-2181	2181			petrel (Procellaria)		"""[]"""	"""[]"""				
Zalizniak-2024-4583-2182	2182	650	PETROLEUM	petroleum, oil		"""[]"""	"""[]"""				
Zalizniak-2024-4583-2183	2183	1175	GHOST	phantom, ghost		"""[]"""	"""[]"""				
Zalizniak-2024-4583-2184	2184			pharaoh		"""[]"""	"""[]"""				
Zalizniak-2024-4583-2185	2185	3060	PHEASANT	pheasant		"""[]"""	"""[]"""				
Zalizniak-2024-4583-2186	2186			phosphorus		"""[]"""	"""[]"""				
Zalizniak-2024-4583-2187	2187	3304	PICTURE (PHOTOGRAPH)	photograph		"""[]"""	"""[]"""				
Zalizniak-2024-4583-2188	2188			pickaxe		"""[]"""	"""[]"""				
Zalizniak-2024-4583-2189	2189	2401	PICTURE	picture		"""[]"""	"""[]"""				
Zalizniak-2024-4583-2190	2190	594	PIECE	piece		"""[]"""	"""[]"""				
Zalizniak-2024-4583-2191	2191	1337	PIG	pig (Sus scrofa)		"""[]"""	"""[]"""				
Zalizniak-2024-4583-2192	2192	1853	DOVE	pigeon (Columba)		"""[]"""	"""[]"""				
Zalizniak-2024-4583-2193	2193	2564	PIGLET	piglet		"""[]"""	"""[]"""				
Zalizniak-2024-4583-2194	2194			pig`s snout		"""[]"""	"""[]"""				
Zalizniak-2024-4583-2195	2195	2967	PIKE (FISH)	pike (fish)		"""[]"""	"""[]"""				
Zalizniak-2024-4583-2196	2196			*pill, tablet		"""[]"""	"""[]"""				
Zalizniak-2024-4583-2197	2197	2045	COLUMN	pillar		"""[]"""	"""[]"""				
Zalizniak-2024-4583-2198	2198	1044	PILLOW	pillow		"""[]"""	"""[]"""				
Zalizniak-2024-4583-2199	2199			pillowcase		"""[]"""	"""[]"""				
Zalizniak-2024-4583-2200	2200			pilot sucker		"""[]"""	"""[]"""				
Zalizniak-2024-4583-2201	2201	1809	PIMPLE	pimple		"""[]"""	"""[]"""				
Zalizniak-2024-4583-2202	2202			*pincer (of a lobster, crab)		"""[]"""	"""[]"""				
Zalizniak-2024-4583-2203	2203			pine needle		"""[]"""	"""[]"""				
Zalizniak-2024-4583-2204	2204	1740	PINE	pine-tree		"""[]"""	"""[]"""				
Zalizniak-2024-4583-2205	2205	2440	PINEAPPLE	pineapple		"""[]"""	"""[]"""				
Zalizniak-2024-4583-2206	2206	3446	PINK	pink		"""[]"""	"""[]"""				
Zalizniak-2024-4583-2207	2207			pink salmon (Oncorhynchus gorbuscha)		"""[]"""	"""[]"""				
Zalizniak-2024-4583-2208	2208			pip (disease of birds)		"""[]"""	"""[]"""				
Zalizniak-2024-4583-2209	2209			piper (musician)		"""[]"""	"""[]"""				
Zalizniak-2024-4583-2210	2210			Pisces		"""[]"""	"""[]"""				
Zalizniak-2024-4583-2211	2211	2539	PIT (POTHOLE)	pit		"""[]"""	"""[]"""				
Zalizniak-2024-4583-2212	2212	337	PITCHFORK	pitchfork		"""[]"""	"""[]"""				
Zalizniak-2024-4583-2213	2213			pith, medulla		"""[]"""	"""[]"""				
Zalizniak-2024-4583-2214	2214	723	PLACE (POSITION)	place		"""[]"""	"""[]"""				
Zalizniak-2024-4583-2215	2215			place of employment, job		"""[]"""	"""[]"""				
Zalizniak-2024-4583-2216	2216			plaice (fish)		"""[]"""	"""[]"""				
Zalizniak-2024-4583-2217	2217			plaintive		"""[]"""	"""[]"""				
Zalizniak-2024-4583-2218	2218			*plait, braid		"""[]"""	"""[]"""				
Zalizniak-2024-4583-2219	2219	4042	PLANET	planet		"""[]"""	"""[]"""				
Zalizniak-2024-4583-2220	2220			*plant (biol.)		"""[]"""	"""[]"""				
Zalizniak-2024-4583-2221	2221			*plant-louse ( Aphidae)		"""[]"""	"""[]"""				
Zalizniak-2024-4583-2222	2222	3221	PLANTAGO	plantain (Plantago)		"""[]"""	"""[]"""				
Zalizniak-2024-4583-2223	2223	1486	PLANT (SOMETHING)	planting (in ground)		"""[]"""	"""[]"""				
Zalizniak-2024-4583-2224	2224	654	PLASTIC	plastic		"""[]"""	"""[]"""				
Zalizniak-2024-4583-2225	2225			platan		"""[]"""	"""[]"""				
Zalizniak-2024-4583-2226	2226	480	PLATE	plate (a serving dish)		"""[]"""	"""[]"""				
Zalizniak-2024-4583-2227	2227			plateau		"""[]"""	"""[]"""				
Zalizniak-2024-4583-2228	2228			platinum		"""[]"""	"""[]"""				
Zalizniak-2024-4583-2229	2229			playing cards		"""[]"""	"""[]"""				
Zalizniak-2024-4583-2230	2230			pleasant		"""[]"""	"""[]"""				
Zalizniak-2024-4583-2231	2231	3916	PLEASURE	pleasure		"""[]"""	"""[]"""				
Zalizniak-2024-4583-2232	2232			Pleiades		"""[]"""	"""[]"""				
Zalizniak-2024-4583-2233	2233			plot of land		"""[]"""	"""[]"""				
Zalizniak-2024-4583-2234	2234	2154	PLOUGH (INSTRUMENT)	plough, ard		"""[]"""	"""[]"""				
Zalizniak-2024-4583-2235	2235	1921	PLOUGH	ploughing		"""[]"""	"""[]"""				
Zalizniak-2024-4583-2236	2236			ploughshare		"""[]"""	"""[]"""				
Zalizniak-2024-4583-2237	2237	4063	PLUM	plum		"""[]"""	"""[]"""				
Zalizniak-2024-4583-2238	2238	2744	PLUM BLOSSOM	plum blossom		"""[]"""	"""[]"""				
Zalizniak-2024-4583-2239	2239	1851	POCKET	pocket		"""[]"""	"""[]"""				
Zalizniak-2024-4583-2240	2240			pockmarked		"""[]"""	"""[]"""				
Zalizniak-2024-4583-2241	2241			pod		"""[]"""	"""[]"""				
Zalizniak-2024-4583-2242	2242	1045	POET	poet		"""[]"""	"""[]"""				
Zalizniak-2024-4583-2243	2243	541	POETRY	poetry		"""[]"""	"""[]"""				
Zalizniak-2024-4583-2244	2244	655	POISON	poison		"""[]"""	"""[]"""				
Zalizniak-2024-4583-2245	2245	888	POISONOUS	poisonous		"""[]"""	"""[]"""				
Zalizniak-2024-4583-2246	2246			*poisonous		"""[]"""	"""[]"""				
Zalizniak-2024-4583-2247	2247			polar night		"""[]"""	"""[]"""				
Zalizniak-2024-4583-2248	2248			pole (geographical)		"""[]"""	"""[]"""				
Zalizniak-2024-4583-2249	2249	281	POST	pole (long stick)		"""[]"""	"""[]"""				
Zalizniak-2024-4583-2250	2250			*Pole Star		"""[]"""	"""[]"""				
Zalizniak-2024-4583-2251	2251			polecat, ferret (Mustela putorius)		"""[]"""	"""[]"""				
Zalizniak-2024-4583-2252	2252			police officer		"""[]"""	"""[]"""				
Zalizniak-2024-4583-2253	2253	3300	POLITE	polite		"""[]"""	"""[]"""				
Zalizniak-2024-4583-2254	2254			political party		"""[]"""	"""[]"""				
Zalizniak-2024-4583-2255	2255			pollen		"""[]"""	"""[]"""				
Zalizniak-2024-4583-2256	2256	3732	POMEGRANATE	pomegranate		"""[]"""	"""[]"""				
Zalizniak-2024-4583-2257	2257			pondweed		"""[]"""	"""[]"""				
Zalizniak-2024-4583-2258	2258	1674	POOR	poor, needy		"""[]"""	"""[]"""				
Zalizniak-2024-4583-2259	2259			*poor, needy		"""[]"""	"""[]"""				
Zalizniak-2024-4583-2260	2260			popcorn		"""[]"""	"""[]"""				
Zalizniak-2024-4583-2261	2261			pope		"""[]"""	"""[]"""				
Zalizniak-2024-4583-2262	2262	821	POPLAR	poplar (Populus alba)		"""[]"""	"""[]"""				
Zalizniak-2024-4583-2263	2263			poppy (Papaver somniferum)		"""[]"""	"""[]"""				
Zalizniak-2024-4583-2264	2264			porcelain		"""[]"""	"""[]"""				
Zalizniak-2024-4583-2265	2265	2510	PORCUPINE	porcupine		"""[]"""	"""[]"""				
Zalizniak-2024-4583-2266	2266	1462	POT	pot		"""[]"""	"""[]"""				
Zalizniak-2024-4583-2267	2267	593	POTATO	potato		"""[]"""	"""[]"""				
Zalizniak-2024-4583-2268	2268			pottery fragment		"""[]"""	"""[]"""				
Zalizniak-2024-4583-2269	2269	4066	POVERTY	poverty		"""[]"""	"""[]"""				
Zalizniak-2024-4583-2270	2270	3368	POWDER	powder		"""[]"""	"""[]"""				
Zalizniak-2024-4583-2271	2271			powdery mildew		"""[]"""	"""[]"""				
Zalizniak-2024-4583-2272	2272	2526	POWER	power, authority		"""[]"""	"""[]"""				
Zalizniak-2024-4583-2273	2273			powerless		"""[]"""	"""[]"""				
Zalizniak-2024-4583-2274	2274			prayer (text)		"""[]"""	"""[]"""				
Zalizniak-2024-4583-2275	2275	618	PRECIPICE	precipice, abyss		"""[]"""	"""[]"""				
Zalizniak-2024-4583-2276	2276	2717	STEEP	precipitous		"""[]"""	"""[]"""				
Zalizniak-2024-4583-2277	2277			predator		"""[]"""	"""[]"""				
Zalizniak-2024-4583-2278	2278	1123	PREGNANT	pregnant		"""[]"""	"""[]"""				
Zalizniak-2024-4583-2279	2279	2982	GIFT	present, gift		"""[]"""	"""[]"""				
Zalizniak-2024-4583-2280	2280			previous		"""[]"""	"""[]"""				
Zalizniak-2024-4583-2281	2281	657	PRICE	price		"""[]"""	"""[]"""				
Zalizniak-2024-4583-2282	2282			prickly, thorned		"""[]"""	"""[]"""				
Zalizniak-2024-4583-2283	2283	3915	PRIDE	pride		"""[]"""	"""[]"""				
Zalizniak-2024-4583-2284	2284			*priest (Christianity)		"""[]"""	"""[]"""				
Zalizniak-2024-4583-2285	2285			*priest's headgear		"""[]"""	"""[]"""				
Zalizniak-2024-4583-2286	2286			priest's wife		"""[]"""	"""[]"""				
Zalizniak-2024-4583-2287	2287	2554	PRINCE (RULER)	prince		"""[]"""	"""[]"""				
Zalizniak-2024-4583-2288	2288			princess		"""[]"""	"""[]"""				
Zalizniak-2024-4583-2289	2289	1281	PRISON	prison		"""[]"""	"""[]"""				
Zalizniak-2024-4583-2290	2290			probably		"""[]"""	"""[]"""				
Zalizniak-2024-4583-2291	2291	2425	PROBLEM	problem (mathematics)		"""[]"""	"""[]"""				
Zalizniak-2024-4583-2292	2292			*profession		"""[]"""	"""[]"""				
Zalizniak-2024-4583-2293	2293			*profit, gain (n.)		"""[]"""	"""[]"""				
Zalizniak-2024-4583-2294	2294			profiteer		"""[]"""	"""[]"""				
Zalizniak-2024-4583-2295	2295			*profound		"""[]"""	"""[]"""				
Zalizniak-2024-4583-2296	2296			promise (n.)		"""[]"""	"""[]"""				
Zalizniak-2024-4583-2297	2297			pronoun		"""[]"""	"""[]"""				
Zalizniak-2024-4583-2298	2298			propeller (of boat engine)		"""[]"""	"""[]"""				
Zalizniak-2024-4583-2299	2299			*proper arrangement, order		"""[]"""	"""[]"""				
Zalizniak-2024-4583-2300	2300	3860	POSSESSIONS	property, possessions		"""[]"""	"""[]"""				
Zalizniak-2024-4583-2301	2301			prophet		"""[]"""	"""[]"""				
Zalizniak-2024-4583-2302	2302			prose		"""[]"""	"""[]"""				
Zalizniak-2024-4583-2303	2303			prosperity		"""[]"""	"""[]"""				
Zalizniak-2024-4583-2304	2304			prostate		"""[]"""	"""[]"""				
Zalizniak-2024-4583-2305	2305	4083	PROTECTION	protection, patronage		"""[]"""	"""[]"""				
Zalizniak-2024-4583-2306	2306			protégé		"""[]"""	"""[]"""				
Zalizniak-2024-4583-2307	2307			protein		"""[]"""	"""[]"""				
Zalizniak-2024-4583-2308	2308			protrusion at the end of a key		"""[]"""	"""[]"""				
Zalizniak-2024-4583-2309	2309	174	PROUD	proud		"""[]"""	"""[]"""				
Zalizniak-2024-4583-2310	2310	3646	PROVERB	proverb		"""[]"""	"""[]"""				
Zalizniak-2024-4583-2311	2311			puffball		"""[]"""	"""[]"""				
Zalizniak-2024-4583-2312	2312	864	PUMPKIN	pumpkin		"""[]"""	"""[]"""				
Zalizniak-2024-4583-2313	2313			pungent (odour)		"""[]"""	"""[]"""				
Zalizniak-2024-4583-2314	2314	390	PUNISHMENT	punishment		"""[]"""	"""[]"""				
Zalizniak-2024-4583-2315	2315	1658	PUPIL	pupil (of an eye)		"""[]"""	"""[]"""				
Zalizniak-2024-4583-2316	2316			puppet, lay figure		"""[]"""	"""[]"""				
Zalizniak-2024-4583-2317	2317	74	PUPPY	puppy (of a dog)		"""[]"""	"""[]"""				
Zalizniak-2024-4583-2318	2318	1147	PURE	pure		"""[]"""	"""[]"""				
Zalizniak-2024-4583-2319	2319			purgative (medicine)		"""[]"""	"""[]"""				
Zalizniak-2024-4583-2320	2320	1808	PUS	pus		"""[]"""	"""[]"""				
Zalizniak-2024-4583-2321	2321			push button		"""[]"""	"""[]"""				
Zalizniak-2024-4583-2322	2322			pyrite		"""[]"""	"""[]"""				
Zalizniak-2024-4583-2323	2323	2945	COUNT (QUANTITY)	quantity		"""[]"""	"""[]"""				
Zalizniak-2024-4583-2324	2324	1848	QUARREL	quarrel		"""[]"""	"""[]"""				
Zalizniak-2024-4583-2325	2325	1306	QUEEN	queen		"""[]"""	"""[]"""				
Zalizniak-2024-4583-2326	2326			queen (bee)		"""[]"""	"""[]"""				
Zalizniak-2024-4583-2327	2327			queen (playing card)		"""[]"""	"""[]"""				
Zalizniak-2024-4583-2328	2328			queen (termites and ants)		"""[]"""	"""[]"""				
Zalizniak-2024-4583-2329	2329			queen, princess		"""[]"""	"""[]"""				
Zalizniak-2024-4583-2330	2330			queue		"""[]"""	"""[]"""				
Zalizniak-2024-4583-2331	2331	1631	FAST	quick		"""[]"""	"""[]"""				
Zalizniak-2024-4583-2332	2332	1314	QUIET	quiet (vs. loud)		"""[]"""	"""[]"""				
Zalizniak-2024-4583-2333	2333			quince		"""[]"""	"""[]"""				
Zalizniak-2024-4583-2334	2334			quinsy		"""[]"""	"""[]"""				
Zalizniak-2024-4583-2335	2335			quite, rather		"""[]"""	"""[]"""				
Zalizniak-2024-4583-2336	2336	995	QUIVER (FOR ARROWS)	quiver		"""[]"""	"""[]"""				
Zalizniak-2024-4583-2337	2337			quotation mark		"""[]"""	"""[]"""				
Zalizniak-2024-4583-2338	2338			ready meal		"""[]"""	"""[]"""				
Zalizniak-2024-4583-2339	2339			religious festival		"""[]"""	"""[]"""				
Zalizniak-2024-4583-2340	2340			rural foot-wear		"""[]"""	"""[]"""				
Zalizniak-2024-4583-2341	2341	2203	RABID	rabid		"""[]"""	"""[]"""				
Zalizniak-2024-4583-2342	2342	828	RACCOON	raccoon		"""[]"""	"""[]"""				
Zalizniak-2024-4583-2343	2343			race, ethnos		"""[]"""	"""[]"""				
Zalizniak-2024-4583-2344	2344			radiointerference		"""[]"""	"""[]"""				
Zalizniak-2024-4583-2345	2345	2365	RADISH	radish		"""[]"""	"""[]"""				
Zalizniak-2024-4583-2346	2346			radius (bone)		"""[]"""	"""[]"""				
Zalizniak-2024-4583-2347	2347			radius (geometry)		"""[]"""	"""[]"""				
Zalizniak-2024-4583-2348	2348	1664	RAFT	raft		"""[]"""	"""[]"""				
Zalizniak-2024-4583-2349	2349	332	RAG	rag, duster		"""[]"""	"""[]"""				
Zalizniak-2024-4583-2350	2350			railcar		"""[]"""	"""[]"""				
Zalizniak-2024-4583-2351	2351	658	RAIN (PRECIPITATION)	rain		"""[]"""	"""[]"""				
Zalizniak-2024-4583-2352	2352	1733	RAINBOW	rainbow		"""[]"""	"""[]"""				
Zalizniak-2024-4583-2353	2353			rainbow smelt		"""[]"""	"""[]"""				
Zalizniak-2024-4583-2354	2354	4139	RAISIN	raisin		"""[]"""	"""[]"""				
Zalizniak-2024-4583-2355	2355	338	RAKE	rake		"""[]"""	"""[]"""				
Zalizniak-2024-4583-2356	2356	1344	RAM	ram		"""[]"""	"""[]"""				
Zalizniak-2024-4583-2357	2357			Ranunculus		"""[]"""	"""[]"""				
Zalizniak-2024-4583-2358	2358	1670	RAPIDS	rapids		"""[]"""	"""[]"""				
Zalizniak-2024-4583-2359	2359	209	RARE	rare		"""[]"""	"""[]"""				
Zalizniak-2024-4583-2360	2360			rash, eruption		"""[]"""	"""[]"""				
Zalizniak-2024-4583-2361	2361	3803	RASPBERRY	raspberry		"""[]"""	"""[]"""				
Zalizniak-2024-4583-2362	2362	1490	RAT	rat		"""[]"""	"""[]"""				
Zalizniak-2024-4583-2363	2363			rather (preference)		"""[]"""	"""[]"""				
Zalizniak-2024-4583-2364	2364	2543	RAVEN	raven		"""[]"""	"""[]"""				
Zalizniak-2024-4583-2365	2365	1930	RAVINE	ravine		"""[]"""	"""[]"""				
Zalizniak-2024-4583-2366	2366	1959	RAW	raw		"""[]"""	"""[]"""				
Zalizniak-2024-4583-2367	2367			*raw		"""[]"""	"""[]"""				
Zalizniak-2024-4583-2368	2368			raw material		"""[]"""	"""[]"""				
Zalizniak-2024-4583-2369	2369			ray		"""[]"""	"""[]"""				
Zalizniak-2024-4583-2370	2370	790	READY	ready		"""[]"""	"""[]"""				
Zalizniak-2024-4583-2371	2371			rear		"""[]"""	"""[]"""				
Zalizniak-2024-4583-2372	2372			rear end		"""[]"""	"""[]"""				
Zalizniak-2024-4583-2373	2373			recent		"""[]"""	"""[]"""				
Zalizniak-2024-4583-2374	2374			recently		"""[]"""	"""[]"""				
Zalizniak-2024-4583-2375	2375	156	RED	red		"""[]"""	"""[]"""				
Zalizniak-2024-4583-2376	2376			red panda		"""[]"""	"""[]"""				
Zalizniak-2024-4583-2377	2377			redfin dace		"""[]"""	"""[]"""				
Zalizniak-2024-4583-2378	2378			*reed		"""[]"""	"""[]"""				
Zalizniak-2024-4583-2379	2379			reed (in loom)		"""[]"""	"""[]"""				
Zalizniak-2024-4583-2380	2380			reflection (in the mirror, water)		"""[]"""	"""[]"""				
Zalizniak-2024-4583-2381	2381			region		"""[]"""	"""[]"""				
Zalizniak-2024-4583-2382	2382	1876	REINDEER	reindeer		"""[]"""	"""[]"""				
Zalizniak-2024-4583-2383	2383			reindeer calf		"""[]"""	"""[]"""				
Zalizniak-2024-4583-2384	2384			relation, connection		"""[]"""	"""[]"""				
Zalizniak-2024-4583-2385	2385	1644	RELATIVES	relative (n.)		"""[]"""	"""[]"""				
Zalizniak-2024-4583-2386	2386			reliable, trustworthy		"""[]"""	"""[]"""				
Zalizniak-2024-4583-2387	2387			remembrance		"""[]"""	"""[]"""				
Zalizniak-2024-4583-2388	2388			remote area		"""[]"""	"""[]"""				
Zalizniak-2024-4583-2389	2389	4098	REPUTATION	reputation		"""[]"""	"""[]"""				
Zalizniak-2024-4583-2390	2390			resentment, offense		"""[]"""	"""[]"""				
Zalizniak-2024-4583-2391	2391	664	RESIN	resin, tar		"""[]"""	"""[]"""				
Zalizniak-2024-4583-2392	2392	1912	RESPECT (NOUN)	respect (n.)		"""[]"""	"""[]"""				
Zalizniak-2024-4583-2393	2393			respected, venerable		"""[]"""	"""[]"""				
Zalizniak-2024-4583-2394	2394			*rest (n.)		"""[]"""	"""[]"""				
Zalizniak-2024-4583-2395	2395	3969	RESULT	result, outcome		"""[]"""	"""[]"""				
Zalizniak-2024-4583-2396	2396			resurrection		"""[]"""	"""[]"""				
Zalizniak-2024-4583-2397	2397			retina		"""[]"""	"""[]"""				
Zalizniak-2024-4583-2398	2398	495	REVENGE	revenge		"""[]"""	"""[]"""				
Zalizniak-2024-4583-2399	2399			rheumatism		"""[]"""	"""[]"""				
Zalizniak-2024-4583-2400	2400	2591	RHINOCEROS	rhinoceros		"""[]"""	"""[]"""				
Zalizniak-2024-4583-2401	2401			*rhinoceros		"""[]"""	"""[]"""				
Zalizniak-2024-4583-2402	2402			rhombus		"""[]"""	"""[]"""				
Zalizniak-2024-4583-2403	2403			rhubarb		"""[]"""	"""[]"""				
Zalizniak-2024-4583-2404	2404	801	RIB	rib		"""[]"""	"""[]"""				
Zalizniak-2024-4583-2405	2405			rib (part of a ship’s framework)		"""[]"""	"""[]"""				
Zalizniak-2024-4583-2406	2406	926	RICE	rice		"""[]"""	"""[]"""				
Zalizniak-2024-4583-2407	2407	712	RICH	rich		"""[]"""	"""[]"""				
Zalizniak-2024-4583-2408	2408	2970	RIDDLE	riddle		"""[]"""	"""[]"""				
Zalizniak-2024-4583-2409	2409	280	RIDGEPOLE	ridgepole		"""[]"""	"""[]"""				
Zalizniak-2024-4583-2410	2410			*right		"""[]"""	"""[]"""				
Zalizniak-2024-4583-2411	2411			right (political)		"""[]"""	"""[]"""				
Zalizniak-2024-4583-2412	2412	1019	RIGHT	right (vs. left)		"""[]"""	"""[]"""				
Zalizniak-2024-4583-2413	2413			right side		"""[]"""	"""[]"""				
Zalizniak-2024-4583-2414	2414			ring finger		"""[]"""	"""[]"""				
Zalizniak-2024-4583-2415	2415	666	RIVER	river		"""[]"""	"""[]"""				
Zalizniak-2024-4583-2416	2416	993	RIVER BED	river-bed		"""[]"""	"""[]"""				
Zalizniak-2024-4583-2417	2417	667	ROAD	road		"""[]"""	"""[]"""				
Zalizniak-2024-4583-2418	2418			roasted		"""[]"""	"""[]"""				
Zalizniak-2024-4583-2419	2419			robbery		"""[]"""	"""[]"""				
Zalizniak-2024-4583-2420	2420	992	CLIFF	rock, crag, cliff		"""[]"""	"""[]"""				
Zalizniak-2024-4583-2421	2421	669	RODENT	rodent		"""[]"""	"""[]"""				
Zalizniak-2024-4583-2422	2422			rolling-pin		"""[]"""	"""[]"""				
Zalizniak-2024-4583-2423	2423			Romani		"""[]"""	"""[]"""				
Zalizniak-2024-4583-2424	2424	769	ROOF	roof		"""[]"""	"""[]"""				
Zalizniak-2024-4583-2425	2425			rook		"""[]"""	"""[]"""				
Zalizniak-2024-4583-2426	2426			rook (chess)		"""[]"""	"""[]"""				
Zalizniak-2024-4583-2427	2427	1450	ROOM	room		"""[]"""	"""[]"""				
Zalizniak-2024-4583-2428	2428	1511	ROOSTER	rooster		"""[]"""	"""[]"""				
Zalizniak-2024-4583-2429	2429			root (arithmetic)		"""[]"""	"""[]"""				
Zalizniak-2024-4583-2430	2430	670	ROOT	root (of a plant)		"""[]"""	"""[]"""				
Zalizniak-2024-4583-2431	2431			root (of a word)		"""[]"""	"""[]"""				
Zalizniak-2024-4583-2432	2432			root of equation		"""[]"""	"""[]"""				
Zalizniak-2024-4583-2433	2433			root of tooth		"""[]"""	"""[]"""				
Zalizniak-2024-4583-2434	2434			root vegetable		"""[]"""	"""[]"""				
Zalizniak-2024-4583-2435	2435	1218	ROPE	rope, cord		"""[]"""	"""[]"""				
Zalizniak-2024-4583-2436	2436	3882	ROSE	rose		"""[]"""	"""[]"""				
Zalizniak-2024-4583-2437	2437			rose apple (Syzygium)		"""[]"""	"""[]"""				
Zalizniak-2024-4583-2438	2438			rose chafer		"""[]"""	"""[]"""				
Zalizniak-2024-4583-2439	2439	1728	ROTTEN	rotten		"""[]"""	"""[]"""				
Zalizniak-2024-4583-2440	2440			rough wool		"""[]"""	"""[]"""				
Zalizniak-2024-4583-2441	2441	1923	ROUGH	rough, uneven		"""[]"""	"""[]"""				
Zalizniak-2024-4583-2442	2442	1395	ROUND	round (adj.)		"""[]"""	"""[]"""				
Zalizniak-2024-4583-2443	2443			round object		"""[]"""	"""[]"""				
Zalizniak-2024-4583-2444	2444			rowan		"""[]"""	"""[]"""				
Zalizniak-2024-4583-2445	2445	4064	RUBBER	rubber		"""[]"""	"""[]"""				
Zalizniak-2024-4583-2446	2446			ruby (stone)		"""[]"""	"""[]"""				
Zalizniak-2024-4583-2447	2447	108	RUDDER	rudder (of a boat)		"""[]"""	"""[]"""				
Zalizniak-2024-4583-2448	2448			*rude, impolite		"""[]"""	"""[]"""				
Zalizniak-2024-4583-2449	2449			ruff		"""[]"""	"""[]"""				
Zalizniak-2024-4583-2450	2450			ruff (bird)		"""[]"""	"""[]"""				
Zalizniak-2024-4583-2451	2451			ruff (fish)		"""[]"""	"""[]"""				
Zalizniak-2024-4583-2452	2452			rule, regulations		"""[]"""	"""[]"""				
Zalizniak-2024-4583-2453	2453	63	RUMOUR	rumour		"""[]"""	"""[]"""				
Zalizniak-2024-4583-2454	2454			runner		"""[]"""	"""[]"""				
Zalizniak-2024-4583-2455	2455			rural		"""[]"""	"""[]"""				
Zalizniak-2024-4583-2456	2456			rush (plant)		"""[]"""	"""[]"""				
Zalizniak-2024-4583-2457	2457			Russian		"""[]"""	"""[]"""				
Zalizniak-2024-4583-2458	2458			Russian desman		"""[]"""	"""[]"""				
Zalizniak-2024-4583-2459	2459	3064	RUST	rust (n.)		"""[]"""	"""[]"""				
Zalizniak-2024-4583-2460	2460			rust (plant disease)		"""[]"""	"""[]"""				
Zalizniak-2024-4583-2461	2461			rusty		"""[]"""	"""[]"""				
Zalizniak-2024-4583-2462	2462			rut		"""[]"""	"""[]"""				
Zalizniak-2024-4583-2463	2463	23	RYE	rye		"""[]"""	"""[]"""				
Zalizniak-2024-4583-2464	2464			rye bread		"""[]"""	"""[]"""				
Zalizniak-2024-4583-2465	2465	944	SALMON	salmon		"""[]"""	"""[]"""				
Zalizniak-2024-4583-2466	2466			small artifact		"""[]"""	"""[]"""				
Zalizniak-2024-4583-2467	2467			*small insect		"""[]"""	"""[]"""				
Zalizniak-2024-4583-2468	2468	3606	STURGEON	sturgeon		"""[]"""	"""[]"""				
Zalizniak-2024-4583-2469	2469			swimming bird		"""[]"""	"""[]"""				
Zalizniak-2024-4583-2470	2470			sabbath		"""[]"""	"""[]"""				
Zalizniak-2024-4583-2471	2471			sable		"""[]"""	"""[]"""				
Zalizniak-2024-4583-2472	2472			sabrefish		"""[]"""	"""[]"""				
Zalizniak-2024-4583-2473	2473			sack, bag		"""[]"""	"""[]"""				
Zalizniak-2024-4583-2474	2474	1702	HOLY	sacred, holy		"""[]"""	"""[]"""				
Zalizniak-2024-4583-2475	2475	1103	SACRIFICE	sacrifice		"""[]"""	"""[]"""				
Zalizniak-2024-4583-2476	2476			sacrum (bone)		"""[]"""	"""[]"""				
Zalizniak-2024-4583-2477	2477	699	SAD	sad		"""[]"""	"""[]"""				
Zalizniak-2024-4583-2478	2478	3065	SADDLE	saddle		"""[]"""	"""[]"""				
Zalizniak-2024-4583-2479	2479			saddleback		"""[]"""	"""[]"""				
Zalizniak-2024-4583-2480	2480	3854	SADNESS	sadness		"""[]"""	"""[]"""				
Zalizniak-2024-4583-2481	2481	4085	SAFETY	safety		"""[]"""	"""[]"""				
Zalizniak-2024-4583-2482	2482			saffron		"""[]"""	"""[]"""				
Zalizniak-2024-4583-2483	2483			Sagittarius		"""[]"""	"""[]"""				
Zalizniak-2024-4583-2484	2484			saiga antelope		"""[]"""	"""[]"""				
Zalizniak-2024-4583-2485	2485	786	SAILCLOTH	sail (n.)		"""[]"""	"""[]"""				
Zalizniak-2024-4583-2486	2486	4050	SAILOR	*sailor		"""[]"""	"""[]"""				
Zalizniak-2024-4583-2487	2487			saint		"""[]"""	"""[]"""				
Zalizniak-2024-4583-2488	2488			Saint Demetrius		"""[]"""	"""[]"""				
Zalizniak-2024-4583-2489	2489			Saint George’s Day		"""[]"""	"""[]"""				
Zalizniak-2024-4583-2490	2490	2404	SANTA CLAUS	Saint Nicholas		"""[]"""	"""[]"""				
Zalizniak-2024-4583-2491	2491			Saint-John's-wort (Hypericum)		"""[]"""	"""[]"""				
Zalizniak-2024-4583-2492	2492	4041	SALAD	salad		"""[]"""	"""[]"""				
Zalizniak-2024-4583-2493	2493	1122	WAGES	salary		"""[]"""	"""[]"""				
Zalizniak-2024-4583-2494	2494			salsify		"""[]"""	"""[]"""				
Zalizniak-2024-4583-2495	2495	1274	SALT	salt		"""[]"""	"""[]"""				
Zalizniak-2024-4583-2496	2496	1091	SALTY	salty		"""[]"""	"""[]"""				
Zalizniak-2024-4583-2497	2497			Samhain		"""[]"""	"""[]"""				
Zalizniak-2024-4583-2498	2498			Samsara		"""[]"""	"""[]"""				
Zalizniak-2024-4583-2499	2499	671	SAND	sand		"""[]"""	"""[]"""				
Zalizniak-2024-4583-2500	2500	345	SAP	sap (of a plant)		"""[]"""	"""[]"""				
Zalizniak-2024-4583-2501	2501			sapling		"""[]"""	"""[]"""				
Zalizniak-2024-4583-2502	2502			sapwood, alburnum		"""[]"""	"""[]"""				
Zalizniak-2024-4583-2503	2503			sarcastic		"""[]"""	"""[]"""				
Zalizniak-2024-4583-2504	2504			sated with food		"""[]"""	"""[]"""				
Zalizniak-2024-4583-2505	2505			satellite of a planet		"""[]"""	"""[]"""				
Zalizniak-2024-4583-2506	2506			sati (Hindu practice)		"""[]"""	"""[]"""				
Zalizniak-2024-4583-2507	2507			satintails (Imperata)		"""[]"""	"""[]"""				
Zalizniak-2024-4583-2508	2508			saturated (of colour)		"""[]"""	"""[]"""				
Zalizniak-2024-4583-2509	2509			saturated (with something)		"""[]"""	"""[]"""				
Zalizniak-2024-4583-2510	2510	1700	SATURDAY	Saturday		"""[]"""	"""[]"""				
Zalizniak-2024-4583-2511	2511			Saturn		"""[]"""	"""[]"""				
Zalizniak-2024-4583-2512	2512	1874	SAUSAGE	sausage		"""[]"""	"""[]"""				
Zalizniak-2024-4583-2513	2513	1948	SAW	saw		"""[]"""	"""[]"""				
Zalizniak-2024-4583-2514	2514			sawdust		"""[]"""	"""[]"""				
Zalizniak-2024-4583-2515	2515			scale insect		"""[]"""	"""[]"""				
Zalizniak-2024-4583-2516	2516	266	SCALE	scale, squama		"""[]"""	"""[]"""				
Zalizniak-2024-4583-2517	2517	2783	SCALES (MEASURE INSTRUMENT)	scales,  weighing machine		"""[]"""	"""[]"""				
Zalizniak-2024-4583-2518	2518			scandal		"""[]"""	"""[]"""				
Zalizniak-2024-4583-2519	2519	542	SCANTY	scanty, not numerous		"""[]"""	"""[]"""				
Zalizniak-2024-4583-2520	2520			*scanty, scarce		"""[]"""	"""[]"""				
Zalizniak-2024-4583-2521	2521	497	SCAR	scar		"""[]"""	"""[]"""				
Zalizniak-2024-4583-2522	2522	3066	SCARF OR TURBAN	scarf		"""[]"""	"""[]"""				
Zalizniak-2024-4583-2523	2523			*scarlet fever		"""[]"""	"""[]"""				
Zalizniak-2024-4583-2524	2524			scarlet pimpernel (Anagallis arvensis)		"""[]"""	"""[]"""				
Zalizniak-2024-4583-2525	2525			scatterbrain		"""[]"""	"""[]"""				
Zalizniak-2024-4583-2526	2526	356	SHEARS	scissors		"""[]"""	"""[]"""				
Zalizniak-2024-4583-2527	2527	1538	SCORPION	scorpion		"""[]"""	"""[]"""				
Zalizniak-2024-4583-2528	2528			Scorpius		"""[]"""	"""[]"""				
Zalizniak-2024-4583-2529	2529			scoundrel		"""[]"""	"""[]"""				
Zalizniak-2024-4583-2530	2530			screen (in cinema)		"""[]"""	"""[]"""				
Zalizniak-2024-4583-2531	2531			screen, cover		"""[]"""	"""[]"""				
Zalizniak-2024-4583-2532	2532	1802	SCREW	screw, screw-bolt		"""[]"""	"""[]"""				
Zalizniak-2024-4583-2533	2533	2834	SCROTUM	scrotum		"""[]"""	"""[]"""				
Zalizniak-2024-4583-2534	2534	20	SCYTHE	scythe		"""[]"""	"""[]"""				
Zalizniak-2024-4583-2535	2535	1474	SEA	sea		"""[]"""	"""[]"""				
Zalizniak-2024-4583-2536	2536	950	SEAGULL	seagull		"""[]"""	"""[]"""				
Zalizniak-2024-4583-2537	2537	2586	SEAHORSE	seahorse (Hippocampus)		"""[]"""	"""[]"""				
Zalizniak-2024-4583-2538	2538	651	SEAL	seal (animal)		"""[]"""	"""[]"""				
Zalizniak-2024-4583-2539	2539			seal, stamp		"""[]"""	"""[]"""				
Zalizniak-2024-4583-2540	2540	691	SEASON	season (of the year)		"""[]"""	"""[]"""				
Zalizniak-2024-4583-2541	2541			seasonal flooding		"""[]"""	"""[]"""				
Zalizniak-2024-4583-2542	2542	1476	CHAIR	seat, chair		"""[]"""	"""[]"""				
Zalizniak-2024-4583-2543	2543			second (measure of time)		"""[]"""	"""[]"""				
Zalizniak-2024-4583-2544	2544	1384	SECOND	second (num.)		"""[]"""	"""[]"""				
Zalizniak-2024-4583-2545	2545			second wife		"""[]"""	"""[]"""				
Zalizniak-2024-4583-2546	2546	1121	SECRET	secret		"""[]"""	"""[]"""				
Zalizniak-2024-4583-2547	2547			secret (n)		"""[]"""	"""[]"""				
Zalizniak-2024-4583-2548	2548			*secret; covert		"""[]"""	"""[]"""				
Zalizniak-2024-4583-2549	2549			sediment		"""[]"""	"""[]"""				
Zalizniak-2024-4583-2550	2550			seesaw		"""[]"""	"""[]"""				
Zalizniak-2024-4583-2551	2551	1993	SELF	self		"""[]"""	"""[]"""				
Zalizniak-2024-4583-2552	2552	2520	SMELLING (OLFACTORY SENSE)	sense of smell		"""[]"""	"""[]"""				
Zalizniak-2024-4583-2553	2553			sense, perception		"""[]"""	"""[]"""				
Zalizniak-2024-4583-2554	2554			sensitive		"""[]"""	"""[]"""				
Zalizniak-2024-4583-2555	2555			sensitive (instrument)		"""[]"""	"""[]"""				
Zalizniak-2024-4583-2556	2556			sensitive (person)		"""[]"""	"""[]"""				
Zalizniak-2024-4583-2557	2557			sensitive, keen (of hearing)		"""[]"""	"""[]"""				
Zalizniak-2024-4583-2558	2558			*sentence (by a court)		"""[]"""	"""[]"""				
Zalizniak-2024-4583-2559	2559			separate (adj.)		"""[]"""	"""[]"""				
Zalizniak-2024-4583-2560	2560			separately		"""[]"""	"""[]"""				
Zalizniak-2024-4583-2561	2561	2852	SEPTEMBER	September		"""[]"""	"""[]"""				
Zalizniak-2024-4583-2562	2562	255	SERVANT	servant		"""[]"""	"""[]"""				
Zalizniak-2024-4583-2563	2563			service, good turn		"""[]"""	"""[]"""				
Zalizniak-2024-4583-2564	2564	1704	SEVEN	seven		"""[]"""	"""[]"""				
Zalizniak-2024-4583-2565	2565	1721	SEVENTY	seventy		"""[]"""	"""[]"""				
Zalizniak-2024-4583-2566	2566			*several		"""[]"""	"""[]"""				
Zalizniak-2024-4583-2567	2567			severe (about pain)		"""[]"""	"""[]"""				
Zalizniak-2024-4583-2568	2568	419	SEVERE	severe, harsh		"""[]"""	"""[]"""				
Zalizniak-2024-4583-2569	2569			sexual partner		"""[]"""	"""[]"""				
Zalizniak-2024-4583-2570	2570			sexually attractive		"""[]"""	"""[]"""				
Zalizniak-2024-4583-2571	2571			sexually transmitted disease		"""[]"""	"""[]"""				
Zalizniak-2024-4583-2572	2572			shadberry		"""[]"""	"""[]"""				
Zalizniak-2024-4583-2573	2573			*shade		"""[]"""	"""[]"""				
Zalizniak-2024-4583-2574	2574	2275	SHADOW	shadow		"""[]"""	"""[]"""				
Zalizniak-2024-4583-2575	2575			*shadow		"""[]"""	"""[]"""				
Zalizniak-2024-4583-2576	2576			shadow side		"""[]"""	"""[]"""				
Zalizniak-2024-4583-2577	2577			shadow theatre		"""[]"""	"""[]"""				
Zalizniak-2024-4583-2578	2578			shahada		"""[]"""	"""[]"""				
Zalizniak-2024-4583-2579	2579	193	SHALLOW	shallow		"""[]"""	"""[]"""				
Zalizniak-2024-4583-2580	2580	394	SHAMAN (FOLK HEALER)	shaman		"""[]"""	"""[]"""				
Zalizniak-2024-4583-2581	2581			shaman hand drum		"""[]"""	"""[]"""				
Zalizniak-2024-4583-2582	2582	1776	SHAME	shame		"""[]"""	"""[]"""				
Zalizniak-2024-4583-2583	2583	3747	SHAPE	shape, form		"""[]"""	"""[]"""				
Zalizniak-2024-4583-2584	2584			shapeless		"""[]"""	"""[]"""				
Zalizniak-2024-4583-2585	2585			share; stock		"""[]"""	"""[]"""				
Zalizniak-2024-4583-2586	2586	1110	SHARK	shark		"""[]"""	"""[]"""				
Zalizniak-2024-4583-2587	2587	1396	SHARP	sharp		"""[]"""	"""[]"""				
Zalizniak-2024-4583-2588	2588	2992	TIP (OF OBJECT)	sharp point		"""[]"""	"""[]"""				
Zalizniak-2024-4583-2589	2589			sharpshooter		"""[]"""	"""[]"""				
Zalizniak-2024-4583-2590	2590			sheaf		"""[]"""	"""[]"""				
Zalizniak-2024-4583-2591	2591	3424	SHEATH	sheath		"""[]"""	"""[]"""				
Zalizniak-2024-4583-2592	2592	1331	SHEEP	sheep		"""[]"""	"""[]"""				
Zalizniak-2024-4583-2593	2593			sheet of paper		"""[]"""	"""[]"""				
Zalizniak-2024-4583-2594	2594			shell (of an egg)		"""[]"""	"""[]"""				
Zalizniak-2024-4583-2595	2595	598	SHELL	shell (of mollusc)		"""[]"""	"""[]"""				
Zalizniak-2024-4583-2596	2596	2544	SHEPHERD	shepherd		"""[]"""	"""[]"""				
Zalizniak-2024-4583-2597	2597			shepherd's pipe (musical instrument)		"""[]"""	"""[]"""				
Zalizniak-2024-4583-2598	2598			Shevat		"""[]"""	"""[]"""				
Zalizniak-2024-4583-2599	2599	1064	SHIELD	shield		"""[]"""	"""[]"""				
Zalizniak-2024-4583-2600	2600	186	SHIN	shin		"""[]"""	"""[]"""				
Zalizniak-2024-4583-2601	2601			shinbone		"""[]"""	"""[]"""				
Zalizniak-2024-4583-2602	2602	2236	SHINE (EMITTED LIGHT)	shine (n.)		"""[]"""	"""[]"""				
Zalizniak-2024-4583-2603	2603			ship's bells		"""[]"""	"""[]"""				
Zalizniak-2024-4583-2604	2604	740	SHIP	ship, vessel		"""[]"""	"""[]"""				
Zalizniak-2024-4583-2605	2605	1622	SHIRT	shirt		"""[]"""	"""[]"""				
Zalizniak-2024-4583-2606	2606			shive		"""[]"""	"""[]"""				
Zalizniak-2024-4583-2607	2607			shoal		"""[]"""	"""[]"""				
Zalizniak-2024-4583-2608	2608			shoehorn		"""[]"""	"""[]"""				
Zalizniak-2024-4583-2609	2609			shoes' soles		"""[]"""	"""[]"""				
Zalizniak-2024-4583-2610	2610			shooter		"""[]"""	"""[]"""				
Zalizniak-2024-4583-2611	2611			shooting target		"""[]"""	"""[]"""				
Zalizniak-2024-4583-2612	2612	746	SHOP	shop		"""[]"""	"""[]"""				
Zalizniak-2024-4583-2613	2613	1645	SHORT	short (size)		"""[]"""	"""[]"""				
Zalizniak-2024-4583-2614	2614			short person		"""[]"""	"""[]"""				
Zalizniak-2024-4583-2615	2615			*short, brief		"""[]"""	"""[]"""				
Zalizniak-2024-4583-2616	2616			shortly		"""[]"""	"""[]"""				
Zalizniak-2024-4583-2617	2617			should, ought to		"""[]"""	"""[]"""				
Zalizniak-2024-4583-2618	2618	1482	SHOULDER	shoulder		"""[]"""	"""[]"""				
Zalizniak-2024-4583-2619	2619	3432	SHOULDER POLE	shoulder pole		"""[]"""	"""[]"""				
Zalizniak-2024-4583-2620	2620	172	SHOULDERBLADE	shoulder-blade, scapula		"""[]"""	"""[]"""				
Zalizniak-2024-4583-2621	2621			shout, scream		"""[]"""	"""[]"""				
Zalizniak-2024-4583-2622	2622			shower head		"""[]"""	"""[]"""				
Zalizniak-2024-4583-2623	2623			shrike		"""[]"""	"""[]"""				
Zalizniak-2024-4583-2624	2624	2686	CRUSTACEANS (PRAWNS OR SHRIMP)	shrimp, prawn		"""[]"""	"""[]"""				
Zalizniak-2024-4583-2625	2625			shuttle (in a sewing machine)		"""[]"""	"""[]"""				
Zalizniak-2024-4583-2626	2626	543	SHUTTLE	shuttle (weaving instrument)		"""[]"""	"""[]"""				
Zalizniak-2024-4583-2627	2627	487	SHY	shy		"""[]"""	"""[]"""				
Zalizniak-2024-4583-2628	2628			Siberian cedar (kedar)		"""[]"""	"""[]"""				
Zalizniak-2024-4583-2629	2629			Siberian flying squirrel		"""[]"""	"""[]"""				
Zalizniak-2024-4583-2630	2630			siberian jay		"""[]"""	"""[]"""				
Zalizniak-2024-4583-2631	2631			Siberian weasel (Mustela sibirica)		"""[]"""	"""[]"""				
Zalizniak-2024-4583-2632	2632			*sibling		"""[]"""	"""[]"""				
Zalizniak-2024-4583-2633	2633			sibling of opposite sex		"""[]"""	"""[]"""				
Zalizniak-2024-4583-2634	2634	1847	SICK	sick, ill		"""[]"""	"""[]"""				
Zalizniak-2024-4583-2635	2635	341	SICKLE	sickle		"""[]"""	"""[]"""				
Zalizniak-2024-4583-2636	2636	682	SIDE	side (n.)		"""[]"""	"""[]"""				
Zalizniak-2024-4583-2637	2637			side of a coin		"""[]"""	"""[]"""				
Zalizniak-2024-4583-2638	2638			siege engine		"""[]"""	"""[]"""				
Zalizniak-2024-4583-2639	2639	3353	SIEVE (TOOL)	sieve (n.)		"""[]"""	"""[]"""				
Zalizniak-2024-4583-2640	2640			sigh		"""[]"""	"""[]"""				
Zalizniak-2024-4583-2641	2641	1720	SIGN	sign, designation		"""[]"""	"""[]"""				
Zalizniak-2024-4583-2642	2642			*sign, omen		"""[]"""	"""[]"""				
Zalizniak-2024-4583-2643	2643			signature		"""[]"""	"""[]"""				
Zalizniak-2024-4583-2644	2644	3458	SILENCE	silence		"""[]"""	"""[]"""				
Zalizniak-2024-4583-2645	2645	48	BE SILENT	silent		"""[]"""	"""[]"""				
Zalizniak-2024-4583-2646	2646	759	SILVER	silver		"""[]"""	"""[]"""				
Zalizniak-2024-4583-2647	2647	686	EASY	simple		"""[]"""	"""[]"""				
Zalizniak-2024-4583-2648	2648			simultaneously		"""[]"""	"""[]"""				
Zalizniak-2024-4583-2649	2649	2971	SIN	sin		"""[]"""	"""[]"""				
Zalizniak-2024-4583-2650	2650			since		"""[]"""	"""[]"""				
Zalizniak-2024-4583-2651	2651			single-eyed		"""[]"""	"""[]"""				
Zalizniak-2024-4583-2652	2652			*sink (basin for holding water for washing)		"""[]"""	"""[]"""				
Zalizniak-2024-4583-2653	2653			sinus (math.)		"""[]"""	"""[]"""				
Zalizniak-2024-4583-2654	2654			sir		"""[]"""	"""[]"""				
Zalizniak-2024-4583-2655	2655			siskin		"""[]"""	"""[]"""				
Zalizniak-2024-4583-2656	2656	1263	SISTER	sister		"""[]"""	"""[]"""				
Zalizniak-2024-4583-2657	2657			*sister's husband		"""[]"""	"""[]"""				
Zalizniak-2024-4583-2658	2658	2317	SISTER-IN-LAW	sister-in-law		"""[]"""	"""[]"""				
Zalizniak-2024-4583-2659	2659			sixth		"""[]"""	"""[]"""				
Zalizniak-2024-4583-2660	2660			sizing tool		"""[]"""	"""[]"""				
Zalizniak-2024-4583-2661	2661	2668	SKELETON	skeleton		"""[]"""	"""[]"""				
Zalizniak-2024-4583-2662	2662	1824	DEXTEROUS	skilful, dexterous		"""[]"""	"""[]"""				
Zalizniak-2024-4583-2663	2663			skill		"""[]"""	"""[]"""				
Zalizniak-2024-4583-2664	2664			skilled artisan		"""[]"""	"""[]"""				
Zalizniak-2024-4583-2665	2665	2613	SKIN (HUMAN)	skin (of a person)		"""[]"""	"""[]"""				
Zalizniak-2024-4583-2666	2666	2614	SKIN (ANIMAL)	skin (of an animal)		"""[]"""	"""[]"""				
Zalizniak-2024-4583-2667	2667	1600	SKIRT	skirt		"""[]"""	"""[]"""				
Zalizniak-2024-4583-2668	2668	1605	SKULL	skull		"""[]"""	"""[]"""				
Zalizniak-2024-4583-2669	2669			*skull		"""[]"""	"""[]"""				
Zalizniak-2024-4583-2670	2670	3888	SKUNK	skunk		"""[]"""	"""[]"""				
Zalizniak-2024-4583-2671	2671	1732	SKY	sky		"""[]"""	"""[]"""				
Zalizniak-2024-4583-2672	2672			slag, scoria		"""[]"""	"""[]"""				
Zalizniak-2024-4583-2673	2673			*slander		"""[]"""	"""[]"""				
Zalizniak-2024-4583-2674	2674			slattern		"""[]"""	"""[]"""				
Zalizniak-2024-4583-2675	2675			slaughter		"""[]"""	"""[]"""				
Zalizniak-2024-4583-2676	2676	812	SLAVE	slave		"""[]"""	"""[]"""				
Zalizniak-2024-4583-2677	2677	1585	SLEEP	sleeping		"""[]"""	"""[]"""				
Zalizniak-2024-4583-2678	2678	2953	SLEEVE	sleeve		"""[]"""	"""[]"""				
Zalizniak-2024-4583-2679	2679	16	SLED	sleigh		"""[]"""	"""[]"""				
Zalizniak-2024-4583-2680	2680	387	SLING	sling (weapon)		"""[]"""	"""[]"""				
Zalizniak-2024-4583-2681	2681	4146	SLINGSHOT	slingshot		"""[]"""	"""[]"""				
Zalizniak-2024-4583-2682	2682	3702	SLIPPERY	slippery		"""[]"""	"""[]"""				
Zalizniak-2024-4583-2683	2683			slippery jack (Suillus luteus)		"""[]"""	"""[]"""				
Zalizniak-2024-4583-2684	2684	2446	SLOTH	sloth (South American mammal)		"""[]"""	"""[]"""				
Zalizniak-2024-4583-2685	2685	701	SLOW	slow (adj.)		"""[]"""	"""[]"""				
Zalizniak-2024-4583-2686	2686	1543	SNAIL	slug		"""[]"""	"""[]"""				
Zalizniak-2024-4583-2687	2687			small (amount)		"""[]"""	"""[]"""				
Zalizniak-2024-4583-2688	2688			small object		"""[]"""	"""[]"""				
Zalizniak-2024-4583-2689	2689			small quantity of something		"""[]"""	"""[]"""				
Zalizniak-2024-4583-2690	2690			small tortoise-shell (Aglais urticae)		"""[]"""	"""[]"""				
Zalizniak-2024-4583-2691	2691	1054	SMALLPOX	smallpox		"""[]"""	"""[]"""				
Zalizniak-2024-4583-2692	2692			*smart		"""[]"""	"""[]"""				
Zalizniak-2024-4583-2693	2693	3704	ODOR (SMELL)	smell (n.)		"""[]"""	"""[]"""				
Zalizniak-2024-4583-2694	2694			smell of cattle		"""[]"""	"""[]"""				
Zalizniak-2024-4583-2695	2695	778	SMOKE (EXHAUST)	smoke		"""[]"""	"""[]"""				
Zalizniak-2024-4583-2696	2696			smoke hole in a tent-like home		"""[]"""	"""[]"""				
Zalizniak-2024-4583-2697	2697	1234	SMOOTH	smooth		"""[]"""	"""[]"""				
Zalizniak-2024-4583-2698	2698			smooth snake		"""[]"""	"""[]"""				
Zalizniak-2024-4583-2699	2699			smut (plant disease)		"""[]"""	"""[]"""				
Zalizniak-2024-4583-2700	2700			*snail		"""[]"""	"""[]"""				
Zalizniak-2024-4583-2701	2701	730	SNAKE	snake		"""[]"""	"""[]"""				
Zalizniak-2024-4583-2702	2702			snipe (Gallinago)		"""[]"""	"""[]"""				
Zalizniak-2024-4583-2703	2703	208	NASAL MUCUS (SNOT)	snot		"""[]"""	"""[]"""				
Zalizniak-2024-4583-2704	2704			*snout		"""[]"""	"""[]"""				
Zalizniak-2024-4583-2705	2705	784	SNOW	snow		"""[]"""	"""[]"""				
Zalizniak-2024-4583-2706	2706			snow bunting		"""[]"""	"""[]"""				
Zalizniak-2024-4583-2707	2707			snow-crust		"""[]"""	"""[]"""				
Zalizniak-2024-4583-2708	2708			snowball tree, guelder-rose, viburnum		"""[]"""	"""[]"""				
Zalizniak-2024-4583-2709	2709			snub-nosed		"""[]"""	"""[]"""				
Zalizniak-2024-4583-2710	2710			*snuff (tobacco)		"""[]"""	"""[]"""				
Zalizniak-2024-4583-2711	2711			soaked in sauce		"""[]"""	"""[]"""				
Zalizniak-2024-4583-2712	2712	69	SOBER	sober		"""[]"""	"""[]"""				
Zalizniak-2024-4583-2713	2713			socialist or communist		"""[]"""	"""[]"""				
Zalizniak-2024-4583-2714	2714	1522	SOCK	sock		"""[]"""	"""[]"""				
Zalizniak-2024-4583-2715	2715			sod (stratum of soil)		"""[]"""	"""[]"""				
Zalizniak-2024-4583-2716	2716	1856	SOFT	soft (adj.)		"""[]"""	"""[]"""				
Zalizniak-2024-4583-2717	2717			soldering iron		"""[]"""	"""[]"""				
Zalizniak-2024-4583-2718	2718	1941	SOLDIER	soldier		"""[]"""	"""[]"""				
Zalizniak-2024-4583-2719	2719			*soldier		"""[]"""	"""[]"""				
Zalizniak-2024-4583-2720	2720			soldier (plan, Stratiotes)		"""[]"""	"""[]"""				
Zalizniak-2024-4583-2721	2721			soldier who is approaching demobilization		"""[]"""	"""[]"""				
Zalizniak-2024-4583-2722	2722			sole (of shoe)		"""[]"""	"""[]"""				
Zalizniak-2024-4583-2723	2723			sole, unique		"""[]"""	"""[]"""				
Zalizniak-2024-4583-2724	2724			solid crust on snow		"""[]"""	"""[]"""				
Zalizniak-2024-4583-2725	2725			*solid, entire, continuous		"""[]"""	"""[]"""				
Zalizniak-2024-4583-2726	2726	1241	SOME	some		"""[]"""	"""[]"""				
Zalizniak-2024-4583-2727	2727			something bad		"""[]"""	"""[]"""				
Zalizniak-2024-4583-2728	2728	1620	SON	son		"""[]"""	"""[]"""				
Zalizniak-2024-4583-2729	2729			*son-in-law		"""[]"""	"""[]"""				
Zalizniak-2024-4583-2730	2730	1096	SONG	song		"""[]"""	"""[]"""				
Zalizniak-2024-4583-2731	2731			sonorous		"""[]"""	"""[]"""				
Zalizniak-2024-4583-2732	2732	703	SOON	soon		"""[]"""	"""[]"""				
Zalizniak-2024-4583-2733	2733			sooner		"""[]"""	"""[]"""				
Zalizniak-2024-4583-2734	2734	830	SOOT	soot		"""[]"""	"""[]"""				
Zalizniak-2024-4583-2735	2735	347	SORGHUM	sorghum		"""[]"""	"""[]"""				
Zalizniak-2024-4583-2736	2736			sorrel		"""[]"""	"""[]"""				
Zalizniak-2024-4583-2737	2737	811	SOUL	soul		"""[]"""	"""[]"""				
Zalizniak-2024-4583-2738	2738	2879	SOUND (OF INSTRUMENT OR VOICE)	sound		"""[]"""	"""[]"""				
Zalizniak-2024-4583-2739	2739			sound of a kiss		"""[]"""	"""[]"""				
Zalizniak-2024-4583-2740	2740			*sour		"""[]"""	"""[]"""				
Zalizniak-2024-4583-2741	2741	849	SPRING (OF WATER)	source (of a river)		"""[]"""	"""[]"""				
Zalizniak-2024-4583-2742	2742			sourdough		"""[]"""	"""[]"""				
Zalizniak-2024-4583-2743	2743			soured milk		"""[]"""	"""[]"""				
Zalizniak-2024-4583-2744	2744	1595	SOUTH	South		"""[]"""	"""[]"""				
Zalizniak-2024-4583-2745	2745	3006	SPACE (AVAILABLE)	space		"""[]"""	"""[]"""				
Zalizniak-2024-4583-2746	2746			*spacious		"""[]"""	"""[]"""				
Zalizniak-2024-4583-2747	2747	1176	SPADE	spade, shovel		"""[]"""	"""[]"""				
Zalizniak-2024-4583-2748	2748			spades (in cards)		"""[]"""	"""[]"""				
Zalizniak-2024-4583-2749	2749	518	SPARK	spark		"""[]"""	"""[]"""				
Zalizniak-2024-4583-2750	2750			spark plug		"""[]"""	"""[]"""				
Zalizniak-2024-4583-2751	2751			sparkling wine		"""[]"""	"""[]"""				
Zalizniak-2024-4583-2752	2752	1854	SPARROW	sparrow		"""[]"""	"""[]"""				
Zalizniak-2024-4583-2753	2753	207	SPARSE	sparse		"""[]"""	"""[]"""				
Zalizniak-2024-4583-2754	2754			spawn, roe		"""[]"""	"""[]"""				
Zalizniak-2024-4583-2755	2755			spawning		"""[]"""	"""[]"""				
Zalizniak-2024-4583-2756	2756	945	SPEAR	spear		"""[]"""	"""[]"""				
Zalizniak-2024-4583-2757	2757	1898	SPECTACLES	spectacles		"""[]"""	"""[]"""				
Zalizniak-2024-4583-2758	2758	1115	SPEECH	speech		"""[]"""	"""[]"""				
Zalizniak-2024-4583-2759	2759			speed, velocity		"""[]"""	"""[]"""				
Zalizniak-2024-4583-2760	2760	1505	SPERM	sperm		"""[]"""	"""[]"""				
Zalizniak-2024-4583-2761	2761	1845	BALL	sphere; ball		"""[]"""	"""[]"""				
Zalizniak-2024-4583-2762	2762			spice		"""[]"""	"""[]"""				
Zalizniak-2024-4583-2763	2763	544	SPICY	spicy		"""[]"""	"""[]"""				
Zalizniak-2024-4583-2764	2764	843	SPIDER	spider		"""[]"""	"""[]"""				
Zalizniak-2024-4583-2765	2765	1065	SPIDER WEB	spider web		"""[]"""	"""[]"""				
Zalizniak-2024-4583-2766	2766	975	SPINACH	spinach (Spinacia)		"""[]"""	"""[]"""				
Zalizniak-2024-4583-2767	2767			spinal cord		"""[]"""	"""[]"""				
Zalizniak-2024-4583-2768	2768	277	SPINDLE	spindle		"""[]"""	"""[]"""				
Zalizniak-2024-4583-2769	2769			spindle (Euonymus)		"""[]"""	"""[]"""				
Zalizniak-2024-4583-2770	2770			*spine, backbone		"""[]"""	"""[]"""				
Zalizniak-2024-4583-2771	2771			spineless person		"""[]"""	"""[]"""				
Zalizniak-2024-4583-2772	2772			spiral		"""[]"""	"""[]"""				
Zalizniak-2024-4583-2773	2773	53	SPIRIT	spirit (supernatural being)		"""[]"""	"""[]"""				
Zalizniak-2024-4583-2774	2774	1503	SALIVA	spit, saliva		"""[]"""	"""[]"""				
Zalizniak-2024-4583-2775	2775	1744	SPLEEN	spleen (anat.)		"""[]"""	"""[]"""				
Zalizniak-2024-4583-2776	2776			splinter (group of people)		"""[]"""	"""[]"""				
Zalizniak-2024-4583-2777	2777	124	THORN	splinter (wood fragment)		"""[]"""	"""[]"""				
Zalizniak-2024-4583-2778	2778			split (gymnastics)		"""[]"""	"""[]"""				
Zalizniak-2024-4583-2779	2779	182	SPOKE	spoke of wheel		"""[]"""	"""[]"""				
Zalizniak-2024-4583-2780	2780			sponge		"""[]"""	"""[]"""				
Zalizniak-2024-4583-2781	2781			spool		"""[]"""	"""[]"""				
Zalizniak-2024-4583-2782	2782	1378	SPOON	spoon		"""[]"""	"""[]"""				
Zalizniak-2024-4583-2783	2783			spot of reflected light		"""[]"""	"""[]"""				
Zalizniak-2024-4583-2784	2784			spot, pip (on playing cards or dice)		"""[]"""	"""[]"""				
Zalizniak-2024-4583-2785	2785	519	SPOT	spot, stain		"""[]"""	"""[]"""				
Zalizniak-2024-4583-2786	2786			spotted		"""[]"""	"""[]"""				
Zalizniak-2024-4583-2787	2787			spout of vessel		"""[]"""	"""[]"""				
Zalizniak-2024-4583-2788	2788			spring (mechanical device)		"""[]"""	"""[]"""				
Zalizniak-2024-4583-2789	2789	1537	SPRINGTIME	spring (season)		"""[]"""	"""[]"""				
Zalizniak-2024-4583-2790	2790			spring ice drift		"""[]"""	"""[]"""				
Zalizniak-2024-4583-2791	2791			*spring, fountain		"""[]"""	"""[]"""				
Zalizniak-2024-4583-2792	2792	3358	SPROUT (SHOOT)	sprout		"""[]"""	"""[]"""				
Zalizniak-2024-4583-2793	2793	545	SPRUCE	spruce (Picea)		"""[]"""	"""[]"""				
Zalizniak-2024-4583-2794	2794			spur (for horse)		"""[]"""	"""[]"""				
Zalizniak-2024-4583-2795	2795			spur of mountain		"""[]"""	"""[]"""				
Zalizniak-2024-4583-2796	2796			spurge (Euphorbia)		"""[]"""	"""[]"""				
Zalizniak-2024-4583-2797	2797			spy		"""[]"""	"""[]"""				
Zalizniak-2024-4583-2798	2798	850	SQUARE	square (geometrical)		"""[]"""	"""[]"""				
Zalizniak-2024-4583-2799	2799			square (in a town)		"""[]"""	"""[]"""				
Zalizniak-2024-4583-2800	2800	4142	SQUID	squid		"""[]"""	"""[]"""				
Zalizniak-2024-4583-2801	2801	87	SQUINT-EYED	squint-eyed		"""[]"""	"""[]"""				
Zalizniak-2024-4583-2802	2802	1628	SQUIRREL	squirrel (Sciurus)		"""[]"""	"""[]"""				
Zalizniak-2024-4583-2803	2803			St. Andrew		"""[]"""	"""[]"""				
Zalizniak-2024-4583-2804	2804	851	STABLE	stable		"""[]"""	"""[]"""				
Zalizniak-2024-4583-2805	2805			stage, phase		"""[]"""	"""[]"""				
Zalizniak-2024-4583-2806	2806	2689	LADDER OR STAIRS	stairs, ladder		"""[]"""	"""[]"""				
Zalizniak-2024-4583-2807	2807			*stale		"""[]"""	"""[]"""				
Zalizniak-2024-4583-2808	2808	936	STALLION	stallion		"""[]"""	"""[]"""				
Zalizniak-2024-4583-2809	2809			stamen		"""[]"""	"""[]"""				
Zalizniak-2024-4583-2810	2810			stammerer		"""[]"""	"""[]"""				
Zalizniak-2024-4583-2811	2811			standart-bearer		"""[]"""	"""[]"""				
Zalizniak-2024-4583-2812	2812	1430	STAR	star		"""[]"""	"""[]"""				
Zalizniak-2024-4583-2813	2813	3032	STARFISH	starfish		"""[]"""	"""[]"""				
Zalizniak-2024-4583-2814	2814	2955	STATE (POLITICS)	state (sovereign polity)		"""[]"""	"""[]"""				
Zalizniak-2024-4583-2815	2815			state, situation		"""[]"""	"""[]"""				
Zalizniak-2024-4583-2816	2816	1193	STEAM	steam, vapour		"""[]"""	"""[]"""				
Zalizniak-2024-4583-2817	2817	2343	STEEL	steel		"""[]"""	"""[]"""				
Zalizniak-2024-4583-2818	2818			*steep		"""[]"""	"""[]"""				
Zalizniak-2024-4583-2819	2819	2628	PLANT STEM	stem (of a plant)		"""[]"""	"""[]"""				
Zalizniak-2024-4583-2820	2820			*stench		"""[]"""	"""[]"""				
Zalizniak-2024-4583-2821	2821	1158	STEP	step (of a staircase, step-ladder)		"""[]"""	"""[]"""				
Zalizniak-2024-4583-2822	2822			step, pace		"""[]"""	"""[]"""				
Zalizniak-2024-4583-2823	2823	237	STEPFATHER	stepfather		"""[]"""	"""[]"""				
Zalizniak-2024-4583-2824	2824	236	STEPMOTHER	stepmother		"""[]"""	"""[]"""				
Zalizniak-2024-4583-2825	2825			steppe polecat (Mustela eversmanii)		"""[]"""	"""[]"""				
Zalizniak-2024-4583-2826	2826	652	PLAIN	steppe, plain		"""[]"""	"""[]"""				
Zalizniak-2024-4583-2827	2827	1059	STEPSON	stepson		"""[]"""	"""[]"""				
Zalizniak-2024-4583-2828	2828			sterile		"""[]"""	"""[]"""				
Zalizniak-2024-4583-2829	2829			sterlet		"""[]"""	"""[]"""				
Zalizniak-2024-4583-2830	2830			stern		"""[]"""	"""[]"""				
Zalizniak-2024-4583-2831	2831	2810	BREASTBONE	sternum, breastbone		"""[]"""	"""[]"""				
Zalizniak-2024-4583-2832	2832	1295	STICK	stick (n.)		"""[]"""	"""[]"""				
Zalizniak-2024-4583-2833	2833	3703	STICKY	sticky		"""[]"""	"""[]"""				
Zalizniak-2024-4583-2834	2834	2919	STILL (CONTINUING)	still (adv.)		"""[]"""	"""[]"""				
Zalizniak-2024-4583-2835	2835			sting (n.)		"""[]"""	"""[]"""				
Zalizniak-2024-4583-2836	2836	1910	STINGRAY	stingray		"""[]"""	"""[]"""				
Zalizniak-2024-4583-2837	2837	1774	STINGY	stingy		"""[]"""	"""[]"""				
Zalizniak-2024-4583-2838	2838			stirrup		"""[]"""	"""[]"""				
Zalizniak-2024-4583-2839	2839			stitch		"""[]"""	"""[]"""				
Zalizniak-2024-4583-2840	2840			stoker		"""[]"""	"""[]"""				
Zalizniak-2024-4583-2841	2841			stolen		"""[]"""	"""[]"""				
Zalizniak-2024-4583-2842	2842	819	STOMACH	stomach		"""[]"""	"""[]"""				
Zalizniak-2024-4583-2843	2843	857	STONE	stone (material)		"""[]"""	"""[]"""				
Zalizniak-2024-4583-2844	2844	1762	STONE (OF FRUIT)	stone (of a fruit)		"""[]"""	"""[]"""				
Zalizniak-2024-4583-2845	2845			*stone (of a fruit)		"""[]"""	"""[]"""				
Zalizniak-2024-4583-2846	2846	2125	STONE OR ROCK	stone (piece of rock)		"""[]"""	"""[]"""				
Zalizniak-2024-4583-2847	2847			stone in a ring		"""[]"""	"""[]"""				
Zalizniak-2024-4583-2848	2848			stone loach (Barbatula barbatula)		"""[]"""	"""[]"""				
Zalizniak-2024-4583-2849	2849			stop, stand (n.)		"""[]"""	"""[]"""				
Zalizniak-2024-4583-2850	2850			stopper, plug		"""[]"""	"""[]"""				
Zalizniak-2024-4583-2851	2851	3399	WAREHOUSE	storehouse; depo		"""[]"""	"""[]"""				
Zalizniak-2024-4583-2852	2852	3724	STORK	stork (Ciconia)		"""[]"""	"""[]"""				
Zalizniak-2024-4583-2853	2853	858	STORM	storm		"""[]"""	"""[]"""				
Zalizniak-2024-4583-2854	2854			*stormy (of weather)		"""[]"""	"""[]"""				
Zalizniak-2024-4583-2855	2855	2060	STORY	story		"""[]"""	"""[]"""				
Zalizniak-2024-4583-2856	2856	859	STOVE	stove		"""[]"""	"""[]"""				
Zalizniak-2024-4583-2857	2857	1404	STRAIGHT	straight		"""[]"""	"""[]"""				
Zalizniak-2024-4583-2858	2858			strain (microbiology)		"""[]"""	"""[]"""				
Zalizniak-2024-4583-2859	2859	1661	STRAIT	strait		"""[]"""	"""[]"""				
Zalizniak-2024-4583-2860	2860	600	STRANGE	strange		"""[]"""	"""[]"""				
Zalizniak-2024-4583-2861	2861			*stranger, foreign		"""[]"""	"""[]"""				
Zalizniak-2024-4583-2862	2862			strangles (equine distemper)		"""[]"""	"""[]"""				
Zalizniak-2024-4583-2863	2863	2299	STRAW	straw		"""[]"""	"""[]"""				
Zalizniak-2024-4583-2864	2864	3138	STRAWBERRY	strawberry (Fragaria moschata)		"""[]"""	"""[]"""				
Zalizniak-2024-4583-2865	2865	1362	STREET	street		"""[]"""	"""[]"""				
Zalizniak-2024-4583-2866	2866	202	STRENGTH	strength		"""[]"""	"""[]"""				
Zalizniak-2024-4583-2867	2867	2007	BOLT (OF LIGHTNING)	strike of lightning		"""[]"""	"""[]"""				
Zalizniak-2024-4583-2868	2868			string (of a musical instrument)		"""[]"""	"""[]"""				
Zalizniak-2024-4583-2869	2869	785	STRONG	strong		"""[]"""	"""[]"""				
Zalizniak-2024-4583-2870	2870	510	STRONG EFFECT	strong (of liquid or smell)		"""[]"""	"""[]"""				
Zalizniak-2024-4583-2871	2871			strong (wind, frost)		"""[]"""	"""[]"""				
Zalizniak-2024-4583-2872	2872			strong man (?)		"""[]"""	"""[]"""				
Zalizniak-2024-4583-2873	2873	3634	STUBBORN	stubborn		"""[]"""	"""[]"""				
Zalizniak-2024-4583-2874	2874			stubborn person		"""[]"""	"""[]"""				
Zalizniak-2024-4583-2875	2875			stuffy, close		"""[]"""	"""[]"""				
Zalizniak-2024-4583-2876	2876			*stump (of tree)		"""[]"""	"""[]"""				
Zalizniak-2024-4583-2877	2877	1518	STUPID	stupid		"""[]"""	"""[]"""				
Zalizniak-2024-4583-2878	2878			sty (on the eye)		"""[]"""	"""[]"""				
Zalizniak-2024-4583-2879	2879			subject (education)		"""[]"""	"""[]"""				
Zalizniak-2024-4583-2880	2880			subject (grammar)		"""[]"""	"""[]"""				
Zalizniak-2024-4583-2881	2881			subordinate (n.)		"""[]"""	"""[]"""				
Zalizniak-2024-4583-2882	2882			substance		"""[]"""	"""[]"""				
Zalizniak-2024-4583-2883	2883			substitution		"""[]"""	"""[]"""				
Zalizniak-2024-4583-2884	2884			*succesful		"""[]"""	"""[]"""				
Zalizniak-2024-4583-2885	2885	546	SUCKER	sucker (botany)		"""[]"""	"""[]"""				
Zalizniak-2024-4583-2886	2886			sucker-fish (Catostomidae)		"""[]"""	"""[]"""				
Zalizniak-2024-4583-2887	2887			sudden		"""[]"""	"""[]"""				
Zalizniak-2024-4583-2888	2888	2920	SUDDENLY	suddenly		"""[]"""	"""[]"""				
Zalizniak-2024-4583-2889	2889	1282	FAT (FROM ANIMALS)	suet, fat, lard		"""[]"""	"""[]"""				
Zalizniak-2024-4583-2890	2890	1101	SUFFER	suffering		"""[]"""	"""[]"""				
Zalizniak-2024-4583-2891	2891			suffocation		"""[]"""	"""[]"""				
Zalizniak-2024-4583-2892	2892	862	SUGAR	sugar		"""[]"""	"""[]"""				
Zalizniak-2024-4583-2893	2893			suitable		"""[]"""	"""[]"""				
Zalizniak-2024-4583-2894	2894			sulfur		"""[]"""	"""[]"""				
Zalizniak-2024-4583-2895	2895	1342	SUMMER	summer		"""[]"""	"""[]"""				
Zalizniak-2024-4583-2896	2896			summer solstice, St John's Day		"""[]"""	"""[]"""				
Zalizniak-2024-4583-2897	2897	1343	SUN	sun		"""[]"""	"""[]"""				
Zalizniak-2024-4583-2898	2898			*sun		"""[]"""	"""[]"""				
Zalizniak-2024-4583-2899	2899			sunbeam		"""[]"""	"""[]"""				
Zalizniak-2024-4583-2900	2900	1699	SUNDAY	Sunday		"""[]"""	"""[]"""				
Zalizniak-2024-4583-2901	2901			sundew (Drosera)		"""[]"""	"""[]"""				
Zalizniak-2024-4583-2902	2902	1956	SUNFLOWER	sunflower		"""[]"""	"""[]"""				
Zalizniak-2024-4583-2903	2903	2296	SUNRISE	sunrise		"""[]"""	"""[]"""				
Zalizniak-2024-4583-2904	2904	2295	SUNSET	sunset		"""[]"""	"""[]"""				
Zalizniak-2024-4583-2905	2905			suntanned		"""[]"""	"""[]"""				
Zalizniak-2024-4583-2906	2906			supervision		"""[]"""	"""[]"""				
Zalizniak-2024-4583-2907	2907			support (n.)		"""[]"""	"""[]"""				
Zalizniak-2024-4583-2908	2908			supporting device		"""[]"""	"""[]"""				
Zalizniak-2024-4583-2909	2909			*sure, confident		"""[]"""	"""[]"""				
Zalizniak-2024-4583-2910	2910	547	SURFACE	surface		"""[]"""	"""[]"""				
Zalizniak-2024-4583-2911	2911			surface of water		"""[]"""	"""[]"""				
Zalizniak-2024-4583-2912	2912			*surprise		"""[]"""	"""[]"""				
Zalizniak-2024-4583-2913	2913			*surprise (emotion)		"""[]"""	"""[]"""				
Zalizniak-2024-4583-2914	2914			*surprise (stimulus)		"""[]"""	"""[]"""				
Zalizniak-2024-4583-2915	2915			surprising		"""[]"""	"""[]"""				
Zalizniak-2024-4583-2916	2916			surroundings		"""[]"""	"""[]"""				
Zalizniak-2024-4583-2917	2917			suspicious, questionable		"""[]"""	"""[]"""				
Zalizniak-2024-4583-2918	2918	3077	SWALLOW (BIRD)	swallow (bird)		"""[]"""	"""[]"""				
Zalizniak-2024-4583-2919	2919	1145	SWAMP	swamp		"""[]"""	"""[]"""				
Zalizniak-2024-4583-2920	2920	2837	SWAN	swan		"""[]"""	"""[]"""				
Zalizniak-2024-4583-2921	2921			swearword		"""[]"""	"""[]"""				
Zalizniak-2024-4583-2922	2922			sweat		"""[]"""	"""[]"""				
Zalizniak-2024-4583-2923	2923	717	SWEET	sweet (taste)		"""[]"""	"""[]"""				
Zalizniak-2024-4583-2924	2924			sweet cherry		"""[]"""	"""[]"""				
Zalizniak-2024-4583-2925	2925			sweet clover		"""[]"""	"""[]"""				
Zalizniak-2024-4583-2926	2926	159	SWEET POTATO	sweet potato (Ipomoea batatas)		"""[]"""	"""[]"""				
Zalizniak-2024-4583-2927	2927	376	FRAGRANT	sweet-smelling, fragrant		"""[]"""	"""[]"""				
Zalizniak-2024-4583-2928	2928			sweetheart		"""[]"""	"""[]"""				
Zalizniak-2024-4583-2929	2929	874	CANDY	sweets, candy		"""[]"""	"""[]"""				
Zalizniak-2024-4583-2930	2930	1903	SWELLING	swelling (on skin)		"""[]"""	"""[]"""				
Zalizniak-2024-4583-2931	2931			swift (bird)		"""[]"""	"""[]"""				
Zalizniak-2024-4583-2932	2932			swim bladder		"""[]"""	"""[]"""				
Zalizniak-2024-4583-2933	2933	3101	SWING	swing (hanging seat)		"""[]"""	"""[]"""				
Zalizniak-2024-4583-2934	2934	1535	SWORD	sword		"""[]"""	"""[]"""				
Zalizniak-2024-4583-2935	2935			syllable		"""[]"""	"""[]"""				
Zalizniak-2024-4583-2936	2936			synagogue		"""[]"""	"""[]"""				
Zalizniak-2024-4583-2937	2937			syphilis		"""[]"""	"""[]"""				
Zalizniak-2024-4583-2938	2938			*term of insult		"""[]"""	"""[]"""				
Zalizniak-2024-4583-2939	2939			thorny plant		"""[]"""	"""[]"""				
Zalizniak-2024-4583-2940	2940			to treat with a sharp instrument		"""[]"""	"""[]"""				
Zalizniak-2024-4583-2941	2941	906	TREE	tree		"""[]"""	"""[]"""				
Zalizniak-2024-4583-2942	2942			*tree		"""[]"""	"""[]"""				
Zalizniak-2024-4583-2943	2943			table (of data)		"""[]"""	"""[]"""				
Zalizniak-2024-4583-2944	2944			table of contents		"""[]"""	"""[]"""				
Zalizniak-2024-4583-2945	2945	1775	TABLE	table, desk		"""[]"""	"""[]"""				
Zalizniak-2024-4583-2946	2946			tablecloth		"""[]"""	"""[]"""				
Zalizniak-2024-4583-2947	2947			*taciturn		"""[]"""	"""[]"""				
Zalizniak-2024-4583-2948	2948			tactless		"""[]"""	"""[]"""				
Zalizniak-2024-4583-2949	2949	3979	TADPOLE	tadpole		"""[]"""	"""[]"""				
Zalizniak-2024-4583-2950	2950			Tahitian chestnut		"""[]"""	"""[]"""				
Zalizniak-2024-4583-2951	2951	1220	TAIL	tail		"""[]"""	"""[]"""				
Zalizniak-2024-4583-2952	2952			tail fat (of sheep)		"""[]"""	"""[]"""				
Zalizniak-2024-4583-2953	2953			tailed		"""[]"""	"""[]"""				
Zalizniak-2024-4583-2954	2954			tailor's thimble		"""[]"""	"""[]"""				
Zalizniak-2024-4583-2955	2955			talc		"""[]"""	"""[]"""				
Zalizniak-2024-4583-2956	2956	4084	TALENT	talent		"""[]"""	"""[]"""				
Zalizniak-2024-4583-2957	2957			talisman		"""[]"""	"""[]"""				
Zalizniak-2024-4583-2958	2958	2207	CHATTERER	talkative person		"""[]"""	"""[]"""				
Zalizniak-2024-4583-2959	2959			tall person		"""[]"""	"""[]"""				
Zalizniak-2024-4583-2960	2960	35	TAMARIND	tamarind		"""[]"""	"""[]"""				
Zalizniak-2024-4583-2961	2961			tamarisk		"""[]"""	"""[]"""				
Zalizniak-2024-4583-2962	2962	3141	TAMBOURINE	tambourine		"""[]"""	"""[]"""				
Zalizniak-2024-4583-2963	2963	3102	TANK	tank (armour)		"""[]"""	"""[]"""				
Zalizniak-2024-4583-2964	2964			tank (closed container for liquids)		"""[]"""	"""[]"""				
Zalizniak-2024-4583-2965	2965			tansy		"""[]"""	"""[]"""				
Zalizniak-2024-4583-2966	2966	1488	FAUCET	tap, faucet		"""[]"""	"""[]"""				
Zalizniak-2024-4583-2967	2967	312	TAPIR	tapir		"""[]"""	"""[]"""				
Zalizniak-2024-4583-2968	2968	351	TARO	taro		"""[]"""	"""[]"""				
Zalizniak-2024-4583-2969	2969			*tart (taste)		"""[]"""	"""[]"""				
Zalizniak-2024-4583-2970	2970	2190	TASTE	taste (n.)		"""[]"""	"""[]"""				
Zalizniak-2024-4583-2971	2971	1771	TASTELESS	tasteless		"""[]"""	"""[]"""				
Zalizniak-2024-4583-2972	2972	1813	TASTY	tasty		"""[]"""	"""[]"""				
Zalizniak-2024-4583-2973	2973			Taurus		"""[]"""	"""[]"""				
Zalizniak-2024-4583-2974	2974			tayra		"""[]"""	"""[]"""				
Zalizniak-2024-4583-2975	2975	1373	TEA	tea		"""[]"""	"""[]"""				
Zalizniak-2024-4583-2976	2976	1038	TEACHER	teacher		"""[]"""	"""[]"""				
Zalizniak-2024-4583-2977	2977	1651	TEAR (OF EYE)	tears		"""[]"""	"""[]"""				
Zalizniak-2024-4583-2978	2978			telegram		"""[]"""	"""[]"""				
Zalizniak-2024-4583-2979	2979			template for making clothes		"""[]"""	"""[]"""				
Zalizniak-2024-4583-2980	2980	1604	TEMPLES	temple (region of skull)		"""[]"""	"""[]"""				
Zalizniak-2024-4583-2981	2981			temptation		"""[]"""	"""[]"""				
Zalizniak-2024-4583-2982	2982	1515	TEN	ten		"""[]"""	"""[]"""				
Zalizniak-2024-4583-2983	2983	2078	TEN THOUSAND	ten thousand		"""[]"""	"""[]"""				
Zalizniak-2024-4583-2984	2984			tender (adj.)		"""[]"""	"""[]"""				
Zalizniak-2024-4583-2985	2985	1137	TENDON	tendon		"""[]"""	"""[]"""				
Zalizniak-2024-4583-2986	2986			tendril (of plant)		"""[]"""	"""[]"""				
Zalizniak-2024-4583-2987	2987			tense (grammar)		"""[]"""	"""[]"""				
Zalizniak-2024-4583-2988	2988			tense, stressful		"""[]"""	"""[]"""				
Zalizniak-2024-4583-2989	2989	1316	TENT	tent		"""[]"""	"""[]"""				
Zalizniak-2024-4583-2990	2990			tentacle (of animals)		"""[]"""	"""[]"""				
Zalizniak-2024-4583-2991	2991			term (chronological)		"""[]"""	"""[]"""				
Zalizniak-2024-4583-2992	2992			term of address to a man		"""[]"""	"""[]"""				
Zalizniak-2024-4583-2993	2993			term of address to a married woman		"""[]"""	"""[]"""				
Zalizniak-2024-4583-2994	2994			term of address to a wife		"""[]"""	"""[]"""				
Zalizniak-2024-4583-2995	2995			term of address to a woman		"""[]"""	"""[]"""				
Zalizniak-2024-4583-2996	2996			term of address with endearment		"""[]"""	"""[]"""				
Zalizniak-2024-4583-2997	2997			term of respectful address among equals		"""[]"""	"""[]"""				
Zalizniak-2024-4583-2998	2998			territorial entity		"""[]"""	"""[]"""				
Zalizniak-2024-4583-2999	2999	797	TESTICLES	testicle		"""[]"""	"""[]"""				
Zalizniak-2024-4583-3000	3000	1616	CLOTH	textile, cloth		"""[]"""	"""[]"""				
Zalizniak-2024-4583-3001	3001			Thai crape myrtle		"""[]"""	"""[]"""				
Zalizniak-2024-4583-3002	3002	1179	DAY AFTER TOMORROW	the day after tomorrow		"""[]"""	"""[]"""				
Zalizniak-2024-4583-3003	3003	2921	THEN	then		"""[]"""	"""[]"""				
Zalizniak-2024-4583-3004	3004	1937	THERE	there		"""[]"""	"""[]"""				
Zalizniak-2024-4583-3005	3005	1244	THICK	thick		"""[]"""	"""[]"""				
Zalizniak-2024-4583-3006	3006			thick (of a growth, hair)		"""[]"""	"""[]"""				
Zalizniak-2024-4583-3007	3007	1160	THIEF	thief		"""[]"""	"""[]"""				
Zalizniak-2024-4583-3008	3008			thigh / hip		"""[]"""	"""[]"""				
Zalizniak-2024-4583-3009	3009	1400	THIN (SLIM)	thin (of a person)		"""[]"""	"""[]"""				
Zalizniak-2024-4583-3010	3010	2249	THIN (OF SHAPE OF OBJECT)	thin (of an object)		"""[]"""	"""[]"""				
Zalizniak-2024-4583-3011	3011	738	THING	thing		"""[]"""	"""[]"""				
Zalizniak-2024-4583-3012	3012			*thing		"""[]"""	"""[]"""				
Zalizniak-2024-4583-3013	3013	1859	THIRD	third		"""[]"""	"""[]"""				
Zalizniak-2024-4583-3014	3014	848	THIRST	thirst		"""[]"""	"""[]"""				
Zalizniak-2024-4583-3015	3015	1558	SIMILAR	this way, like this		"""[]"""	"""[]"""				
Zalizniak-2024-4583-3016	3016			*thorn		"""[]"""	"""[]"""				
Zalizniak-2024-4583-3017	3017			*thought		"""[]"""	"""[]"""				
Zalizniak-2024-4583-3018	3018	1609	IDEA	thought, idea		"""[]"""	"""[]"""				
Zalizniak-2024-4583-3019	3019	1843	THOUSAND	thousand		"""[]"""	"""[]"""				
Zalizniak-2024-4583-3020	3020	1161	THREAD	thread		"""[]"""	"""[]"""				
Zalizniak-2024-4583-3021	3021	417	THREE TIMES	three times		"""[]"""	"""[]"""				
Zalizniak-2024-4583-3022	3022			threshing floor		"""[]"""	"""[]"""				
Zalizniak-2024-4583-3023	3023	1727	THRESHOLD	threshold		"""[]"""	"""[]"""				
Zalizniak-2024-4583-3024	3024	1346	THROAT	throat		"""[]"""	"""[]"""				
Zalizniak-2024-4583-3025	3025			thrush		"""[]"""	"""[]"""				
Zalizniak-2024-4583-3026	3026	1781	THUMB	thumb		"""[]"""	"""[]"""				
Zalizniak-2024-4583-3027	3027	1150	THUNDER	thunder		"""[]"""	"""[]"""				
Zalizniak-2024-4583-3028	3028			thunderstorm		"""[]"""	"""[]"""				
Zalizniak-2024-4583-3029	3029	1693	THURSDAY	Thursday		"""[]"""	"""[]"""				
Zalizniak-2024-4583-3030	3030			thymus		"""[]"""	"""[]"""				
Zalizniak-2024-4583-3031	3031			thyroid gland		"""[]"""	"""[]"""				
Zalizniak-2024-4583-3032	3032	1527	TICK	tick (Acarina)		"""[]"""	"""[]"""				
Zalizniak-2024-4583-3033	3033			tidy, neat		"""[]"""	"""[]"""				
Zalizniak-2024-4583-3034	3034	846	TIGER	tiger		"""[]"""	"""[]"""				
Zalizniak-2024-4583-3035	3035	3053	TIGHT	tight, taut		"""[]"""	"""[]"""				
Zalizniak-2024-4583-3036	3036	3404	TILE	tile		"""[]"""	"""[]"""				
Zalizniak-2024-4583-3037	3037			timbre		"""[]"""	"""[]"""				
Zalizniak-2024-4583-3038	3038	892	TIME	time		"""[]"""	"""[]"""				
Zalizniak-2024-4583-3039	3039			time (instance)		"""[]"""	"""[]"""				
Zalizniak-2024-4583-3040	3040	893	TIN (METAL)	tin (n.)		"""[]"""	"""[]"""				
Zalizniak-2024-4583-3041	3041	1051	CAN	tin, can		"""[]"""	"""[]"""				
Zalizniak-2024-4583-3042	3042			tinea versicolor		"""[]"""	"""[]"""				
Zalizniak-2024-4583-3043	3043	1757	TIRED	tired		"""[]"""	"""[]"""				
Zalizniak-2024-4583-3044	3044			*to a great extent		"""[]"""	"""[]"""				
Zalizniak-2024-4583-3045	3045			to abate (about wind)		"""[]"""	"""[]"""				
Zalizniak-2024-4583-3046	3046			to abduct, kidnap a bride		"""[]"""	"""[]"""				
Zalizniak-2024-4583-3047	3047			to abolish		"""[]"""	"""[]"""				
Zalizniak-2024-4583-3048	3048			to abscess, to fester (of wound)		"""[]"""	"""[]"""				
Zalizniak-2024-4583-3049	3049			to accelerate		"""[]"""	"""[]"""				
Zalizniak-2024-4583-3050	3050			to accompany (music)		"""[]"""	"""[]"""				
Zalizniak-2024-4583-3051	3051	1814	ACCUSE	to accuse, blame		"""[]"""	"""[]"""				
Zalizniak-2024-4583-3052	3052	1815	ACHE	to ache		"""[]"""	"""[]"""				
Zalizniak-2024-4583-3053	3053	3892	ACQUIRE (SOMETHING)	to acquire		"""[]"""	"""[]"""				
Zalizniak-2024-4583-3054	3054	988	ACQUIT	to acquit		"""[]"""	"""[]"""				
Zalizniak-2024-4583-3055	3055			to act according to		"""[]"""	"""[]"""				
Zalizniak-2024-4583-3056	3056			*to act according to		"""[]"""	"""[]"""				
Zalizniak-2024-4583-3057	3057	2882	ADD	to add		"""[]"""	"""[]"""				
Zalizniak-2024-4583-3058	3058			to address (someone)		"""[]"""	"""[]"""				
Zalizniak-2024-4583-3059	3059			to adhere, support		"""[]"""	"""[]"""				
Zalizniak-2024-4583-3060	3060			to admire		"""[]"""	"""[]"""				
Zalizniak-2024-4583-3061	3061	1739	DECORATE	to adorn, decorate		"""[]"""	"""[]"""				
Zalizniak-2024-4583-3062	3062			to advise		"""[]"""	"""[]"""				
Zalizniak-2024-4583-3063	3063	3643	AGREE	to agree		"""[]"""	"""[]"""				
Zalizniak-2024-4583-3064	3064			to analyse		"""[]"""	"""[]"""				
Zalizniak-2024-4583-3065	3065			to anchor		"""[]"""	"""[]"""				
Zalizniak-2024-4583-3066	3066	1275	ANSWER	to answer		"""[]"""	"""[]"""				
Zalizniak-2024-4583-3067	3067			to apologize		"""[]"""	"""[]"""				
Zalizniak-2024-4583-3068	3068			to appear for a moment		"""[]"""	"""[]"""				
Zalizniak-2024-4583-3069	3069	1076	EMERGE (APPEAR)	to appear, emerge		"""[]"""	"""[]"""				
Zalizniak-2024-4583-3070	3070			to appoint (to a position)		"""[]"""	"""[]"""				
Zalizniak-2024-4583-3071	3071			to approach suddenly		"""[]"""	"""[]"""				
Zalizniak-2024-4583-3072	3072	1778	APPROACH	to approach, come near		"""[]"""	"""[]"""				
Zalizniak-2024-4583-3073	3073	3302	QUARREL (VERB)	to argue, have a dispute		"""[]"""	"""[]"""				
Zalizniak-2024-4583-3074	3074			to arrange a banquet		"""[]"""	"""[]"""				
Zalizniak-2024-4583-3075	3075			to ascend (dough)		"""[]"""	"""[]"""				
Zalizniak-2024-4583-3076	3076	1828	ASK (REQUEST)	to ask (for)		"""[]"""	"""[]"""				
Zalizniak-2024-4583-3077	3077			to ask for consent to marriage		"""[]"""	"""[]"""				
Zalizniak-2024-4583-3078	3078	1309	ASK (INQUIRE)	to ask, inquire		"""[]"""	"""[]"""				
Zalizniak-2024-4583-3079	3079			to astonish		"""[]"""	"""[]"""				
Zalizniak-2024-4583-3080	3080			to attach to		"""[]"""	"""[]"""				
Zalizniak-2024-4583-3081	3081			*to attack		"""[]"""	"""[]"""				
Zalizniak-2024-4583-3082	3082	694	GET	to attain, achieve		"""[]"""	"""[]"""				
Zalizniak-2024-4583-3083	3083	3639	AVOID	to avoid		"""[]"""	"""[]"""				
Zalizniak-2024-4583-3084	3084	1602	WAKE UP	to awaken, wake up		"""[]"""	"""[]"""				
Zalizniak-2024-4583-3085	3085	183	BAKE	to bake		"""[]"""	"""[]"""				
Zalizniak-2024-4583-3086	3086			to baptize		"""[]"""	"""[]"""				
Zalizniak-2024-4583-3087	3087			to bargain		"""[]"""	"""[]"""				
Zalizniak-2024-4583-3088	3088	1206	BARKING	to bark		"""[]"""	"""[]"""				
Zalizniak-2024-4583-3089	3089			*to be a supporter		"""[]"""	"""[]"""				
Zalizniak-2024-4583-3090	3090			*to be about to		"""[]"""	"""[]"""				
Zalizniak-2024-4583-3091	3091	1419	FEAR (BE AFRAID)	to be afraid		"""[]"""	"""[]"""				
Zalizniak-2024-4583-3092	3092			to be alive (about babies)		"""[]"""	"""[]"""				
Zalizniak-2024-4583-3093	3093			*to be angry		"""[]"""	"""[]"""				
Zalizniak-2024-4583-3094	3094			to be appropriate (for)		"""[]"""	"""[]"""				
Zalizniak-2024-4583-3095	3095	1894	ASHAMED	to be ashamed		"""[]"""	"""[]"""				
Zalizniak-2024-4583-3096	3096			*to be awake		"""[]"""	"""[]"""				
Zalizniak-2024-4583-3097	3097	1090	BE BORN	to be born		"""[]"""	"""[]"""				
Zalizniak-2024-4583-3098	3098			*to be busy, to act		"""[]"""	"""[]"""				
Zalizniak-2024-4583-3099	3099			to be captured (of a fortress, etc.)		"""[]"""	"""[]"""				
Zalizniak-2024-4583-3100	3100			to be caught, found		"""[]"""	"""[]"""				
Zalizniak-2024-4583-3101	3101			to be confused		"""[]"""	"""[]"""				
Zalizniak-2024-4583-3102	3102			to be covered with leaves (buds)		"""[]"""	"""[]"""				
Zalizniak-2024-4583-3103	3103	3535	BE DEFEATED	to be defeated		"""[]"""	"""[]"""				
Zalizniak-2024-4583-3104	3104			to be delirious		"""[]"""	"""[]"""				
Zalizniak-2024-4583-3105	3105			to be disposed towards		"""[]"""	"""[]"""				
Zalizniak-2024-4583-3106	3106			*to be eager		"""[]"""	"""[]"""				
Zalizniak-2024-4583-3107	3107			to be excited		"""[]"""	"""[]"""				
Zalizniak-2024-4583-3108	3108			to be fast (of clocks, watches)		"""[]"""	"""[]"""				
Zalizniak-2024-4583-3109	3109			to be fed up with		"""[]"""	"""[]"""				
Zalizniak-2024-4583-3110	3110			to be fired, dismissed		"""[]"""	"""[]"""				
Zalizniak-2024-4583-3111	3111			to be friends		"""[]"""	"""[]"""				
Zalizniak-2024-4583-3112	3112			to be full (of the moon)		"""[]"""	"""[]"""				
Zalizniak-2024-4583-3113	3113	2192	REJOICE	to be glad, happy		"""[]"""	"""[]"""				
Zalizniak-2024-4583-3114	3114			*to be guilty		"""[]"""	"""[]"""				
Zalizniak-2024-4583-3115	3115			*to be hungry		"""[]"""	"""[]"""				
Zalizniak-2024-4583-3116	3116			*to be ill, sick		"""[]"""	"""[]"""				
Zalizniak-2024-4583-3117	3117			to be imprisoned		"""[]"""	"""[]"""				
Zalizniak-2024-4583-3118	3118			to be in a hurry		"""[]"""	"""[]"""				
Zalizniak-2024-4583-3119	3119			to be in time		"""[]"""	"""[]"""				
Zalizniak-2024-4583-3120	3120			to be in use		"""[]"""	"""[]"""				
Zalizniak-2024-4583-3121	3121	1442	STAND	to be in vertical position, to stand		"""[]"""	"""[]"""				
Zalizniak-2024-4583-3122	3122			to be inattentive		"""[]"""	"""[]"""				
Zalizniak-2024-4583-3123	3123			to be interested in		"""[]"""	"""[]"""				
Zalizniak-2024-4583-3124	3124	425	BE LATE	to be late		"""[]"""	"""[]"""				
Zalizniak-2024-4583-3125	3125			*to be mistaken		"""[]"""	"""[]"""				
Zalizniak-2024-4583-3126	3126			to be naughty, mischievous		"""[]"""	"""[]"""				
Zalizniak-2024-4583-3127	3127			*to be necessary		"""[]"""	"""[]"""				
Zalizniak-2024-4583-3128	3128			to be not frozen (water)		"""[]"""	"""[]"""				
Zalizniak-2024-4583-3129	3129			to be paid (e. g. debt)		"""[]"""	"""[]"""				
Zalizniak-2024-4583-3130	3130			to be poisoned by fumes		"""[]"""	"""[]"""				
Zalizniak-2024-4583-3131	3131			to be reluctant		"""[]"""	"""[]"""				
Zalizniak-2024-4583-3132	3132			to be responsible for		"""[]"""	"""[]"""				
Zalizniak-2024-4583-3133	3133			to be resurrected		"""[]"""	"""[]"""				
Zalizniak-2024-4583-3134	3134			to be satisfied (sexually)		"""[]"""	"""[]"""				
Zalizniak-2024-4583-3135	3135			to be separated		"""[]"""	"""[]"""				
Zalizniak-2024-4583-3136	3136			to be shining		"""[]"""	"""[]"""				
Zalizniak-2024-4583-3137	3137	62	BE SITUATED	to be situated		"""[]"""	"""[]"""				
Zalizniak-2024-4583-3138	3138	3620	SLEEPY	to be sleepy		"""[]"""	"""[]"""				
Zalizniak-2024-4583-3139	3139			to be solved		"""[]"""	"""[]"""				
Zalizniak-2024-4583-3140	3140			to be struck by lightning		"""[]"""	"""[]"""				
Zalizniak-2024-4583-3141	3141			to be stubborn, obstinate		"""[]"""	"""[]"""				
Zalizniak-2024-4583-3142	3142			*to be stupid		"""[]"""	"""[]"""				
Zalizniak-2024-4583-3143	3143	1572	SURPRISED	to be surprised		"""[]"""	"""[]"""				
Zalizniak-2024-4583-3144	3144			to be suspended		"""[]"""	"""[]"""				
Zalizniak-2024-4583-3145	3145			to be tamed, domesticated		"""[]"""	"""[]"""				
Zalizniak-2024-4583-3146	3146			to be tied		"""[]"""	"""[]"""				
Zalizniak-2024-4583-3147	3147			to be torn		"""[]"""	"""[]"""				
Zalizniak-2024-4583-3148	3148	1579	BE	to be, exist		"""[]"""	"""[]"""				
Zalizniak-2024-4583-3149	3149			to be, to take place		"""[]"""	"""[]"""				
Zalizniak-2024-4583-3150	3150	1990	BECOME	to become		"""[]"""	"""[]"""				
Zalizniak-2024-4583-3151	3151			to become a member of		"""[]"""	"""[]"""				
Zalizniak-2024-4583-3152	3152			to become clear (of sky)		"""[]"""	"""[]"""				
Zalizniak-2024-4583-3153	3153			to become decrepit		"""[]"""	"""[]"""				
Zalizniak-2024-4583-3154	3154			to become flat		"""[]"""	"""[]"""				
Zalizniak-2024-4583-3155	3155			to become full		"""[]"""	"""[]"""				
Zalizniak-2024-4583-3156	3156			to become inevitable		"""[]"""	"""[]"""				
Zalizniak-2024-4583-3157	3157			to become infected		"""[]"""	"""[]"""				
Zalizniak-2024-4583-3158	3158			to become mute		"""[]"""	"""[]"""				
Zalizniak-2024-4583-3159	3159	2210	BECOME PREPARED (OF FOOD)	to become ready (of food)		"""[]"""	"""[]"""				
Zalizniak-2024-4583-3160	3160			to become sober		"""[]"""	"""[]"""				
Zalizniak-2024-4583-3161	3161			*to become stupid		"""[]"""	"""[]"""				
Zalizniak-2024-4583-3162	3162			to become tender (as of feelings, heart)		"""[]"""	"""[]"""				
Zalizniak-2024-4583-3163	3163			to become tight		"""[]"""	"""[]"""				
Zalizniak-2024-4583-3164	3164			to become untuned (of a musical instrument)		"""[]"""	"""[]"""				
Zalizniak-2024-4583-3165	3165			to become visible		"""[]"""	"""[]"""				
Zalizniak-2024-4583-3166	3166			to become warm		"""[]"""	"""[]"""				
Zalizniak-2024-4583-3167	3167			to befit		"""[]"""	"""[]"""				
Zalizniak-2024-4583-3168	3168			*to beg one's pardon		"""[]"""	"""[]"""				
Zalizniak-2024-4583-3169	3169	1806	BEGIN	to begin		"""[]"""	"""[]"""				
Zalizniak-2024-4583-3170	3170			*to begin (tr.)		"""[]"""	"""[]"""				
Zalizniak-2024-4583-3171	3171			to behave		"""[]"""	"""[]"""				
Zalizniak-2024-4583-3172	3172			to behave affectedly		"""[]"""	"""[]"""				
Zalizniak-2024-4583-3173	3173			to behave decently		"""[]"""	"""[]"""				
Zalizniak-2024-4583-3174	3174			to behave in a wrong way		"""[]"""	"""[]"""				
Zalizniak-2024-4583-3175	3175	1890	BELIEVE	to believe in		"""[]"""	"""[]"""				
Zalizniak-2024-4583-3176	3176	2004	BEND	to bend		"""[]"""	"""[]"""				
Zalizniak-2024-4583-3177	3177	2761	BEND (ONESELF)	to bend (intr.)		"""[]"""	"""[]"""				
Zalizniak-2024-4583-3178	3178			*to bend, bow (intr.)		"""[]"""	"""[]"""				
Zalizniak-2024-4583-3179	3179			to bequeath		"""[]"""	"""[]"""				
Zalizniak-2024-4583-3180	3180	1902	BETRAY	to betray		"""[]"""	"""[]"""				
Zalizniak-2024-4583-3181	3181			*to beware, be careful		"""[]"""	"""[]"""				
Zalizniak-2024-4583-3182	3182			to bid farewell		"""[]"""	"""[]"""				
Zalizniak-2024-4583-3183	3183			to bind		"""[]"""	"""[]"""				
Zalizniak-2024-4583-3184	3184			*to bind to		"""[]"""	"""[]"""				
Zalizniak-2024-4583-3185	3185	1403	BITE	to bite		"""[]"""	"""[]"""				
Zalizniak-2024-4583-3186	3186			to bite (of a fish)		"""[]"""	"""[]"""				
Zalizniak-2024-4583-3187	3187			to bite one's finger		"""[]"""	"""[]"""				
Zalizniak-2024-4583-3188	3188			to bite one's lip		"""[]"""	"""[]"""				
Zalizniak-2024-4583-3189	3189	391	BLESS	to bless		"""[]"""	"""[]"""				
Zalizniak-2024-4583-3190	3190	1655	BLINK	to blink (by eyes)		"""[]"""	"""[]"""				
Zalizniak-2024-4583-3191	3191	2762	BLOCK (THE WAY)	to block		"""[]"""	"""[]"""				
Zalizniak-2024-4583-3192	3192	3287	BLOOM	to blossom		"""[]"""	"""[]"""				
Zalizniak-2024-4583-3193	3193			to blow		"""[]"""	"""[]"""				
Zalizniak-2024-4583-3194	3194	175	BLOW (OF WIND)	to blow (about wind)		"""[]"""	"""[]"""				
Zalizniak-2024-4583-3195	3195			to blow off		"""[]"""	"""[]"""				
Zalizniak-2024-4583-3196	3196	2679	BLOW (WITH NOSE)	to blow one's nose		"""[]"""	"""[]"""				
Zalizniak-2024-4583-3197	3197			to blunt		"""[]"""	"""[]"""				
Zalizniak-2024-4583-3198	3198	101	BOAST	to boast		"""[]"""	"""[]"""				
Zalizniak-2024-4583-3199	3199	792	BOIL (OF LIQUID)	to boil (intr.)		"""[]"""	"""[]"""				
Zalizniak-2024-4583-3200	3200	2869	BOTHER (HARASS)	to bother, pester		"""[]"""	"""[]"""				
Zalizniak-2024-4583-3201	3201			*to bow down		"""[]"""	"""[]"""				
Zalizniak-2024-4583-3202	3202	3295	BRAID (VERB)	to braid, plait, weave		"""[]"""	"""[]"""				
Zalizniak-2024-4583-3203	3203	966	BRAKE	to brake		"""[]"""	"""[]"""				
Zalizniak-2024-4583-3204	3204			to breach an agreement		"""[]"""	"""[]"""				
Zalizniak-2024-4583-3205	3205			to bread animals		"""[]"""	"""[]"""				
Zalizniak-2024-4583-3206	3206	3020	BREAK (BREAKING)	to break (intr.)		"""[]"""	"""[]"""				
Zalizniak-2024-4583-3207	3207			to break (of male voice)		"""[]"""	"""[]"""				
Zalizniak-2024-4583-3208	3208	2558	BREAK (CLEAVE)	to break (tr.)		"""[]"""	"""[]"""				
Zalizniak-2024-4583-3209	3209			to break deadline		"""[]"""	"""[]"""				
Zalizniak-2024-4583-3210	3210			to break down		"""[]"""	"""[]"""				
Zalizniak-2024-4583-3211	3211			*to breathe		"""[]"""	"""[]"""				
Zalizniak-2024-4583-3212	3212			to breathe heavily		"""[]"""	"""[]"""				
Zalizniak-2024-4583-3213	3213	1164	BRIBE (SOMEBODY)	to bribe		"""[]"""	"""[]"""				
Zalizniak-2024-4583-3214	3214			to bridle		"""[]"""	"""[]"""				
Zalizniak-2024-4583-3215	3215	692	BRING	to bring		"""[]"""	"""[]"""				
Zalizniak-2024-4583-3216	3216			to bring into a good mood		"""[]"""	"""[]"""				
Zalizniak-2024-4583-3217	3217			to bring into discussion		"""[]"""	"""[]"""				
Zalizniak-2024-4583-3218	3218			to bring to order		"""[]"""	"""[]"""				
Zalizniak-2024-4583-3219	3219	2134	RAISE (BRING UP)	to bring up (children)		"""[]"""	"""[]"""				
Zalizniak-2024-4583-3220	3220			to browse through (a digital source)		"""[]"""	"""[]"""				
Zalizniak-2024-4583-3221	3221	1840	BUILD	to build		"""[]"""	"""[]"""				
Zalizniak-2024-4583-3222	3222	1428	BURNING	to burn (intr.)		"""[]"""	"""[]"""				
Zalizniak-2024-4583-3223	3223	141	BURN (SOMETHING)	to burn (tr.)		"""[]"""	"""[]"""				
Zalizniak-2024-4583-3224	3224			*to burst		"""[]"""	"""[]"""				
Zalizniak-2024-4583-3225	3225	680	BREAK (DESTROY OR GET DESTROYED)	to burst / break		"""[]"""	"""[]"""				
Zalizniak-2024-4583-3226	3226	1719	BURY	to bury		"""[]"""	"""[]"""				
Zalizniak-2024-4583-3227	3227			to butt, to hit with the horns		"""[]"""	"""[]"""				
Zalizniak-2024-4583-3228	3228	1869	BUY	to buy		"""[]"""	"""[]"""				
Zalizniak-2024-4583-3229	3229			to buzz		"""[]"""	"""[]"""				
Zalizniak-2024-4583-3230	3230	3683	CACKLE	to cackle, to cluck		"""[]"""	"""[]"""				
Zalizniak-2024-4583-3231	3231	1420	COUNT	to calculate, count		"""[]"""	"""[]"""				
Zalizniak-2024-4583-3232	3232			to calk, caulk		"""[]"""	"""[]"""				
Zalizniak-2024-4583-3233	3233			*to calk, caulk (ship)		"""[]"""	"""[]"""				
Zalizniak-2024-4583-3234	3234	1084	CALL	to call		"""[]"""	"""[]"""				
Zalizniak-2024-4583-3235	3235			to calm down		"""[]"""	"""[]"""				
Zalizniak-2024-4583-3236	3236			to cancel		"""[]"""	"""[]"""				
Zalizniak-2024-4583-3237	3237	253	CARE FOR	to care for, look after		"""[]"""	"""[]"""				
Zalizniak-2024-4583-3238	3238	2193	CARP	to carp, find faults		"""[]"""	"""[]"""				
Zalizniak-2024-4583-3239	3239	700	CARRY	to carry		"""[]"""	"""[]"""				
Zalizniak-2024-4583-3240	3240			to carry out		"""[]"""	"""[]"""				
Zalizniak-2024-4583-3241	3241	211	CAST	to cast (e.g. metal)		"""[]"""	"""[]"""				
Zalizniak-2024-4583-3242	3242			to cast a spell		"""[]"""	"""[]"""				
Zalizniak-2024-4583-3243	3243			to cast out		"""[]"""	"""[]"""				
Zalizniak-2024-4583-3244	3244	29	GELD	to castrate, geld		"""[]"""	"""[]"""				
Zalizniak-2024-4583-3245	3245	702	CATCH	to catch		"""[]"""	"""[]"""				
Zalizniak-2024-4583-3246	3246			to catch fire		"""[]"""	"""[]"""				
Zalizniak-2024-4583-3247	3247			to catch up		"""[]"""	"""[]"""				
Zalizniak-2024-4583-3248	3248			*to cause		"""[]"""	"""[]"""				
Zalizniak-2024-4583-3249	3249			to cause moral suffering		"""[]"""	"""[]"""				
Zalizniak-2024-4583-3250	3250			to cause to moving		"""[]"""	"""[]"""				
Zalizniak-2024-4583-3251	3251			*to cause to want, desire		"""[]"""	"""[]"""				
Zalizniak-2024-4583-3252	3252			to cease to be bent		"""[]"""	"""[]"""				
Zalizniak-2024-4583-3253	3253			to celebrate		"""[]"""	"""[]"""				
Zalizniak-2024-4583-3254	3254			to challenge		"""[]"""	"""[]"""				
Zalizniak-2024-4583-3255	3255	1264	CHANGE	to change (tr.)		"""[]"""	"""[]"""				
Zalizniak-2024-4583-3256	3256			to change clothes		"""[]"""	"""[]"""				
Zalizniak-2024-4583-3257	3257	1444	TURN AROUND	to change direction of one's motion		"""[]"""	"""[]"""				
Zalizniak-2024-4583-3258	3258			to change money		"""[]"""	"""[]"""				
Zalizniak-2024-4583-3259	3259	1271	DELIGHT	to charm, to delight		"""[]"""	"""[]"""				
Zalizniak-2024-4583-3260	3260			*to chase away		"""[]"""	"""[]"""				
Zalizniak-2024-4583-3261	3261			to cheat on, be unfaithful to		"""[]"""	"""[]"""				
Zalizniak-2024-4583-3262	3262	1975	CHECK	to check, test		"""[]"""	"""[]"""				
Zalizniak-2024-4583-3263	3263	321	CHEW	to chew		"""[]"""	"""[]"""				
Zalizniak-2024-4583-3264	3264	129	CHOKE	to choke		"""[]"""	"""[]"""				
Zalizniak-2024-4583-3265	3265	1750	CHOOSE	to choose		"""[]"""	"""[]"""				
Zalizniak-2024-4583-3266	3266	2235	CLEAN (SOMETHING)	to clean		"""[]"""	"""[]"""				
Zalizniak-2024-4583-3267	3267			to clean up, tidy up		"""[]"""	"""[]"""				
Zalizniak-2024-4583-3268	3268			to clear (about sky)		"""[]"""	"""[]"""				
Zalizniak-2024-4583-3269	3269			to clear away (fog, clouds)		"""[]"""	"""[]"""				
Zalizniak-2024-4583-3270	3270			to clench fist		"""[]"""	"""[]"""				
Zalizniak-2024-4583-3271	3271	1102	CLIMB	to climb		"""[]"""	"""[]"""				
Zalizniak-2024-4583-3272	3272	2063	CLOSE (EYES)	to close one's eyes		"""[]"""	"""[]"""				
Zalizniak-2024-4583-3273	3273	158	PUT ON	to clothe		"""[]"""	"""[]"""				
Zalizniak-2024-4583-3274	3274	2395	CONGEAL (BLOOD)	to coagulate, curdle		"""[]"""	"""[]"""				
Zalizniak-2024-4583-3275	3275			to coincide		"""[]"""	"""[]"""				
Zalizniak-2024-4583-3276	3276			to collapse		"""[]"""	"""[]"""				
Zalizniak-2024-4583-3277	3277	1446	COME	to come		"""[]"""	"""[]"""				
Zalizniak-2024-4583-3278	3278	1933	LOOSEN	to come loose (of rope, belt)		"""[]"""	"""[]"""				
Zalizniak-2024-4583-3279	3279	2115	CEASE OR FINISH	to come to end, to cease		"""[]"""	"""[]"""				
Zalizniak-2024-4583-3280	3280			to comfort		"""[]"""	"""[]"""				
Zalizniak-2024-4583-3281	3281			to communicate, be on friendly terms		"""[]"""	"""[]"""				
Zalizniak-2024-4583-3282	3282	3429	COMPARE	to compare		"""[]"""	"""[]"""				
Zalizniak-2024-4583-3283	3283			to compete (with smn.)		"""[]"""	"""[]"""				
Zalizniak-2024-4583-3284	3284	602	HIDE (CONCEAL)	to conceal, make secret		"""[]"""	"""[]"""				
Zalizniak-2024-4583-3285	3285	1087	CONCEIVE	to conceive, to become pregnant		"""[]"""	"""[]"""				
Zalizniak-2024-4583-3286	3286			to concern, be related to		"""[]"""	"""[]"""				
Zalizniak-2024-4583-3287	3287			to confess		"""[]"""	"""[]"""				
Zalizniak-2024-4583-3288	3288			to confuse (with)		"""[]"""	"""[]"""				
Zalizniak-2024-4583-3289	3289			to congratulate		"""[]"""	"""[]"""				
Zalizniak-2024-4583-3290	3290			to consider		"""[]"""	"""[]"""				
Zalizniak-2024-4583-3291	3291			to consist of		"""[]"""	"""[]"""				
Zalizniak-2024-4583-3292	3292	2787	CONSUME (DRINK OR EAT)	to consume		"""[]"""	"""[]"""				
Zalizniak-2024-4583-3293	3293	697	CONTAIN	to contain		"""[]"""	"""[]"""				
Zalizniak-2024-4583-3294	3294	3699	CONTINUE	to continue		"""[]"""	"""[]"""				
Zalizniak-2024-4583-3295	3295			to convalesce		"""[]"""	"""[]"""				
Zalizniak-2024-4583-3296	3296	1100	COOK (SOMETHING)	to cook (prepare food)		"""[]"""	"""[]"""				
Zalizniak-2024-4583-3297	3297			*to cook, boil		"""[]"""	"""[]"""				
Zalizniak-2024-4583-3298	3298	3068	COOL DOWN	to cool down (intr.)		"""[]"""	"""[]"""				
Zalizniak-2024-4583-3299	3299			to cope (with)		"""[]"""	"""[]"""				
Zalizniak-2024-4583-3300	3300	549	COPULATE	to copulate		"""[]"""	"""[]"""				
Zalizniak-2024-4583-3301	3301	2231	CORRECT (SOMETHING OR SOMEBODY)	to correct		"""[]"""	"""[]"""				
Zalizniak-2024-4583-3302	3302			to correspond		"""[]"""	"""[]"""				
Zalizniak-2024-4583-3303	3303			to corrode		"""[]"""	"""[]"""				
Zalizniak-2024-4583-3304	3304	242	COST	to cost		"""[]"""	"""[]"""				
Zalizniak-2024-4583-3305	3305	879	COUGH	to cough		"""[]"""	"""[]"""				
Zalizniak-2024-4583-3306	3306			*to count		"""[]"""	"""[]"""				
Zalizniak-2024-4583-3307	3307			to counterfeit		"""[]"""	"""[]"""				
Zalizniak-2024-4583-3308	3308	761	COVER	to cover		"""[]"""	"""[]"""				
Zalizniak-2024-4583-3309	3309			to cover ears		"""[]"""	"""[]"""				
Zalizniak-2024-4583-3310	3310			to crackle		"""[]"""	"""[]"""				
Zalizniak-2024-4583-3311	3311	96	CRAWL	to crawl		"""[]"""	"""[]"""				
Zalizniak-2024-4583-3312	3312			to creak		"""[]"""	"""[]"""				
Zalizniak-2024-4583-3313	3313			to create a text		"""[]"""	"""[]"""				
Zalizniak-2024-4583-3314	3314			to croak		"""[]"""	"""[]"""				
Zalizniak-2024-4583-3315	3315			to cross a mountain range		"""[]"""	"""[]"""				
Zalizniak-2024-4583-3316	3316			to cross a river		"""[]"""	"""[]"""				
Zalizniak-2024-4583-3317	3317			to crucify		"""[]"""	"""[]"""				
Zalizniak-2024-4583-3318	3318			to crumble (intr.)		"""[]"""	"""[]"""				
Zalizniak-2024-4583-3319	3319			to cry (of animals)		"""[]"""	"""[]"""				
Zalizniak-2024-4583-3320	3320	1839	CRY	to cry, weep		"""[]"""	"""[]"""				
Zalizniak-2024-4583-3321	3321	499	CURE	to cure, treat (medically)		"""[]"""	"""[]"""				
Zalizniak-2024-4583-3322	3322	1432	CUT	to cut		"""[]"""	"""[]"""				
Zalizniak-2024-4583-3323	3323			to cut off relationships		"""[]"""	"""[]"""				
Zalizniak-2024-4583-3324	3324			to cut one's hair		"""[]"""	"""[]"""				
Zalizniak-2024-4583-3325	3325			to cut out		"""[]"""	"""[]"""				
Zalizniak-2024-4583-3326	3326			*to cut up		"""[]"""	"""[]"""				
Zalizniak-2024-4583-3327	3327	1879	DANCE	to dance		"""[]"""	"""[]"""				
Zalizniak-2024-4583-3328	3328	1779	DARE	to dare		"""[]"""	"""[]"""				
Zalizniak-2024-4583-3329	3329			to dawn		"""[]"""	"""[]"""				
Zalizniak-2024-4583-3330	3330			*to deal with		"""[]"""	"""[]"""				
Zalizniak-2024-4583-3331	3331			to debauch		"""[]"""	"""[]"""				
Zalizniak-2024-4583-3332	3332	3230	DECEIVE	to deceive		"""[]"""	"""[]"""				
Zalizniak-2024-4583-3333	3333	685	DECIDE	to decide		"""[]"""	"""[]"""				
Zalizniak-2024-4583-3334	3334			to decline from the route		"""[]"""	"""[]"""				
Zalizniak-2024-4583-3335	3335			to decorate, award		"""[]"""	"""[]"""				
Zalizniak-2024-4583-3336	3336			to decorticate, debark		"""[]"""	"""[]"""				
Zalizniak-2024-4583-3337	3337			to decrease (water level)		"""[]"""	"""[]"""				
Zalizniak-2024-4583-3338	3338			to decrease drastically		"""[]"""	"""[]"""				
Zalizniak-2024-4583-3339	3339	866	WIN	to defeat, win		"""[]"""	"""[]"""				
Zalizniak-2024-4583-3340	3340	676	SHIT (DEFECATE)	to defecate		"""[]"""	"""[]"""				
Zalizniak-2024-4583-3341	3341	1330	DEFEND	to defend		"""[]"""	"""[]"""				
Zalizniak-2024-4583-3342	3342			to deflorate		"""[]"""	"""[]"""				
Zalizniak-2024-4583-3343	3343			to demote		"""[]"""	"""[]"""				
Zalizniak-2024-4583-3344	3344			to dense		"""[]"""	"""[]"""				
Zalizniak-2024-4583-3345	3345	756	DEPEND	to depend		"""[]"""	"""[]"""				
Zalizniak-2024-4583-3346	3346			to deprave		"""[]"""	"""[]"""				
Zalizniak-2024-4583-3347	3347			to deprive		"""[]"""	"""[]"""				
Zalizniak-2024-4583-3348	3348			to derive profit		"""[]"""	"""[]"""				
Zalizniak-2024-4583-3349	3349	2117	DESIRE	to desire		"""[]"""	"""[]"""				
Zalizniak-2024-4583-3350	3350			to despair		"""[]"""	"""[]"""				
Zalizniak-2024-4583-3351	3351	2715	DESPISE	to despise		"""[]"""	"""[]"""				
Zalizniak-2024-4583-3352	3352	681	DESTROY	to destroy, annihilate		"""[]"""	"""[]"""				
Zalizniak-2024-4583-3353	3353	3895	DETECT	to detect		"""[]"""	"""[]"""				
Zalizniak-2024-4583-3354	3354			to develop		"""[]"""	"""[]"""				
Zalizniak-2024-4583-3355	3355	1494	DIE	to die		"""[]"""	"""[]"""				
Zalizniak-2024-4583-3356	3356			*to differ, to make distinction		"""[]"""	"""[]"""				
Zalizniak-2024-4583-3357	3357	1418	DIG	to dig		"""[]"""	"""[]"""				
Zalizniak-2024-4583-3358	3358			to digest (food)		"""[]"""	"""[]"""				
Zalizniak-2024-4583-3359	3359	550	DILUTE	to dilute		"""[]"""	"""[]"""				
Zalizniak-2024-4583-3360	3360	1184	DIMINISH	to diminish		"""[]"""	"""[]"""				
Zalizniak-2024-4583-3361	3361	3697	DIP	to dip		"""[]"""	"""[]"""				
Zalizniak-2024-4583-3362	3362			to disagree		"""[]"""	"""[]"""				
Zalizniak-2024-4583-3363	3363	485	DISAPPEAR	to disappear		"""[]"""	"""[]"""				
Zalizniak-2024-4583-3364	3364			to disapprove		"""[]"""	"""[]"""				
Zalizniak-2024-4583-3365	3365			to discharge, dismiss		"""[]"""	"""[]"""				
Zalizniak-2024-4583-3366	3366			to discover game animals or birds (hunting)		"""[]"""	"""[]"""				
Zalizniak-2024-4583-3367	3367			to discriminate, to treat improperly		"""[]"""	"""[]"""				
Zalizniak-2024-4583-3368	3368			to discuss		"""[]"""	"""[]"""				
Zalizniak-2024-4583-3369	3369			to disdain		"""[]"""	"""[]"""				
Zalizniak-2024-4583-3370	3370	75	DISGRACE	to disgrace, dishonor		"""[]"""	"""[]"""				
Zalizniak-2024-4583-3371	3371	551	DISLOCATE	to dislocate (of a joint)		"""[]"""	"""[]"""				
Zalizniak-2024-4583-3372	3372			to disperse (intr., about cloud)		"""[]"""	"""[]"""				
Zalizniak-2024-4583-3373	3373			to dissolve in liquid (tr.)		"""[]"""	"""[]"""				
Zalizniak-2024-4583-3374	3374			to distill, retort		"""[]"""	"""[]"""				
Zalizniak-2024-4583-3375	3375			to distinguish		"""[]"""	"""[]"""				
Zalizniak-2024-4583-3376	3376			to distort		"""[]"""	"""[]"""				
Zalizniak-2024-4583-3377	3377			to distract		"""[]"""	"""[]"""				
Zalizniak-2024-4583-3378	3378	119	DIVE	to dive		"""[]"""	"""[]"""				
Zalizniak-2024-4583-3379	3379	1119	DIVIDE	to divide into several parts		"""[]"""	"""[]"""				
Zalizniak-2024-4583-3380	3380	3672	DIVORCE (SEPARATE)	to divorce		"""[]"""	"""[]"""				
Zalizniak-2024-4583-3381	3381			to do something one after another		"""[]"""	"""[]"""				
Zalizniak-2024-4583-3382	3382			to do sport, take exercise		"""[]"""	"""[]"""				
Zalizniak-2024-4583-3383	3383	813	DO	to do, act		"""[]"""	"""[]"""				
Zalizniak-2024-4583-3384	3384	3536	DOUBT (SOMETHING)	to doubt		"""[]"""	"""[]"""				
Zalizniak-2024-4583-3385	3385			to draft (for the army)		"""[]"""	"""[]"""				
Zalizniak-2024-4583-3386	3386	2030	DRAG	to drag		"""[]"""	"""[]"""				
Zalizniak-2024-4583-3387	3387			to draw (an official paper)		"""[]"""	"""[]"""				
Zalizniak-2024-4583-3388	3388	1911	DRAW (WATER)	to draw water		"""[]"""	"""[]"""				
Zalizniak-2024-4583-3389	3389	2001	PAINTING	to draw, paint		"""[]"""	"""[]"""				
Zalizniak-2024-4583-3390	3390	1920	DREAM (SOMETHING)	to dream (of)		"""[]"""	"""[]"""				
Zalizniak-2024-4583-3391	3391			*to dream while sleeping		"""[]"""	"""[]"""				
Zalizniak-2024-4583-3392	3392			to dress leather		"""[]"""	"""[]"""				
Zalizniak-2024-4583-3393	3393	814	DRESS UP	to dress someone (tr.)		"""[]"""	"""[]"""				
Zalizniak-2024-4583-3394	3394	1501	BORE	to drill		"""[]"""	"""[]"""				
Zalizniak-2024-4583-3395	3395	1401	DRINK	to drink		"""[]"""	"""[]"""				
Zalizniak-2024-4583-3396	3396			to drink alcohol		"""[]"""	"""[]"""				
Zalizniak-2024-4583-3397	3397	741	DRIVE	to drive (the car)		"""[]"""	"""[]"""				
Zalizniak-2024-4583-3398	3398	3290	IMPEL	to drive, to force to move on		"""[]"""	"""[]"""				
Zalizniak-2024-4583-3399	3399	808	DRIP (FALL IN GLOBULES)	to drop (of liquid)		"""[]"""	"""[]"""				
Zalizniak-2024-4583-3400	3400	2866	DROP (SOMETHING)	to drop (tr.)		"""[]"""	"""[]"""				
Zalizniak-2024-4583-3401	3401			to drop by		"""[]"""	"""[]"""				
Zalizniak-2024-4583-3402	3402	2015	MAKE DRY	to dry		"""[]"""	"""[]"""				
Zalizniak-2024-4583-3403	3403			to duck		"""[]"""	"""[]"""				
Zalizniak-2024-4583-3404	3404	157	DYE	to dye		"""[]"""	"""[]"""				
Zalizniak-2024-4583-3405	3405			to earth up (plants)		"""[]"""	"""[]"""				
Zalizniak-2024-4583-3406	3406			to ease		"""[]"""	"""[]"""				
Zalizniak-2024-4583-3407	3407	1336	EAT	to eat		"""[]"""	"""[]"""				
Zalizniak-2024-4583-3408	3408			to eat too much		"""[]"""	"""[]"""				
Zalizniak-2024-4583-3409	3409			to emerge from the water		"""[]"""	"""[]"""				
Zalizniak-2024-4583-3410	3410	2859	SMOKE (EMIT SMOKE)	to emit smoke		"""[]"""	"""[]"""				
Zalizniak-2024-4583-3411	3411			*to emotionalize		"""[]"""	"""[]"""				
Zalizniak-2024-4583-3412	3412			to employ		"""[]"""	"""[]"""				
Zalizniak-2024-4583-3413	3413	3274	ENCIRCLE	to encircle, surround		"""[]"""	"""[]"""				
Zalizniak-2024-4583-3414	3414			to enculturate, civilize		"""[]"""	"""[]"""				
Zalizniak-2024-4583-3415	3415	1766	FINISH	to end, finish		"""[]"""	"""[]"""				
Zalizniak-2024-4583-3416	3416	833	ENDURE	to endure		"""[]"""	"""[]"""				
Zalizniak-2024-4583-3417	3417			to endure a load		"""[]"""	"""[]"""				
Zalizniak-2024-4583-3418	3418			to enjoy		"""[]"""	"""[]"""				
Zalizniak-2024-4583-3419	3419	749	ENTER	to enter		"""[]"""	"""[]"""				
Zalizniak-2024-4583-3420	3420			to enter into a contract		"""[]"""	"""[]"""				
Zalizniak-2024-4583-3421	3421			to equalize		"""[]"""	"""[]"""				
Zalizniak-2024-4583-3422	3422	3112	ERUPT	to erupt		"""[]"""	"""[]"""				
Zalizniak-2024-4583-3423	3423	1615	ESCAPE	to escape, flee		"""[]"""	"""[]"""				
Zalizniak-2024-4583-3424	3424			to establish, found		"""[]"""	"""[]"""				
Zalizniak-2024-4583-3425	3425			to evaporate, exhale		"""[]"""	"""[]"""				
Zalizniak-2024-4583-3426	3426			to evoke (a feeling)		"""[]"""	"""[]"""				
Zalizniak-2024-4583-3427	3427			to exhaust		"""[]"""	"""[]"""				
Zalizniak-2024-4583-3428	3428			to exist		"""[]"""	"""[]"""				
Zalizniak-2024-4583-3429	3429			to experience an orgasm		"""[]"""	"""[]"""				
Zalizniak-2024-4583-3430	3430	1626	EXPLAIN	to explain		"""[]"""	"""[]"""				
Zalizniak-2024-4583-3431	3431			*to explain		"""[]"""	"""[]"""				
Zalizniak-2024-4583-3432	3432			to expose to the action of steam		"""[]"""	"""[]"""				
Zalizniak-2024-4583-3433	3433			to express agreement		"""[]"""	"""[]"""				
Zalizniak-2024-4583-3434	3434	127	EXTINGUISH	to extinguish		"""[]"""	"""[]"""				
Zalizniak-2024-4583-3435	3435			to extort (money from smb.)		"""[]"""	"""[]"""				
Zalizniak-2024-4583-3436	3436			to extract a thorn		"""[]"""	"""[]"""				
Zalizniak-2024-4583-3437	3437			to exude (liquid)		"""[]"""	"""[]"""				
Zalizniak-2024-4583-3438	3438	3861	FAIL	to fail		"""[]"""	"""[]"""				
Zalizniak-2024-4583-3439	3439			*to fail (of engine)		"""[]"""	"""[]"""				
Zalizniak-2024-4583-3440	3440			*to faint		"""[]"""	"""[]"""				
Zalizniak-2024-4583-3441	3441	2234	FALL (OF SNOW AND RAIN)	to fall (of rain, snow)		"""[]"""	"""[]"""				
Zalizniak-2024-4583-3442	3442	1106	FALL ASLEEP	to fall asleep		"""[]"""	"""[]"""				
Zalizniak-2024-4583-3443	3443	1280	FALL	to fall down		"""[]"""	"""[]"""				
Zalizniak-2024-4583-3444	3444			to fall in love		"""[]"""	"""[]"""				
Zalizniak-2024-4583-3445	3445			to fall to one's lot		"""[]"""	"""[]"""				
Zalizniak-2024-4583-3446	3446	1094	FASTEN	to fasten, to rope		"""[]"""	"""[]"""				
Zalizniak-2024-4583-3447	3447			*to fear		"""[]"""	"""[]"""				
Zalizniak-2024-4583-3448	3448			*to fear		"""[]"""	"""[]"""				
Zalizniak-2024-4583-3449	3449	739	FEED	to feed		"""[]"""	"""[]"""				
Zalizniak-2024-4583-3450	3450	1079	FEEL	to feel		"""[]"""	"""[]"""				
Zalizniak-2024-4583-3451	3451	2573	FEELING (EMOTION)	to feel (an emotion)		"""[]"""	"""[]"""				
Zalizniak-2024-4583-3452	3452			to feel affection		"""[]"""	"""[]"""				
Zalizniak-2024-4583-3453	3453	2712	GET DIZZY	to feel dizzy		"""[]"""	"""[]"""				
Zalizniak-2024-4583-3454	3454			*to feel hunger		"""[]"""	"""[]"""				
Zalizniak-2024-4583-3455	3455			to feel pity		"""[]"""	"""[]"""				
Zalizniak-2024-4583-3456	3456			to feel pleasure		"""[]"""	"""[]"""				
Zalizniak-2024-4583-3457	3457			to feel shy, embarrassed		"""[]"""	"""[]"""				
Zalizniak-2024-4583-3458	3458			*to feel sick		"""[]"""	"""[]"""				
Zalizniak-2024-4583-3459	3459	3474	BE THIRSTY	to feel thirsty		"""[]"""	"""[]"""				
Zalizniak-2024-4583-3460	3460			to fence		"""[]"""	"""[]"""				
Zalizniak-2024-4583-3461	3461	3652	FERMENT	to ferment, yeast		"""[]"""	"""[]"""				
Zalizniak-2024-4583-3462	3462			to fight (war)		"""[]"""	"""[]"""				
Zalizniak-2024-4583-3463	3463	2902	BRAWL (FIGHT)	to fight, scuffle		"""[]"""	"""[]"""				
Zalizniak-2024-4583-3464	3464	2006	FILL	to fill (tr.)		"""[]"""	"""[]"""				
Zalizniak-2024-4583-3465	3465	719	FIND	to find		"""[]"""	"""[]"""				
Zalizniak-2024-4583-3466	3466			to fire (from job)		"""[]"""	"""[]"""				
Zalizniak-2024-4583-3467	3467	2638	FISHING	to fish		"""[]"""	"""[]"""				
Zalizniak-2024-4583-3468	3468	764	SUIT	to fit, suit		"""[]"""	"""[]"""				
Zalizniak-2024-4583-3469	3469			to fit, try on		"""[]"""	"""[]"""				
Zalizniak-2024-4583-3470	3470			to flame up		"""[]"""	"""[]"""				
Zalizniak-2024-4583-3471	3471			to flap, wave		"""[]"""	"""[]"""				
Zalizniak-2024-4583-3472	3472			to flap, wave (hands)		"""[]"""	"""[]"""				
Zalizniak-2024-4583-3473	3473	2709	FLATTER	to flatter		"""[]"""	"""[]"""				
Zalizniak-2024-4583-3474	3474	494	FLIRT	to flirt		"""[]"""	"""[]"""				
Zalizniak-2024-4583-3475	3475	1574	FLOAT	to float		"""[]"""	"""[]"""				
Zalizniak-2024-4583-3476	3476			to flog		"""[]"""	"""[]"""				
Zalizniak-2024-4583-3477	3477	2003	FLOW	to flow		"""[]"""	"""[]"""				
Zalizniak-2024-4583-3478	3478			to flow into		"""[]"""	"""[]"""				
Zalizniak-2024-4583-3479	3479			to flutter (of flag)		"""[]"""	"""[]"""				
Zalizniak-2024-4583-3480	3480	1441	FLY (MOVE THROUGH AIR)	to fly		"""[]"""	"""[]"""				
Zalizniak-2024-4583-3481	3481			*to fly away		"""[]"""	"""[]"""				
Zalizniak-2024-4583-3482	3482			to fly up		"""[]"""	"""[]"""				
Zalizniak-2024-4583-3483	3483	1470	FOLD	to fold (cloth)		"""[]"""	"""[]"""				
Zalizniak-2024-4583-3484	3484			to follow each other		"""[]"""	"""[]"""				
Zalizniak-2024-4583-3485	3485			to follow logically		"""[]"""	"""[]"""				
Zalizniak-2024-4583-3486	3486			to follow unthinkingly		"""[]"""	"""[]"""				
Zalizniak-2024-4583-3487	3487	1085	FOLLOW	to follow, go after smb.		"""[]"""	"""[]"""				
Zalizniak-2024-4583-3488	3488			to force to work		"""[]"""	"""[]"""				
Zalizniak-2024-4583-3489	3489			to foresee		"""[]"""	"""[]"""				
Zalizniak-2024-4583-3490	3490	288	FORGE	to forge		"""[]"""	"""[]"""				
Zalizniak-2024-4583-3491	3491	1523	FORGET	to forget		"""[]"""	"""[]"""				
Zalizniak-2024-4583-3492	3492	1528	FORGIVE	to forgive		"""[]"""	"""[]"""				
Zalizniak-2024-4583-3493	3493			to form the fruit (of plant)		"""[]"""	"""[]"""				
Zalizniak-2024-4583-3494	3494	103	FORNICATE	to fornicate		"""[]"""	"""[]"""				
Zalizniak-2024-4583-3495	3495			to freeze, be cold		"""[]"""	"""[]"""				
Zalizniak-2024-4583-3496	3496			to freeze, to become motionless		"""[]"""	"""[]"""				
Zalizniak-2024-4583-3497	3497	1431	FREEZE	to freeze, to congeal		"""[]"""	"""[]"""				
Zalizniak-2024-4583-3498	3498			*to frighten		"""[]"""	"""[]"""				
Zalizniak-2024-4583-3499	3499			to fulfill a vow		"""[]"""	"""[]"""				
Zalizniak-2024-4583-3500	3500			to function		"""[]"""	"""[]"""				
Zalizniak-2024-4583-3501	3501	733	EARN	to gain, to earn		"""[]"""	"""[]"""				
Zalizniak-2024-4583-3502	3502			to gamble		"""[]"""	"""[]"""				
Zalizniak-2024-4583-3503	3503			to gas (a car), to refuel		"""[]"""	"""[]"""				
Zalizniak-2024-4583-3504	3504			to gather in the crops		"""[]"""	"""[]"""				
Zalizniak-2024-4583-3505	3505	7	GATHER	to gather, collect		"""[]"""	"""[]"""				
Zalizniak-2024-4583-3506	3506			to get (in games)		"""[]"""	"""[]"""				
Zalizniak-2024-4583-3507	3507			to get (to), to find oneself (in)		"""[]"""	"""[]"""				
Zalizniak-2024-4583-3508	3508			to get a cramp, spasm		"""[]"""	"""[]"""				
Zalizniak-2024-4583-3509	3509	1118	ACCUSTOM	to get accustomed		"""[]"""	"""[]"""				
Zalizniak-2024-4583-3510	3510			to get along (with smb.)		"""[]"""	"""[]"""				
Zalizniak-2024-4583-3511	3511	2215	BECOME ANGRY	to get angry		"""[]"""	"""[]"""				
Zalizniak-2024-4583-3512	3512			to get dark		"""[]"""	"""[]"""				
Zalizniak-2024-4583-3513	3513			to get dirty, soiled		"""[]"""	"""[]"""				
Zalizniak-2024-4583-3514	3514	3980	GET DRUNK	to get drunk		"""[]"""	"""[]"""				
Zalizniak-2024-4583-3515	3515	1786	DRY UP	to get dry		"""[]"""	"""[]"""				
Zalizniak-2024-4583-3516	3516			to get immunity		"""[]"""	"""[]"""				
Zalizniak-2024-4583-3517	3517			to get information		"""[]"""	"""[]"""				
Zalizniak-2024-4583-3518	3518			to get money		"""[]"""	"""[]"""				
Zalizniak-2024-4583-3519	3519			to get mouldy (musty)		"""[]"""	"""[]"""				
Zalizniak-2024-4583-3520	3520			to get moving		"""[]"""	"""[]"""				
Zalizniak-2024-4583-3521	3521			to get off a vehicle		"""[]"""	"""[]"""				
Zalizniak-2024-4583-3522	3522			to get on a vehicle		"""[]"""	"""[]"""				
Zalizniak-2024-4583-3523	3523			to get on well, be on good terms		"""[]"""	"""[]"""				
Zalizniak-2024-4583-3524	3524			to get rid of		"""[]"""	"""[]"""				
Zalizniak-2024-4583-3525	3525			to get stuck		"""[]"""	"""[]"""				
Zalizniak-2024-4583-3526	3526	1996	GET TIRED	to get tired		"""[]"""	"""[]"""				
Zalizniak-2024-4583-3527	3527			*to get tired		"""[]"""	"""[]"""				
Zalizniak-2024-4583-3528	3528	2324	GET WET	to get wet		"""[]"""	"""[]"""				
Zalizniak-2024-4583-3529	3529			*to get, obtain		"""[]"""	"""[]"""				
Zalizniak-2024-4583-3530	3530	1447	GIVE	to give		"""[]"""	"""[]"""				
Zalizniak-2024-4583-3531	3531	1195	GIVE BIRTH	to give birth		"""[]"""	"""[]"""				
Zalizniak-2024-4583-3532	3532			to give birth to twins		"""[]"""	"""[]"""				
Zalizniak-2024-4583-3533	3533			to glorify		"""[]"""	"""[]"""				
Zalizniak-2024-4583-3534	3534	2706	GNAW	to gnaw		"""[]"""	"""[]"""				
Zalizniak-2024-4583-3535	3535			to go against the wind		"""[]"""	"""[]"""				
Zalizniak-2024-4583-3536	3536			to go apart, in various directions		"""[]"""	"""[]"""				
Zalizniak-2024-4583-3537	3537			to go around		"""[]"""	"""[]"""				
Zalizniak-2024-4583-3538	3538	1752	LEAVE	to go away		"""[]"""	"""[]"""				
Zalizniak-2024-4583-3539	3539			to go blind		"""[]"""	"""[]"""				
Zalizniak-2024-4583-3540	3540			*to go crazy		"""[]"""	"""[]"""				
Zalizniak-2024-4583-3541	3541			to go deaf		"""[]"""	"""[]"""				
Zalizniak-2024-4583-3542	3542	2014	GO DOWN (DESCEND)	to go down		"""[]"""	"""[]"""				
Zalizniak-2024-4583-3543	3543			to go downstream		"""[]"""	"""[]"""				
Zalizniak-2024-4583-3544	3544			to go forward, advance		"""[]"""	"""[]"""				
Zalizniak-2024-4583-3545	3545			to go mad		"""[]"""	"""[]"""				
Zalizniak-2024-4583-3546	3546	1107	GO OUT	to go out		"""[]"""	"""[]"""				
Zalizniak-2024-4583-3547	3547			to go out (of fire)		"""[]"""	"""[]"""				
Zalizniak-2024-4583-3548	3548			to go out (of light)		"""[]"""	"""[]"""				
Zalizniak-2024-4583-3549	3549			to go overripe		"""[]"""	"""[]"""				
Zalizniak-2024-4583-3550	3550	1742	TRAVERSE	to go through		"""[]"""	"""[]"""				
Zalizniak-2024-4583-3551	3551	705	GO UP (ASCEND)	to go up		"""[]"""	"""[]"""				
Zalizniak-2024-4583-3552	3552			to go upstream		"""[]"""	"""[]"""				
Zalizniak-2024-4583-3553	3553	695	GO	to go, walk		"""[]"""	"""[]"""				
Zalizniak-2024-4583-3554	3554	1846	RULE	to govern, control, rule		"""[]"""	"""[]"""				
Zalizniak-2024-4583-3555	3555	855	SEIZE	to grasp, seize		"""[]"""	"""[]"""				
Zalizniak-2024-4583-3556	3556	3058	GRAZE	to graze		"""[]"""	"""[]"""				
Zalizniak-2024-4583-3557	3557	3552	GREET	to greet		"""[]"""	"""[]"""				
Zalizniak-2024-4583-3558	3558	1955	GRIEVE	to grieve (intr.)		"""[]"""	"""[]"""				
Zalizniak-2024-4583-3559	3559			to grieve (tr.)		"""[]"""	"""[]"""				
Zalizniak-2024-4583-3560	3560	1033	GRIND	to grind (with the pestle)		"""[]"""	"""[]"""				
Zalizniak-2024-4583-3561	3561	3461	GROW PLANTS	to grow (plants)		"""[]"""	"""[]"""				
Zalizniak-2024-4583-3562	3562			to grow heavy		"""[]"""	"""[]"""				
Zalizniak-2024-4583-3563	3563	2216	BECOME NUMB	to grow numb		"""[]"""	"""[]"""				
Zalizniak-2024-4583-3564	3564			*to grow thin		"""[]"""	"""[]"""				
Zalizniak-2024-4583-3565	3565	552	GROW UP	to grow up		"""[]"""	"""[]"""				
Zalizniak-2024-4583-3566	3566	3679	GROWL	to growl		"""[]"""	"""[]"""				
Zalizniak-2024-4583-3567	3567			to grudge		"""[]"""	"""[]"""				
Zalizniak-2024-4583-3568	3568			to grumble		"""[]"""	"""[]"""				
Zalizniak-2024-4583-3569	3569	1940	GUARD	to guard		"""[]"""	"""[]"""				
Zalizniak-2024-4583-3570	3570	1932	GUESS	to guess		"""[]"""	"""[]"""				
Zalizniak-2024-4583-3571	3571	2884	HANG	to hang		"""[]"""	"""[]"""				
Zalizniak-2024-4583-3572	3572	357	HANG UP	to hang (tr.)		"""[]"""	"""[]"""				
Zalizniak-2024-4583-3573	3573	248	HAPPEN	to happen		"""[]"""	"""[]"""				
Zalizniak-2024-4583-3574	3574			*to harass		"""[]"""	"""[]"""				
Zalizniak-2024-4583-3575	3575			to harden		"""[]"""	"""[]"""				
Zalizniak-2024-4583-3576	3576	1116	DAMAGE	to harm, to damage		"""[]"""	"""[]"""				
Zalizniak-2024-4583-3577	3577	2217	YOKE (VERB)	to harness		"""[]"""	"""[]"""				
Zalizniak-2024-4583-3578	3578	3116	HATCH (OUT)	to hatch eggs		"""[]"""	"""[]"""				
Zalizniak-2024-4583-3579	3579	2075	BROOD (VERB)	to hatch out, brood		"""[]"""	"""[]"""				
Zalizniak-2024-4583-3580	3580	1607	HATE	to hate, to dislike		"""[]"""	"""[]"""				
Zalizniak-2024-4583-3581	3581			to haul to shore		"""[]"""	"""[]"""				
Zalizniak-2024-4583-3582	3582			*to haunt, bother		"""[]"""	"""[]"""				
Zalizniak-2024-4583-3583	3583			to have a good relationship		"""[]"""	"""[]"""				
Zalizniak-2024-4583-3584	3584			to have an appearance		"""[]"""	"""[]"""				
Zalizniak-2024-4583-3585	3585			to have equal rights		"""[]"""	"""[]"""				
Zalizniak-2024-4583-3586	3586			*to have experience		"""[]"""	"""[]"""				
Zalizniak-2024-4583-3587	3587	3239	AMUSE ONESELF (HAVE FUN)	to have fun		"""[]"""	"""[]"""				
Zalizniak-2024-4583-3588	3588			to have luck		"""[]"""	"""[]"""				
Zalizniak-2024-4583-3589	3589			to have mercy		"""[]"""	"""[]"""				
Zalizniak-2024-4583-3590	3590			to have opinion		"""[]"""	"""[]"""				
Zalizniak-2024-4583-3591	3591			to have relationships (romantic or sexual)		"""[]"""	"""[]"""				
Zalizniak-2024-4583-3592	3592	1587	SMELL (STINK)	to have smell		"""[]"""	"""[]"""				
Zalizniak-2024-4583-3593	3593			to have strange ideas		"""[]"""	"""[]"""				
Zalizniak-2024-4583-3594	3594	773	HAVE	to have, possess		"""[]"""	"""[]"""				
Zalizniak-2024-4583-3595	3595			to heal (of a wound)		"""[]"""	"""[]"""				
Zalizniak-2024-4583-3596	3596	1408	HEAR	to hear		"""[]"""	"""[]"""				
Zalizniak-2024-4583-3597	3597			to hear / to listen		"""[]"""	"""[]"""				
Zalizniak-2024-4583-3598	3598	1341	HEAT UP	to heat up		"""[]"""	"""[]"""				
Zalizniak-2024-4583-3599	3599	1897	HELP	to help, aid		"""[]"""	"""[]"""				
Zalizniak-2024-4583-3600	3600			*to hesitate		"""[]"""	"""[]"""				
Zalizniak-2024-4583-3601	3601	553	HEW	to hew		"""[]"""	"""[]"""				
Zalizniak-2024-4583-3602	3602			*to hide (tr.)		"""[]"""	"""[]"""				
Zalizniak-2024-4583-3603	3603	554	HINDER	to hinder		"""[]"""	"""[]"""				
Zalizniak-2024-4583-3604	3604			to hint		"""[]"""	"""[]"""				
Zalizniak-2024-4583-3605	3605	3685	HISS	to hiss		"""[]"""	"""[]"""				
Zalizniak-2024-4583-3606	3606			to hit by axe		"""[]"""	"""[]"""				
Zalizniak-2024-4583-3607	3607	3307	HIT (A TARGET)	to hit the target		"""[]"""	"""[]"""				
Zalizniak-2024-4583-3608	3608			to hobble		"""[]"""	"""[]"""				
Zalizniak-2024-4583-3609	3609	1448	HOLD	to hold (in hands)		"""[]"""	"""[]"""				
Zalizniak-2024-4583-3610	3610	3212	HOPE (SOMETHING)	to hope		"""[]"""	"""[]"""				
Zalizniak-2024-4583-3611	3611			*to howl		"""[]"""	"""[]"""				
Zalizniak-2024-4583-3612	3612	928	EMBRACE	to hug, embrace		"""[]"""	"""[]"""				
Zalizniak-2024-4583-3613	3613			to humble, to abase		"""[]"""	"""[]"""				
Zalizniak-2024-4583-3614	3614	1435	HUNT	to hunt		"""[]"""	"""[]"""				
Zalizniak-2024-4583-3615	3615			to hurt		"""[]"""	"""[]"""				
Zalizniak-2024-4583-3616	3616			to ice over		"""[]"""	"""[]"""				
Zalizniak-2024-4583-3617	3617	41	IGNORE	to ignore		"""[]"""	"""[]"""				
Zalizniak-2024-4583-3618	3618	117	IMITATE	to imitate		"""[]"""	"""[]"""				
Zalizniak-2024-4583-3619	3619			*to imitate		"""[]"""	"""[]"""				
Zalizniak-2024-4583-3620	3620			to imprison		"""[]"""	"""[]"""				
Zalizniak-2024-4583-3621	3621	2872	IMPROVE (SOMETHING)	to improve		"""[]"""	"""[]"""				
Zalizniak-2024-4583-3622	3622			to improve (intr.), become better		"""[]"""	"""[]"""				
Zalizniak-2024-4583-3623	3623			to incline		"""[]"""	"""[]"""				
Zalizniak-2024-4583-3624	3624			to increase (tr.)		"""[]"""	"""[]"""				
Zalizniak-2024-4583-3625	3625			to incur losses		"""[]"""	"""[]"""				
Zalizniak-2024-4583-3626	3626			to indicate something bad		"""[]"""	"""[]"""				
Zalizniak-2024-4583-3627	3627	61	INDUCE	to induce		"""[]"""	"""[]"""				
Zalizniak-2024-4583-3628	3628			to inflate (intr.)		"""[]"""	"""[]"""				
Zalizniak-2024-4583-3629	3629			to inform, let know		"""[]"""	"""[]"""				
Zalizniak-2024-4583-3630	3630	555	INFRINGE	to infringe		"""[]"""	"""[]"""				
Zalizniak-2024-4583-3631	3631	363	DWELL (LIVE, RESIDE)	to inhabit, live		"""[]"""	"""[]"""				
Zalizniak-2024-4583-3632	3632			to inoculate		"""[]"""	"""[]"""				
Zalizniak-2024-4583-3633	3633	3071	INSERT	to insert		"""[]"""	"""[]"""				
Zalizniak-2024-4583-3634	3634			to instigate		"""[]"""	"""[]"""				
Zalizniak-2024-4583-3635	3635	3204	INSULT	to insult		"""[]"""	"""[]"""				
Zalizniak-2024-4583-3636	3636	22	INTEND	to intend		"""[]"""	"""[]"""				
Zalizniak-2024-4583-3637	3637			to intoxicate		"""[]"""	"""[]"""				
Zalizniak-2024-4583-3638	3638			to invest		"""[]"""	"""[]"""				
Zalizniak-2024-4583-3639	3639	2010	INVESTIGATE	to investigate		"""[]"""	"""[]"""				
Zalizniak-2024-4583-3640	3640			to investigate/examine		"""[]"""	"""[]"""				
Zalizniak-2024-4583-3641	3641	1611	INVITE	to invite		"""[]"""	"""[]"""				
Zalizniak-2024-4583-3642	3642			to involve		"""[]"""	"""[]"""				
Zalizniak-2024-4583-3643	3643	3118	IRON (CLOTHES)	to iron		"""[]"""	"""[]"""				
Zalizniak-2024-4583-3644	3644			to itch		"""[]"""	"""[]"""				
Zalizniak-2024-4583-3645	3645			to jeer, to scoff		"""[]"""	"""[]"""				
Zalizniak-2024-4583-3646	3646	1743	JOIN	to join together (tr.)		"""[]"""	"""[]"""				
Zalizniak-2024-4583-3647	3647			to join, take part		"""[]"""	"""[]"""				
Zalizniak-2024-4583-3648	3648	2760	MAKE A JOKE	to joke		"""[]"""	"""[]"""				
Zalizniak-2024-4583-3649	3649	1818	ADJUDICATE	to judge		"""[]"""	"""[]"""				
Zalizniak-2024-4583-3650	3650			to jump into the water		"""[]"""	"""[]"""				
Zalizniak-2024-4583-3651	3651			to keep a fire burning		"""[]"""	"""[]"""				
Zalizniak-2024-4583-3652	3652			to keep as a domestic animal		"""[]"""	"""[]"""				
Zalizniak-2024-4583-3653	3653			to keep silent		"""[]"""	"""[]"""				
Zalizniak-2024-4583-3654	3654			to keep the fast		"""[]"""	"""[]"""				
Zalizniak-2024-4583-3655	3655	1997	PRESERVE	to keep, preserve, retain		"""[]"""	"""[]"""				
Zalizniak-2024-4583-3656	3656	1135	KICK	to kick		"""[]"""	"""[]"""				
Zalizniak-2024-4583-3657	3657			*to kick		"""[]"""	"""[]"""				
Zalizniak-2024-4583-3658	3658	1417	KILL	to kill		"""[]"""	"""[]"""				
Zalizniak-2024-4583-3659	3659	578	KISS	to kiss		"""[]"""	"""[]"""				
Zalizniak-2024-4583-3660	3660	274	KNEAD	to knead		"""[]"""	"""[]"""				
Zalizniak-2024-4583-3661	3661	2905	KNIT	to knit		"""[]"""	"""[]"""				
Zalizniak-2024-4583-3662	3662	2396	KNOCK	to knock		"""[]"""	"""[]"""				
Zalizniak-2024-4583-3663	3663			to knock down		"""[]"""	"""[]"""				
Zalizniak-2024-4583-3664	3664	3626	KNOW	to know		"""[]"""	"""[]"""				
Zalizniak-2024-4583-3665	3665	2238	KNOW HOW	to know how		"""[]"""	"""[]"""				
Zalizniak-2024-4583-3666	3666			*to lack		"""[]"""	"""[]"""				
Zalizniak-2024-4583-3667	3667			to ladle out (soup)		"""[]"""	"""[]"""				
Zalizniak-2024-4583-3668	3668	1922	LAND (DESCEND)	to land (of plane, bird etc.)		"""[]"""	"""[]"""				
Zalizniak-2024-4583-3669	3669	1186	LAST (ENDURE)	to last		"""[]"""	"""[]"""				
Zalizniak-2024-4583-3670	3670	1355	LAUGH	to laugh		"""[]"""	"""[]"""				
Zalizniak-2024-4583-3671	3671			to launch a boat		"""[]"""	"""[]"""				
Zalizniak-2024-4583-3672	3672	43	LEAD (GUIDE)	to lead		"""[]"""	"""[]"""				
Zalizniak-2024-4583-3673	3673			to lean on/against		"""[]"""	"""[]"""				
Zalizniak-2024-4583-3674	3674	2237	FIND OUT	to learn, find out		"""[]"""	"""[]"""				
Zalizniak-2024-4583-3675	3675	504	LEARN	to learn, study		"""[]"""	"""[]"""				
Zalizniak-2024-4583-3676	3676			*to leave		"""[]"""	"""[]"""				
Zalizniak-2024-4583-3677	3677			to leave behind		"""[]"""	"""[]"""				
Zalizniak-2024-4583-3678	3678			to left untreated (disease)		"""[]"""	"""[]"""				
Zalizniak-2024-4583-3679	3679	3700	LENGTHEN	to lengthen		"""[]"""	"""[]"""				
Zalizniak-2024-4583-3680	3680	3238	ALLOW	to let		"""[]"""	"""[]"""				
Zalizniak-2024-4583-3681	3681	1095	LET GO OR SET FREE	to let go		"""[]"""	"""[]"""				
Zalizniak-2024-4583-3682	3682			to let grow (of beard, moustaches, hairs)		"""[]"""	"""[]"""				
Zalizniak-2024-4583-3683	3683			to let someone get ahead		"""[]"""	"""[]"""				
Zalizniak-2024-4583-3684	3684			to let, leave		"""[]"""	"""[]"""				
Zalizniak-2024-4583-3685	3685	319	LICK	to lick		"""[]"""	"""[]"""				
Zalizniak-2024-4583-3686	3686	1411	LIE (REST)	to lie (posture)		"""[]"""	"""[]"""				
Zalizniak-2024-4583-3687	3687	215	LIE DOWN	to lie down		"""[]"""	"""[]"""				
Zalizniak-2024-4583-3688	3688			to lie prostrate, as in reverence		"""[]"""	"""[]"""				
Zalizniak-2024-4583-3689	3689	737	LIGHT (IGNITE)	to light, to kindle (the fire)		"""[]"""	"""[]"""				
Zalizniak-2024-4583-3690	3690	1117	LIKE	to like		"""[]"""	"""[]"""				
Zalizniak-2024-4583-3691	3691			to line up		"""[]"""	"""[]"""				
Zalizniak-2024-4583-3692	3692	1608	LISTEN	to listen		"""[]"""	"""[]"""				
Zalizniak-2024-4583-3693	3693			*to live, be alive		"""[]"""	"""[]"""				
Zalizniak-2024-4583-3694	3694	3669	LOAD (SOMETHING)	to load		"""[]"""	"""[]"""				
Zalizniak-2024-4583-3695	3695			to load (weapon)		"""[]"""	"""[]"""				
Zalizniak-2024-4583-3696	3696			to loaf, do nothing		"""[]"""	"""[]"""				
Zalizniak-2024-4583-3697	3697			to lock		"""[]"""	"""[]"""				
Zalizniak-2024-4583-3698	3698	1819	LOOK	to look		"""[]"""	"""[]"""				
Zalizniak-2024-4583-3699	3699			*to look (e.g. well)		"""[]"""	"""[]"""				
Zalizniak-2024-4583-3700	3700			to look around		"""[]"""	"""[]"""				
Zalizniak-2024-4583-3701	3701			to look asquint		"""[]"""	"""[]"""				
Zalizniak-2024-4583-3702	3702			to look inside		"""[]"""	"""[]"""				
Zalizniak-2024-4583-3703	3703	1660	LOSE	to lose		"""[]"""	"""[]"""				
Zalizniak-2024-4583-3704	3704	3072	MISPLACE	to lose (an object)		"""[]"""	"""[]"""				
Zalizniak-2024-4583-3705	3705			to lose colour		"""[]"""	"""[]"""				
Zalizniak-2024-4583-3706	3706			to lose consciousness		"""[]"""	"""[]"""				
Zalizniak-2024-4583-3707	3707			to lose fertility (of the soil)		"""[]"""	"""[]"""				
Zalizniak-2024-4583-3708	3708			to lose hope		"""[]"""	"""[]"""				
Zalizniak-2024-4583-3709	3709			to lose one's mind		"""[]"""	"""[]"""				
Zalizniak-2024-4583-3710	3710			to lose one's way		"""[]"""	"""[]"""				
Zalizniak-2024-4583-3711	3711			to lose smell or taste (of liquids)		"""[]"""	"""[]"""				
Zalizniak-2024-4583-3712	3712			*to love		"""[]"""	"""[]"""				
Zalizniak-2024-4583-3713	3713			to lower, put down		"""[]"""	"""[]"""				
Zalizniak-2024-4583-3714	3714	734	MAKE	to make		"""[]"""	"""[]"""				
Zalizniak-2024-4583-3715	3715			to make a bonfire		"""[]"""	"""[]"""				
Zalizniak-2024-4583-3716	3716			to make a hole		"""[]"""	"""[]"""				
Zalizniak-2024-4583-3717	3717			to make a mistake, be wrong		"""[]"""	"""[]"""				
Zalizniak-2024-4583-3718	3718			to make a move (in a game)		"""[]"""	"""[]"""				
Zalizniak-2024-4583-3719	3719			to make a pause		"""[]"""	"""[]"""				
Zalizniak-2024-4583-3720	3720			to make a telephone call		"""[]"""	"""[]"""				
Zalizniak-2024-4583-3721	3721			to make big, large		"""[]"""	"""[]"""				
Zalizniak-2024-4583-3722	3722			to make black		"""[]"""	"""[]"""				
Zalizniak-2024-4583-3723	3723			to make blunt		"""[]"""	"""[]"""				
Zalizniak-2024-4583-3724	3724			to make deaf		"""[]"""	"""[]"""				
Zalizniak-2024-4583-3725	3725			to make disordered		"""[]"""	"""[]"""				
Zalizniak-2024-4583-3726	3726			to make do smth.		"""[]"""	"""[]"""				
Zalizniak-2024-4583-3727	3727			to make empty		"""[]"""	"""[]"""				
Zalizniak-2024-4583-3728	3728			to make hard		"""[]"""	"""[]"""				
Zalizniak-2024-4583-3729	3729	2895	MAKE NOISE	to make noise		"""[]"""	"""[]"""				
Zalizniak-2024-4583-3730	3730			to make plans		"""[]"""	"""[]"""				
Zalizniak-2024-4583-3731	3731			to make real		"""[]"""	"""[]"""				
Zalizniak-2024-4583-3732	3732			to make sausage		"""[]"""	"""[]"""				
Zalizniak-2024-4583-3733	3733			to make sb look at smth		"""[]"""	"""[]"""				
Zalizniak-2024-4583-3734	3734			to make scratches		"""[]"""	"""[]"""				
Zalizniak-2024-4583-3735	3735			to make sit		"""[]"""	"""[]"""				
Zalizniak-2024-4583-3736	3736			to make smb/smth light (of weight)		"""[]"""	"""[]"""				
Zalizniak-2024-4583-3737	3737			to make soft		"""[]"""	"""[]"""				
Zalizniak-2024-4583-3738	3738			to make stand		"""[]"""	"""[]"""				
Zalizniak-2024-4583-3739	3739			to make white		"""[]"""	"""[]"""				
Zalizniak-2024-4583-3740	3740			*to make, create		"""[]"""	"""[]"""				
Zalizniak-2024-4583-3741	3741			to manage to do smth		"""[]"""	"""[]"""				
Zalizniak-2024-4583-3742	3742	203	MARRY	to marry		"""[]"""	"""[]"""				
Zalizniak-2024-4583-3743	3743	556	MARRY OFF	to marry off (a daughter)		"""[]"""	"""[]"""				
Zalizniak-2024-4583-3744	3744			to mature		"""[]"""	"""[]"""				
Zalizniak-2024-4583-3745	3745			to mean		"""[]"""	"""[]"""				
Zalizniak-2024-4583-3746	3746	1506	MEASURE	to measure		"""[]"""	"""[]"""				
Zalizniak-2024-4583-3747	3747	1831	MEET	to meet		"""[]"""	"""[]"""				
Zalizniak-2024-4583-3748	3748			to meet (each other)		"""[]"""	"""[]"""				
Zalizniak-2024-4583-3749	3749			to meet accidentally		"""[]"""	"""[]"""				
Zalizniak-2024-4583-3750	3750	2334	MELT	to melt, to thaw		"""[]"""	"""[]"""				
Zalizniak-2024-4583-3751	3751	2827	MENSTRUATE	to menstruate		"""[]"""	"""[]"""				
Zalizniak-2024-4583-3752	3752			to mention		"""[]"""	"""[]"""				
Zalizniak-2024-4583-3753	3753	93	DRAW MILK	to milk		"""[]"""	"""[]"""				
Zalizniak-2024-4583-3754	3754			*to mill		"""[]"""	"""[]"""				
Zalizniak-2024-4583-3755	3755	2328	MISS (SOMEBODY)	to miss somebogy, to long for		"""[]"""	"""[]"""				
Zalizniak-2024-4583-3756	3756	161	MISS (A TARGET)	to miss the target		"""[]"""	"""[]"""				
Zalizniak-2024-4583-3757	3757			to misunderstand		"""[]"""	"""[]"""				
Zalizniak-2024-4583-3758	3758	2017	MIX	to mix, stir		"""[]"""	"""[]"""				
Zalizniak-2024-4583-3759	3759			*to mock		"""[]"""	"""[]"""				
Zalizniak-2024-4583-3760	3760			to monitor, supervise		"""[]"""	"""[]"""				
Zalizniak-2024-4583-3761	3761			to moor		"""[]"""	"""[]"""				
Zalizniak-2024-4583-3762	3762			to mount a horse		"""[]"""	"""[]"""				
Zalizniak-2024-4583-3763	3763	765	MOVE	to move		"""[]"""	"""[]"""				
Zalizniak-2024-4583-3764	3764	2874	MOVE (ONESELF)	to move (intr.)		"""[]"""	"""[]"""				
Zalizniak-2024-4583-3765	3765	229	MOVE AWAY	to move away		"""[]"""	"""[]"""				
Zalizniak-2024-4583-3766	3766			to move down (tr.)		"""[]"""	"""[]"""				
Zalizniak-2024-4583-3767	3767			to move ears (of animal)		"""[]"""	"""[]"""				
Zalizniak-2024-4583-3768	3768	2220	MOVE QUICKLY	to move quickly		"""[]"""	"""[]"""				
Zalizniak-2024-4583-3769	3769			to move smoothly, gently		"""[]"""	"""[]"""				
Zalizniak-2024-4583-3770	3770			*to move, change residence		"""[]"""	"""[]"""				
Zalizniak-2024-4583-3771	3771			to move, to shift, to transfer		"""[]"""	"""[]"""				
Zalizniak-2024-4583-3772	3772	190	MOW	to mow grass		"""[]"""	"""[]"""				
Zalizniak-2024-4583-3773	3773			to multiply		"""[]"""	"""[]"""				
Zalizniak-2024-4583-3774	3774	3306	NAIL	to nail		"""[]"""	"""[]"""				
Zalizniak-2024-4583-3775	3775			to name		"""[]"""	"""[]"""				
Zalizniak-2024-4583-3776	3776	2339	NEED (SOMETHING)	to need		"""[]"""	"""[]"""				
Zalizniak-2024-4583-3777	3777			to neigh		"""[]"""	"""[]"""				
Zalizniak-2024-4583-3778	3778			to nod		"""[]"""	"""[]"""				
Zalizniak-2024-4583-3779	3779	2221	NOMADIZE	to nomadize		"""[]"""	"""[]"""				
Zalizniak-2024-4583-3780	3780			to not believe one's eyes		"""[]"""	"""[]"""				
Zalizniak-2024-4583-3781	3781	1635	OBEY	to obey		"""[]"""	"""[]"""				
Zalizniak-2024-4583-3782	3782			to object		"""[]"""	"""[]"""				
Zalizniak-2024-4583-3783	3783			to oblige		"""[]"""	"""[]"""				
Zalizniak-2024-4583-3784	3784			to observe		"""[]"""	"""[]"""				
Zalizniak-2024-4583-3785	3785			to occupy, to conquest (territory)		"""[]"""	"""[]"""				
Zalizniak-2024-4583-3786	3786	557	OFFEND	to offend (tr.)		"""[]"""	"""[]"""				
Zalizniak-2024-4583-3787	3787	1156	OPEN	to open (tr.)		"""[]"""	"""[]"""				
Zalizniak-2024-4583-3788	3788			to open one's eyes wide		"""[]"""	"""[]"""				
Zalizniak-2024-4583-3789	3789	3437	OPEN (MOUTH)	to open one's mouth		"""[]"""	"""[]"""				
Zalizniak-2024-4583-3790	3790	401	OPPRESS	to oppress		"""[]"""	"""[]"""				
Zalizniak-2024-4583-3791	3791			*to order, command		"""[]"""	"""[]"""				
Zalizniak-2024-4583-3792	3792	3130	SPILL (SOMETHING)	to overflow		"""[]"""	"""[]"""				
Zalizniak-2024-4583-3793	3793			to overpass the mountain passage		"""[]"""	"""[]"""				
Zalizniak-2024-4583-3794	3794			to overstep		"""[]"""	"""[]"""				
Zalizniak-2024-4583-3795	3795	369	OWE	to owe, be in debt		"""[]"""	"""[]"""				
Zalizniak-2024-4583-3796	3796			to palpitate		"""[]"""	"""[]"""				
Zalizniak-2024-4583-3797	3797			to pamper		"""[]"""	"""[]"""				
Zalizniak-2024-4583-3798	3798	1951	PASS	to pass (of time)		"""[]"""	"""[]"""				
Zalizniak-2024-4583-3799	3799	558	PASS BY	to pass by		"""[]"""	"""[]"""				
Zalizniak-2024-4583-3800	3800			to pasture, shepherd		"""[]"""	"""[]"""				
Zalizniak-2024-4583-3801	3801	718	PAY	to pay		"""[]"""	"""[]"""				
Zalizniak-2024-4583-3802	3802			to pay attention		"""[]"""	"""[]"""				
Zalizniak-2024-4583-3803	3803			to pay tax		"""[]"""	"""[]"""				
Zalizniak-2024-4583-3804	3804	3684	PECK	to peck (of a bird)		"""[]"""	"""[]"""				
Zalizniak-2024-4583-3805	3805			to peel off (about skin)		"""[]"""	"""[]"""				
Zalizniak-2024-4583-3806	3806			to penetrate, get into		"""[]"""	"""[]"""				
Zalizniak-2024-4583-3807	3807	1586	SMELL (PERCEIVE)	to perceive smell		"""[]"""	"""[]"""				
Zalizniak-2024-4583-3808	3808			to perform		"""[]"""	"""[]"""				
Zalizniak-2024-4583-3809	3809			to perform a shamanistic ritual		"""[]"""	"""[]"""				
Zalizniak-2024-4583-3810	3810	3645	PERSUADE	to persuade		"""[]"""	"""[]"""				
Zalizniak-2024-4583-3811	3811	3123	PHOTOGRAPH (SOMETHING)	to photograph		"""[]"""	"""[]"""				
Zalizniak-2024-4583-3812	3812	2148	PICK	to pick, pull up (a plant)		"""[]"""	"""[]"""				
Zalizniak-2024-4583-3813	3813	398	PIERCE	to pierce		"""[]"""	"""[]"""				
Zalizniak-2024-4583-3814	3814	378	PINCH	to pinch		"""[]"""	"""[]"""				
Zalizniak-2024-4583-3815	3815			to pity		"""[]"""	"""[]"""				
Zalizniak-2024-4583-3816	3816			to place in front of		"""[]"""	"""[]"""				
Zalizniak-2024-4583-3817	3817			*to plant		"""[]"""	"""[]"""				
Zalizniak-2024-4583-3818	3818	3124	PLAY (INSTRUMENT)	to play (a musical instrument)		"""[]"""	"""[]"""				
Zalizniak-2024-4583-3819	3819	1413	PLAY	to play (intr.)		"""[]"""	"""[]"""				
Zalizniak-2024-4583-3820	3820			to play (theater, movie)		"""[]"""	"""[]"""				
Zalizniak-2024-4583-3821	3821	3125	PLAY (GAME)	to play cards		"""[]"""	"""[]"""				
Zalizniak-2024-4583-3822	3822			*to please		"""[]"""	"""[]"""				
Zalizniak-2024-4583-3823	3823			to pledge, pawn		"""[]"""	"""[]"""				
Zalizniak-2024-4583-3824	3824			*to plough		"""[]"""	"""[]"""				
Zalizniak-2024-4583-3825	3825			to pluck (bird)		"""[]"""	"""[]"""				
Zalizniak-2024-4583-3826	3826			*to plunge		"""[]"""	"""[]"""				
Zalizniak-2024-4583-3827	3827	2669	POINT (WITH FINGER)	to point		"""[]"""	"""[]"""				
Zalizniak-2024-4583-3828	3828	246	THRUST	to poke, thrust		"""[]"""	"""[]"""				
Zalizniak-2024-4583-3829	3829	3659	POLISH (SOMETHING)	to polish		"""[]"""	"""[]"""				
Zalizniak-2024-4583-3830	3830			to pound (of the pulse)		"""[]"""	"""[]"""				
Zalizniak-2024-4583-3831	3831	1487	POUR	to pour		"""[]"""	"""[]"""				
Zalizniak-2024-4583-3832	3832			to practice witchcraft		"""[]"""	"""[]"""				
Zalizniak-2024-4583-3833	3833	3455	COMMEND	to praise		"""[]"""	"""[]"""				
Zalizniak-2024-4583-3834	3834	24	PRAY	to pray		"""[]"""	"""[]"""				
Zalizniak-2024-4583-3835	3835			to precede		"""[]"""	"""[]"""				
Zalizniak-2024-4583-3836	3836			to predict misfortune		"""[]"""	"""[]"""				
Zalizniak-2024-4583-3837	3837			to prefer		"""[]"""	"""[]"""				
Zalizniak-2024-4583-3838	3838	2909	PREPARE	to prepare		"""[]"""	"""[]"""				
Zalizniak-2024-4583-3839	3839			to present, gift		"""[]"""	"""[]"""				
Zalizniak-2024-4583-3840	3840	1913	PRESS	to press		"""[]"""	"""[]"""				
Zalizniak-2024-4583-3841	3841	3631	PRETEND	to pretend		"""[]"""	"""[]"""				
Zalizniak-2024-4583-3842	3842	1550	PREVENT	to prevent		"""[]"""	"""[]"""				
Zalizniak-2024-4583-3843	3843	1434	STAB	to prick		"""[]"""	"""[]"""				
Zalizniak-2024-4583-3844	3844			to print		"""[]"""	"""[]"""				
Zalizniak-2024-4583-3845	3845	83	FORBID	to prohibit		"""[]"""	"""[]"""				
Zalizniak-2024-4583-3846	3846	1675	PROMISE	to promise		"""[]"""	"""[]"""				
Zalizniak-2024-4583-3847	3847			to promote		"""[]"""	"""[]"""				
Zalizniak-2024-4583-3848	3848			to prop up		"""[]"""	"""[]"""				
Zalizniak-2024-4583-3849	3849			to prosecute at law		"""[]"""	"""[]"""				
Zalizniak-2024-4583-3850	3850			*to prove		"""[]"""	"""[]"""				
Zalizniak-2024-4583-3851	3851			to prove, to argue		"""[]"""	"""[]"""				
Zalizniak-2024-4583-3852	3852			to provoke		"""[]"""	"""[]"""				
Zalizniak-2024-4583-3853	3853			to pull ashore		"""[]"""	"""[]"""				
Zalizniak-2024-4583-3854	3854			to pull hair		"""[]"""	"""[]"""				
Zalizniak-2024-4583-3855	3855	3548	PULL UP WEEDS	to pull up (a plant)		"""[]"""	"""[]"""				
Zalizniak-2024-4583-3856	3856	1455	PULL	to pull, to draw		"""[]"""	"""[]"""				
Zalizniak-2024-4583-3857	3857			to pump		"""[]"""	"""[]"""				
Zalizniak-2024-4583-3858	3858	3649	PUNISH	to punish		"""[]"""	"""[]"""				
Zalizniak-2024-4583-3859	3859			to purr		"""[]"""	"""[]"""				
Zalizniak-2024-4583-3860	3860	1047	PURSUE	to pursue		"""[]"""	"""[]"""				
Zalizniak-2024-4583-3861	3861	1452	PUSH	to push		"""[]"""	"""[]"""				
Zalizniak-2024-4583-3862	3862			*to push		"""[]"""	"""[]"""				
Zalizniak-2024-4583-3863	3863	998	PUT	to put		"""[]"""	"""[]"""				
Zalizniak-2024-4583-3864	3864			to put into		"""[]"""	"""[]"""				
Zalizniak-2024-4583-3865	3865			to put into the ground		"""[]"""	"""[]"""				
Zalizniak-2024-4583-3866	3866			*to put on		"""[]"""	"""[]"""				
Zalizniak-2024-4583-3867	3867			*to put out		"""[]"""	"""[]"""				
Zalizniak-2024-4583-3868	3868			to put out one’s toungue		"""[]"""	"""[]"""				
Zalizniak-2024-4583-3869	3869			to put shoes on		"""[]"""	"""[]"""				
Zalizniak-2024-4583-3870	3870			to put the evil eye (on), to bedevil		"""[]"""	"""[]"""				
Zalizniak-2024-4583-3871	3871			*to put together		"""[]"""	"""[]"""				
Zalizniak-2024-4583-3872	3872			to put up as a prize		"""[]"""	"""[]"""				
Zalizniak-2024-4583-3873	3873			*to quarrel		"""[]"""	"""[]"""				
Zalizniak-2024-4583-3874	3874			to raft timber		"""[]"""	"""[]"""				
Zalizniak-2024-4583-3875	3875	501	LIFT	to raise, lift (tr.)		"""[]"""	"""[]"""				
Zalizniak-2024-4583-3876	3876			to rattle, rumble		"""[]"""	"""[]"""				
Zalizniak-2024-4583-3877	3877			to reach		"""[]"""	"""[]"""				
Zalizniak-2024-4583-3878	3878			*to reach		"""[]"""	"""[]"""				
Zalizniak-2024-4583-3879	3879			to reach a state		"""[]"""	"""[]"""				
Zalizniak-2024-4583-3880	3880	724	READ	to read		"""[]"""	"""[]"""				
Zalizniak-2024-4583-3881	3881			*to reap		"""[]"""	"""[]"""				
Zalizniak-2024-4583-3882	3882			to rear up		"""[]"""	"""[]"""				
Zalizniak-2024-4583-3883	3883	707	REMEMBER	to recall, recollect		"""[]"""	"""[]"""				
Zalizniak-2024-4583-3884	3884	2225	RECEIVE VISITORS	to receive visitors		"""[]"""	"""[]"""				
Zalizniak-2024-4583-3885	3885			*to reckon		"""[]"""	"""[]"""				
Zalizniak-2024-4583-3886	3886	2870	RECOGNIZE (SOMEBODY)	to recognize		"""[]"""	"""[]"""				
Zalizniak-2024-4583-3887	3887			to reconcile		"""[]"""	"""[]"""				
Zalizniak-2024-4583-3888	3888			to record		"""[]"""	"""[]"""				
Zalizniak-2024-4583-3889	3889	1978	RECOVER	to recover		"""[]"""	"""[]"""				
Zalizniak-2024-4583-3890	3890			to recover a debt		"""[]"""	"""[]"""				
Zalizniak-2024-4583-3891	3891	49	REFUSE	to refuse		"""[]"""	"""[]"""				
Zalizniak-2024-4583-3892	3892			to refute		"""[]"""	"""[]"""				
Zalizniak-2024-4583-3893	3893	1875	REGRET	to regret		"""[]"""	"""[]"""				
Zalizniak-2024-4583-3894	3894			to rein in		"""[]"""	"""[]"""				
Zalizniak-2024-4583-3895	3895			to reincarnate		"""[]"""	"""[]"""				
Zalizniak-2024-4583-3896	3896			*to rejoice		"""[]"""	"""[]"""				
Zalizniak-2024-4583-3897	3897			to release a fountain (of whale)		"""[]"""	"""[]"""				
Zalizniak-2024-4583-3898	3898			to relieve		"""[]"""	"""[]"""				
Zalizniak-2024-4583-3899	3899			to relocate		"""[]"""	"""[]"""				
Zalizniak-2024-4583-3900	3900	987	REMAIN	to remain, stay		"""[]"""	"""[]"""				
Zalizniak-2024-4583-3901	3901			*to remember		"""[]"""	"""[]"""				
Zalizniak-2024-4583-3902	3902			*to remember / recall		"""[]"""	"""[]"""				
Zalizniak-2024-4583-3903	3903			to remind		"""[]"""	"""[]"""				
Zalizniak-2024-4583-3904	3904			to remove from fire		"""[]"""	"""[]"""				
Zalizniak-2024-4583-3905	3905			to remove, eliminate		"""[]"""	"""[]"""				
Zalizniak-2024-4583-3906	3906			to render a wall		"""[]"""	"""[]"""				
Zalizniak-2024-4583-3907	3907	2243	REPAIR	to repaire, to mend		"""[]"""	"""[]"""				
Zalizniak-2024-4583-3908	3908			to repatriate		"""[]"""	"""[]"""				
Zalizniak-2024-4583-3909	3909	880	REPEAT	to repeat		"""[]"""	"""[]"""				
Zalizniak-2024-4583-3910	3910			*to repent		"""[]"""	"""[]"""				
Zalizniak-2024-4583-3911	3911	1777	RESEMBLE	to resemble, be alike		"""[]"""	"""[]"""				
Zalizniak-2024-4583-3912	3912	1696	SURRENDER	to resign oneself		"""[]"""	"""[]"""				
Zalizniak-2024-4583-3913	3913	385	RESPECT (SOMEBODY)	to respect		"""[]"""	"""[]"""				
Zalizniak-2024-4583-3914	3914	168	REST	to rest		"""[]"""	"""[]"""				
Zalizniak-2024-4583-3915	3915			to restrain, control one’s feelings		"""[]"""	"""[]"""				
Zalizniak-2024-4583-3916	3916			to restrict one's rights		"""[]"""	"""[]"""				
Zalizniak-2024-4583-3917	3917	1723	RESULT IN	to result in		"""[]"""	"""[]"""				
Zalizniak-2024-4583-3918	3918	581	COME BACK	to return (intr.)		"""[]"""	"""[]"""				
Zalizniak-2024-4583-3919	3919	85	GIVE BACK	to return (tr.)		"""[]"""	"""[]"""				
Zalizniak-2024-4583-3920	3920			*to revenge		"""[]"""	"""[]"""				
Zalizniak-2024-4583-3921	3921			to revere		"""[]"""	"""[]"""				
Zalizniak-2024-4583-3922	3922			to revive		"""[]"""	"""[]"""				
Zalizniak-2024-4583-3923	3923	567	REBEL	to revolt, rebel		"""[]"""	"""[]"""				
Zalizniak-2024-4583-3924	3924	367	RIDE	to ride (e.g., a horse)		"""[]"""	"""[]"""				
Zalizniak-2024-4583-3925	3925			to ride a surfboard		"""[]"""	"""[]"""				
Zalizniak-2024-4583-3926	3926	2875	RING (MAKE SOUND)	to ring (tr.)		"""[]"""	"""[]"""				
Zalizniak-2024-4583-3927	3927	179	RIPEN	to ripen		"""[]"""	"""[]"""				
Zalizniak-2024-4583-3928	3928	568	RISE (MOVE UPWARDS)	to rise (of Moon, Sun)		"""[]"""	"""[]"""				
Zalizniak-2024-4583-3929	3929			to risk		"""[]"""	"""[]"""				
Zalizniak-2024-4583-3930	3930			to rivet		"""[]"""	"""[]"""				
Zalizniak-2024-4583-3931	3931	1962	ROAST (SOMETHING)	to roast		"""[]"""	"""[]"""				
Zalizniak-2024-4583-3932	3932	2073	ROB (VERB)	to rob		"""[]"""	"""[]"""				
Zalizniak-2024-4583-3933	3933			to roll up a trunk (of elephant)		"""[]"""	"""[]"""				
Zalizniak-2024-4583-3934	3934	2907	ROT	to rot, putrefy		"""[]"""	"""[]"""				
Zalizniak-2024-4583-3935	3935			to rotate (tr.)		"""[]"""	"""[]"""				
Zalizniak-2024-4583-3936	3936	1849	ROW	to row (with oars)		"""[]"""	"""[]"""				
Zalizniak-2024-4583-3937	3937	1449	RUB	to rub		"""[]"""	"""[]"""				
Zalizniak-2024-4583-3938	3938			*to rub		"""[]"""	"""[]"""				
Zalizniak-2024-4583-3939	3939	1519	RUN	to run		"""[]"""	"""[]"""				
Zalizniak-2024-4583-3940	3940	2142	RUN AWAY	to run away		"""[]"""	"""[]"""				
Zalizniak-2024-4583-3941	3941			to run out (of smth)		"""[]"""	"""[]"""				
Zalizniak-2024-4583-3942	3942			to run wild		"""[]"""	"""[]"""				
Zalizniak-2024-4583-3943	3943			*to sacrifice (relig.)		"""[]"""	"""[]"""				
Zalizniak-2024-4583-3944	3944			to saddle		"""[]"""	"""[]"""				
Zalizniak-2024-4583-3945	3945	787	SAIL	to sail		"""[]"""	"""[]"""				
Zalizniak-2024-4583-3946	3946			to sail into harbour		"""[]"""	"""[]"""				
Zalizniak-2024-4583-3947	3947			to salt		"""[]"""	"""[]"""				
Zalizniak-2024-4583-3948	3948	2008	RESCUE	to save		"""[]"""	"""[]"""				
Zalizniak-2024-4583-3949	3949	3543	SAW (SOMETHING)	to saw		"""[]"""	"""[]"""				
Zalizniak-2024-4583-3950	3950	1458	SAY	to say		"""[]"""	"""[]"""				
Zalizniak-2024-4583-3951	3951	3383	SCALD (BURN ONESELF WITH LIQUID)	to scald		"""[]"""	"""[]"""				
Zalizniak-2024-4583-3952	3952	299	SCOLD	to scold		"""[]"""	"""[]"""				
Zalizniak-2024-4583-3953	3953	1436	SCRATCH	to scratch (when itches)		"""[]"""	"""[]"""				
Zalizniak-2024-4583-3954	3954			*to scratch (with nails)		"""[]"""	"""[]"""				
Zalizniak-2024-4583-3955	3955	3809	SCREAM (PRODUCE A CRY)	to scream		"""[]"""	"""[]"""				
Zalizniak-2024-4583-3956	3956			to sculpt in clay		"""[]"""	"""[]"""				
Zalizniak-2024-4583-3957	3957			to seal (a document)		"""[]"""	"""[]"""				
Zalizniak-2024-4583-3958	3958	1468	LOOK FOR	to search, look for		"""[]"""	"""[]"""				
Zalizniak-2024-4583-3959	3959	1409	SEE	to see/to look at		"""[]"""	"""[]"""				
Zalizniak-2024-4583-3960	3960	1521	SEEM	to seem		"""[]"""	"""[]"""				
Zalizniak-2024-4583-3961	3961			*to seize		"""[]"""	"""[]"""				
Zalizniak-2024-4583-3962	3962	1571	SELL	to sell		"""[]"""	"""[]"""				
Zalizniak-2024-4583-3963	3963	1127	SEND	to send		"""[]"""	"""[]"""				
Zalizniak-2024-4583-3964	3964			to sentence		"""[]"""	"""[]"""				
Zalizniak-2024-4583-3965	3965	1359	SEPARATE	to separate		"""[]"""	"""[]"""				
Zalizniak-2024-4583-3966	3966			to set		"""[]"""	"""[]"""				
Zalizniak-2024-4583-3967	3967	160	SET (HEAVENLY BODIES)	to set (of Moon, Sun)		"""[]"""	"""[]"""				
Zalizniak-2024-4583-3968	3968			to set a trap		"""[]"""	"""[]"""				
Zalizniak-2024-4583-3969	3969			to set bounds		"""[]"""	"""[]"""				
Zalizniak-2024-4583-3970	3970			to set cupping glass		"""[]"""	"""[]"""				
Zalizniak-2024-4583-3971	3971			*to set free		"""[]"""	"""[]"""				
Zalizniak-2024-4583-3972	3972			to set upright		"""[]"""	"""[]"""				
Zalizniak-2024-4583-3973	3973	1457	SEW	to sew		"""[]"""	"""[]"""				
Zalizniak-2024-4583-3974	3974	1909	SHAKE	to shake		"""[]"""	"""[]"""				
Zalizniak-2024-4583-3975	3975			to shake off		"""[]"""	"""[]"""				
Zalizniak-2024-4583-3976	3976	884	SHARE	to share		"""[]"""	"""[]"""				
Zalizniak-2024-4583-3977	3977	251	SHARPEN (SOMETHING)	to sharpen		"""[]"""	"""[]"""				
Zalizniak-2024-4583-3978	3978	231	SHAVE	to shave		"""[]"""	"""[]"""				
Zalizniak-2024-4583-3979	3979	1532	SHEAR	to shear		"""[]"""	"""[]"""				
Zalizniak-2024-4583-3980	3980			to shed hair or feathers		"""[]"""	"""[]"""				
Zalizniak-2024-4583-3981	3981			to shed leaves		"""[]"""	"""[]"""				
Zalizniak-2024-4583-3982	3982	708	SHINE	to shine		"""[]"""	"""[]"""				
Zalizniak-2024-4583-3983	3983			*to shine, glitter		"""[]"""	"""[]"""				
Zalizniak-2024-4583-3984	3984			to shirk		"""[]"""	"""[]"""				
Zalizniak-2024-4583-3985	3985			to shock (of electric current)		"""[]"""	"""[]"""				
Zalizniak-2024-4583-3986	3986			to shoe (horses)		"""[]"""	"""[]"""				
Zalizniak-2024-4583-3987	3987	1172	SHOOT	to shoot		"""[]"""	"""[]"""				
Zalizniak-2024-4583-3988	3988	715	SHOUT	to shout		"""[]"""	"""[]"""				
Zalizniak-2024-4583-3989	3989	1039	SHOW	to show, indicate		"""[]"""	"""[]"""				
Zalizniak-2024-4583-3990	3990	54	SHRINK	to shrink		"""[]"""	"""[]"""				
Zalizniak-2024-4583-3991	3991			*to shrink (of textile)		"""[]"""	"""[]"""				
Zalizniak-2024-4583-3992	3992			*to shut one's eyes		"""[]"""	"""[]"""				
Zalizniak-2024-4583-3993	3993	1046	SHUT	to shut, close		"""[]"""	"""[]"""				
Zalizniak-2024-4583-3994	3994			to sin		"""[]"""	"""[]"""				
Zalizniak-2024-4583-3995	3995	1261	SING	to sing		"""[]"""	"""[]"""				
Zalizniak-2024-4583-3996	3996	1088	SINK (DESCEND)	to sink (tr.)		"""[]"""	"""[]"""				
Zalizniak-2024-4583-3997	3997			to sink into		"""[]"""	"""[]"""				
Zalizniak-2024-4583-3998	3998	1416	SIT	to sit		"""[]"""	"""[]"""				
Zalizniak-2024-4583-3999	3999	1649	SIT DOWN	to sit down		"""[]"""	"""[]"""				
Zalizniak-2024-4583-4000	4000	2991	SKI	to ski		"""[]"""	"""[]"""				
Zalizniak-2024-4583-4001	4001	291	PULL OFF (SKIN)	to skin, flay		"""[]"""	"""[]"""				
Zalizniak-2024-4583-4002	4002			to skip over, overlook		"""[]"""	"""[]"""				
Zalizniak-2024-4583-4003	4003			to slake (hunger, thirst)		"""[]"""	"""[]"""				
Zalizniak-2024-4583-4004	4004	3641	SLANDER	to slander		"""[]"""	"""[]"""				
Zalizniak-2024-4583-4005	4005			to slap one's thighs		"""[]"""	"""[]"""				
Zalizniak-2024-4583-4006	4006			*to slaughter (cattle)		"""[]"""	"""[]"""				
Zalizniak-2024-4583-4007	4007			*to sleep		"""[]"""	"""[]"""				
Zalizniak-2024-4583-4008	4008			to sleep one's fill		"""[]"""	"""[]"""				
Zalizniak-2024-4583-4009	4009			to slide		"""[]"""	"""[]"""				
Zalizniak-2024-4583-4010	4010			*to slide, slip		"""[]"""	"""[]"""				
Zalizniak-2024-4583-4011	4011			to slim		"""[]"""	"""[]"""				
Zalizniak-2024-4583-4012	4012			*to slip		"""[]"""	"""[]"""				
Zalizniak-2024-4583-4013	4013			to slow, linger		"""[]"""	"""[]"""				
Zalizniak-2024-4583-4014	4014	364	SMEAR	to smear, anoint		"""[]"""	"""[]"""				
Zalizniak-2024-4583-4015	4015			*to smell bad		"""[]"""	"""[]"""				
Zalizniak-2024-4583-4016	4016	1451	SMILE	to smile		"""[]"""	"""[]"""				
Zalizniak-2024-4583-4017	4017			to smoke (meat or fish)		"""[]"""	"""[]"""				
Zalizniak-2024-4583-4018	4018	1689	SMOKE (INHALE)	to smoke (tobacco)		"""[]"""	"""[]"""				
Zalizniak-2024-4583-4019	4019			to smooth		"""[]"""	"""[]"""				
Zalizniak-2024-4583-4020	4020			to snitch		"""[]"""	"""[]"""				
Zalizniak-2024-4583-4021	4021	1983	SNORE	to snore		"""[]"""	"""[]"""				
Zalizniak-2024-4583-4022	4022			to snuff a candle		"""[]"""	"""[]"""				
Zalizniak-2024-4583-4023	4023			to soar		"""[]"""	"""[]"""				
Zalizniak-2024-4583-4024	4024			to soften (an object)		"""[]"""	"""[]"""				
Zalizniak-2024-4583-4025	4025	1015	SOIL	to soil, make dirty		"""[]"""	"""[]"""				
Zalizniak-2024-4583-4026	4026			to solve (a problem)		"""[]"""	"""[]"""				
Zalizniak-2024-4583-4027	4027			to sound		"""[]"""	"""[]"""				
Zalizniak-2024-4583-4028	4028	748	SOW SEEDS	to sow		"""[]"""	"""[]"""				
Zalizniak-2024-4583-4029	4029			to spare, to economize		"""[]"""	"""[]"""				
Zalizniak-2024-4583-4030	4030	2227	SPAWN (VERB)	to spawn		"""[]"""	"""[]"""				
Zalizniak-2024-4583-4031	4031	1623	SPEAK	to speak		"""[]"""	"""[]"""				
Zalizniak-2024-4583-4032	4032			to spell		"""[]"""	"""[]"""				
Zalizniak-2024-4583-4033	4033			to spend (money)		"""[]"""	"""[]"""				
Zalizniak-2024-4583-4034	4034	1440	SPIT	to spit		"""[]"""	"""[]"""				
Zalizniak-2024-4583-4035	4035	569	SPOIL (BECOME SPOILED)	to spoil (intr.)		"""[]"""	"""[]"""				
Zalizniak-2024-4583-4036	4036	92	SPOIL (SOMEBODY OR SOMETHING)	to spoil (tr.)		"""[]"""	"""[]"""				
Zalizniak-2024-4583-4037	4037	38	SPREAD OUT	to spread (intr.)		"""[]"""	"""[]"""				
Zalizniak-2024-4583-4038	4038			to spread one's arms		"""[]"""	"""[]"""				
Zalizniak-2024-4583-4039	4039	1829	JUMP	to spring, jump		"""[]"""	"""[]"""				
Zalizniak-2024-4583-4040	4040			to sprinkle		"""[]"""	"""[]"""				
Zalizniak-2024-4583-4041	4041			to spur a horse		"""[]"""	"""[]"""				
Zalizniak-2024-4583-4042	4042			to spy		"""[]"""	"""[]"""				
Zalizniak-2024-4583-4043	4043	3692	SQUEAK	to squeak		"""[]"""	"""[]"""				
Zalizniak-2024-4583-4044	4044	1414	SQUEEZE	to squeeze		"""[]"""	"""[]"""				
Zalizniak-2024-4583-4045	4045			*to stab		"""[]"""	"""[]"""				
Zalizniak-2024-4583-4046	4046			*to stab with a spear		"""[]"""	"""[]"""				
Zalizniak-2024-4583-4047	4047	1866	STUTTER	to stammer, stutter		"""[]"""	"""[]"""				
Zalizniak-2024-4583-4048	4048			to stamp one's foot		"""[]"""	"""[]"""				
Zalizniak-2024-4583-4049	4049			*to stand		"""[]"""	"""[]"""				
Zalizniak-2024-4583-4050	4050			to stand in front		"""[]"""	"""[]"""				
Zalizniak-2024-4583-4051	4051			to stand motionless		"""[]"""	"""[]"""				
Zalizniak-2024-4583-4052	4052			to stand near		"""[]"""	"""[]"""				
Zalizniak-2024-4583-4053	4053			to stand still		"""[]"""	"""[]"""				
Zalizniak-2024-4583-4054	4054	570	STAND UP	to stand up		"""[]"""	"""[]"""				
Zalizniak-2024-4583-4055	4055			to stare		"""[]"""	"""[]"""				
Zalizniak-2024-4583-4056	4056			to start moving		"""[]"""	"""[]"""				
Zalizniak-2024-4583-4057	4057			to stay awake		"""[]"""	"""[]"""				
Zalizniak-2024-4583-4058	4058	713	STEAL	to steal		"""[]"""	"""[]"""				
Zalizniak-2024-4583-4059	4059			to steer a vessel		"""[]"""	"""[]"""				
Zalizniak-2024-4583-4060	4060			to step on		"""[]"""	"""[]"""				
Zalizniak-2024-4583-4061	4061	254	STICKING	to stick, adhere		"""[]"""	"""[]"""				
Zalizniak-2024-4583-4062	4062	571	STING	to sting		"""[]"""	"""[]"""				
Zalizniak-2024-4583-4063	4063	1928	CEASE	to stop (intr.)		"""[]"""	"""[]"""				
Zalizniak-2024-4583-4064	4064	2880	HALT (STOP)	to stop (tr.)		"""[]"""	"""[]"""				
Zalizniak-2024-4583-4065	4065	3351	STOP DOING	to stop doing smth.		"""[]"""	"""[]"""				
Zalizniak-2024-4583-4066	4066			to stop feeling pain		"""[]"""	"""[]"""				
Zalizniak-2024-4583-4067	4067			to stop moving		"""[]"""	"""[]"""				
Zalizniak-2024-4583-4068	4068			to straighten		"""[]"""	"""[]"""				
Zalizniak-2024-4583-4069	4069	940	STRAIN	to strain		"""[]"""	"""[]"""				
Zalizniak-2024-4583-4070	4070			to strengthen		"""[]"""	"""[]"""				
Zalizniak-2024-4583-4071	4071	572	STREW	to strew		"""[]"""	"""[]"""				
Zalizniak-2024-4583-4072	4072	353	STRIKE	to strike, hit		"""[]"""	"""[]"""				
Zalizniak-2024-4583-4073	4073			to struggle		"""[]"""	"""[]"""				
Zalizniak-2024-4583-4074	4074	3617	STUMBLE	to stumble		"""[]"""	"""[]"""				
Zalizniak-2024-4583-4075	4075			*to stumble on		"""[]"""	"""[]"""				
Zalizniak-2024-4583-4076	4076			to stun, to knock out		"""[]"""	"""[]"""				
Zalizniak-2024-4583-4077	4077	1516	SUBJUGATE	to subjugate		"""[]"""	"""[]"""				
Zalizniak-2024-4583-4078	4078			to subside (medicine)		"""[]"""	"""[]"""				
Zalizniak-2024-4583-4079	4079			to subtract		"""[]"""	"""[]"""				
Zalizniak-2024-4583-4080	4080	1112	SUCCEED	to succeed		"""[]"""	"""[]"""				
Zalizniak-2024-4583-4081	4081	1421	SUCK	to suck		"""[]"""	"""[]"""				
Zalizniak-2024-4583-4082	4082			*to suffer		"""[]"""	"""[]"""				
Zalizniak-2024-4583-4083	4083			to suffer from hunger		"""[]"""	"""[]"""				
Zalizniak-2024-4583-4084	4084			to suffer from rheumatism		"""[]"""	"""[]"""				
Zalizniak-2024-4583-4085	4085			*to suffice, be enough		"""[]"""	"""[]"""				
Zalizniak-2024-4583-4086	4086			*to suit (of clothes)		"""[]"""	"""[]"""				
Zalizniak-2024-4583-4087	4087			to suppress		"""[]"""	"""[]"""				
Zalizniak-2024-4583-4088	4088	402	SURPASS	to surpass		"""[]"""	"""[]"""				
Zalizniak-2024-4583-4089	4089			*to surpass, exceed		"""[]"""	"""[]"""				
Zalizniak-2024-4583-4090	4090			*to surprise		"""[]"""	"""[]"""				
Zalizniak-2024-4583-4091	4091			to swagger		"""[]"""	"""[]"""				
Zalizniak-2024-4583-4092	4092	897	SWALLOW	to swallow		"""[]"""	"""[]"""				
Zalizniak-2024-4583-4093	4093			to swarm (bees)		"""[]"""	"""[]"""				
Zalizniak-2024-4583-4094	4094	573	SWAY	to sway		"""[]"""	"""[]"""				
Zalizniak-2024-4583-4095	4095	1939	SWEAR	to swear (an oath)		"""[]"""	"""[]"""				
Zalizniak-2024-4583-4096	4096			*to swear, curse		"""[]"""	"""[]"""				
Zalizniak-2024-4583-4097	4097	126	SWEAT (PERSPIRE)	to sweat		"""[]"""	"""[]"""				
Zalizniak-2024-4583-4098	4098	230	SWEEP	to sweep		"""[]"""	"""[]"""				
Zalizniak-2024-4583-4099	4099	1573	SWELL	to swell up		"""[]"""	"""[]"""				
Zalizniak-2024-4583-4100	4100	1439	SWIM	to swim		"""[]"""	"""[]"""				
Zalizniak-2024-4583-4101	4101			to swingle, scutch, felt		"""[]"""	"""[]"""				
Zalizniak-2024-4583-4102	4102			to switch off		"""[]"""	"""[]"""				
Zalizniak-2024-4583-4103	4103			to switch on		"""[]"""	"""[]"""				
Zalizniak-2024-4583-4104	4104	3903	SYMPATHIZE	to sympathize		"""[]"""	"""[]"""				
Zalizniak-2024-4583-4105	4105			to systematize		"""[]"""	"""[]"""				
Zalizniak-2024-4583-4106	4106	1749	TAKE	to take		"""[]"""	"""[]"""				
Zalizniak-2024-4583-4107	4107			to take a husband		"""[]"""	"""[]"""				
Zalizniak-2024-4583-4108	4108			to take away, carry away		"""[]"""	"""[]"""				
Zalizniak-2024-4583-4109	4109			to take down		"""[]"""	"""[]"""				
Zalizniak-2024-4583-4110	4110			to take into account		"""[]"""	"""[]"""				
Zalizniak-2024-4583-4111	4111	1755	UNDRESS	to take off (tr.)		"""[]"""	"""[]"""				
Zalizniak-2024-4583-4112	4112			to take one thing for another		"""[]"""	"""[]"""				
Zalizniak-2024-4583-4113	4113	3654	TAKE OUT	to take out		"""[]"""	"""[]"""				
Zalizniak-2024-4583-4114	4114			to take possession		"""[]"""	"""[]"""				
Zalizniak-2024-4583-4115	4115			to take prisoner		"""[]"""	"""[]"""				
Zalizniak-2024-4583-4116	4116			*to talk in a complicated way		"""[]"""	"""[]"""				
Zalizniak-2024-4583-4117	4117			to talk nonsense		"""[]"""	"""[]"""				
Zalizniak-2024-4583-4118	4118	3901	TAMING	to tame		"""[]"""	"""[]"""				
Zalizniak-2024-4583-4119	4119			to tame (animal)		"""[]"""	"""[]"""				
Zalizniak-2024-4583-4120	4120	247	TAN	to tan (hides)		"""[]"""	"""[]"""				
Zalizniak-2024-4583-4121	4121	21	TASTE (SOMETHING)	to taste (tr.)		"""[]"""	"""[]"""				
Zalizniak-2024-4583-4122	4122	709	TEACH	to teach		"""[]"""	"""[]"""				
Zalizniak-2024-4583-4123	4123			*to teach		"""[]"""	"""[]"""				
Zalizniak-2024-4583-4124	4124	1735	TEAR (SHRED)	to tear apart		"""[]"""	"""[]"""				
Zalizniak-2024-4583-4125	4125	275	PEEL	to tear off, peel off		"""[]"""	"""[]"""				
Zalizniak-2024-4583-4126	4126			*to tear, rend		"""[]"""	"""[]"""				
Zalizniak-2024-4583-4127	4127	1711	TELL	to tell		"""[]"""	"""[]"""				
Zalizniak-2024-4583-4128	4128	226	TELL FORTUNES	to tell a person's fortune		"""[]"""	"""[]"""				
Zalizniak-2024-4583-4129	4129	601	LIE (MISLEAD)	to tell lie		"""[]"""	"""[]"""				
Zalizniak-2024-4583-4130	4130			to temper (iron)		"""[]"""	"""[]"""				
Zalizniak-2024-4583-4131	4131	2271	THINK	to think		"""[]"""	"""[]"""				
Zalizniak-2024-4583-4132	4132	1192	THREATEN	to threaten		"""[]"""	"""[]"""				
Zalizniak-2024-4583-4133	4133	285	THRESH	to thresh (grain)		"""[]"""	"""[]"""				
Zalizniak-2024-4583-4134	4134	1456	THROW	to throw		"""[]"""	"""[]"""				
Zalizniak-2024-4583-4135	4135			to throw a lasso		"""[]"""	"""[]"""				
Zalizniak-2024-4583-4136	4136			to throw on the ground		"""[]"""	"""[]"""				
Zalizniak-2024-4583-4137	4137			*to thrust (into)		"""[]"""	"""[]"""				
Zalizniak-2024-4583-4138	4138	2378	THUNDER (VERB)	to thunder		"""[]"""	"""[]"""				
Zalizniak-2024-4583-4139	4139	3647	TICKLE (SOMEBODY)	to tickle		"""[]"""	"""[]"""				
Zalizniak-2024-4583-4140	4140	1917	TIE	to tie		"""[]"""	"""[]"""				
Zalizniak-2024-4583-4141	4141			to tin		"""[]"""	"""[]"""				
Zalizniak-2024-4583-4142	4142	1952	TORTURE	to torture		"""[]"""	"""[]"""				
Zalizniak-2024-4583-4143	4143			*to torture		"""[]"""	"""[]"""				
Zalizniak-2024-4583-4144	4144			*to toss		"""[]"""	"""[]"""				
Zalizniak-2024-4583-4145	4145	1892	TOUCH	to touch		"""[]"""	"""[]"""				
Zalizniak-2024-4583-4146	4146			to trade		"""[]"""	"""[]"""				
Zalizniak-2024-4583-4147	4147			*to trade		"""[]"""	"""[]"""				
Zalizniak-2024-4583-4148	4148	574	TRANSIT	to transit		"""[]"""	"""[]"""				
Zalizniak-2024-4583-4149	4149	2906	TRANSLATE	to translate		"""[]"""	"""[]"""				
Zalizniak-2024-4583-4150	4150	3665	TRAVEL	to travel		"""[]"""	"""[]"""				
Zalizniak-2024-4583-4151	4151	575	TREAD	to tread		"""[]"""	"""[]"""				
Zalizniak-2024-4583-4152	4152			to treat, regale		"""[]"""	"""[]"""				
Zalizniak-2024-4583-4153	4153	52	SHIVER	to tremble		"""[]"""	"""[]"""				
Zalizniak-2024-4583-4154	4154	3902	TRUST (SOMEBODY)	to trust		"""[]"""	"""[]"""				
Zalizniak-2024-4583-4155	4155			*to trust / to believe in		"""[]"""	"""[]"""				
Zalizniak-2024-4583-4156	4156	1812	TRY	to try, to attempt		"""[]"""	"""[]"""				
Zalizniak-2024-4583-4157	4157			to turn (of age)		"""[]"""	"""[]"""				
Zalizniak-2024-4583-4158	4158			to turn back to look at smth.		"""[]"""	"""[]"""				
Zalizniak-2024-4583-4159	4159			to turn into (tr.)		"""[]"""	"""[]"""				
Zalizniak-2024-4583-4160	4160			to turn into an animal		"""[]"""	"""[]"""				
Zalizniak-2024-4583-4161	4161	3537	TURN OVER	to turn over		"""[]"""	"""[]"""				
Zalizniak-2024-4583-4162	4162			*to turn round		"""[]"""	"""[]"""				
Zalizniak-2024-4583-4163	4163	2229	BECOME SOUR	to turn sour		"""[]"""	"""[]"""				
Zalizniak-2024-4583-4164	4164			*to turn upside down, roll over		"""[]"""	"""[]"""				
Zalizniak-2024-4583-4165	4165	1588	TURN	to turn, rotate (intr.)		"""[]"""	"""[]"""				
Zalizniak-2024-4583-4166	4166	1445	TURN (SOMETHING)	to turn, rotate (tr.)		"""[]"""	"""[]"""				
Zalizniak-2024-4583-4167	4167	2889	TWINKLE	to twinkle, glimmer		"""[]"""	"""[]"""				
Zalizniak-2024-4583-4168	4168	3236	TWIST (TOGETHER)	to twist (a rope)		"""[]"""	"""[]"""				
Zalizniak-2024-4583-4169	4169	1536	UNDERSTAND	to understand		"""[]"""	"""[]"""				
Zalizniak-2024-4583-4170	4170			*to undress (intr.)		"""[]"""	"""[]"""				
Zalizniak-2024-4583-4171	4171			*to undress (tr.)		"""[]"""	"""[]"""				
Zalizniak-2024-4583-4172	4172			to unfold, unwind		"""[]"""	"""[]"""				
Zalizniak-2024-4583-4173	4173			*to unite		"""[]"""	"""[]"""				
Zalizniak-2024-4583-4174	4174			to unload, download		"""[]"""	"""[]"""				
Zalizniak-2024-4583-4175	4175			to unravel		"""[]"""	"""[]"""				
Zalizniak-2024-4583-4176	4176	352	UNTIE	to untie, unbind		"""[]"""	"""[]"""				
Zalizniak-2024-4583-4177	4177			to untwist, unscrew (intr.)		"""[]"""	"""[]"""				
Zalizniak-2024-4583-4178	4178	2325	PULL OUT	to uproot		"""[]"""	"""[]"""				
Zalizniak-2024-4583-4179	4179	592	PISS	to urinate		"""[]"""	"""[]"""				
Zalizniak-2024-4583-4180	4180	2072	USE (VERB)	to use		"""[]"""	"""[]"""				
Zalizniak-2024-4583-4181	4181			to vaccinate		"""[]"""	"""[]"""				
Zalizniak-2024-4583-4182	4182			to vex, exasperate		"""[]"""	"""[]"""				
Zalizniak-2024-4583-4183	4183	1377	VISIT	to visit		"""[]"""	"""[]"""				
Zalizniak-2024-4583-4184	4184	1278	VOMIT	to vomit		"""[]"""	"""[]"""				
Zalizniak-2024-4583-4185	4185	1590	WAIT (FOR)	to wait		"""[]"""	"""[]"""				
Zalizniak-2024-4583-4186	4186			*to wake up (intr.)		"""[]"""	"""[]"""				
Zalizniak-2024-4583-4187	4187			*to walk, to go		"""[]"""	"""[]"""				
Zalizniak-2024-4583-4188	4188	3666	WANDER	to walk, wander		"""[]"""	"""[]"""				
Zalizniak-2024-4583-4189	4189			to wander off		"""[]"""	"""[]"""				
Zalizniak-2024-4583-4190	4190			to wane (of the Moon)		"""[]"""	"""[]"""				
Zalizniak-2024-4583-4191	4191	1784	WANT	to want		"""[]"""	"""[]"""				
Zalizniak-2024-4583-4192	4192	2032	WARM UP	to warm up		"""[]"""	"""[]"""				
Zalizniak-2024-4583-4193	4193	1453	WASH	to wash		"""[]"""	"""[]"""				
Zalizniak-2024-4583-4194	4194	2503	LAUNDER (WASH CLOTHES)	to wash (clothes)		"""[]"""	"""[]"""				
Zalizniak-2024-4583-4195	4195	79	WASTE	to waste		"""[]"""	"""[]"""				
Zalizniak-2024-4583-4196	4196			to watch, look after		"""[]"""	"""[]"""				
Zalizniak-2024-4583-4197	4197	3078	IRRIGATE	to water (plants)		"""[]"""	"""[]"""				
Zalizniak-2024-4583-4198	4198			*to water, to give water		"""[]"""	"""[]"""				
Zalizniak-2024-4583-4199	4199			to wave (of water)		"""[]"""	"""[]"""				
Zalizniak-2024-4583-4200	4200			to weaken (about wind)		"""[]"""	"""[]"""				
Zalizniak-2024-4583-4201	4201			to weaken (intr.)		"""[]"""	"""[]"""				
Zalizniak-2024-4583-4202	4202			to weaken, loosen		"""[]"""	"""[]"""				
Zalizniak-2024-4583-4203	4203	976	WEAR	to wear (clothes)		"""[]"""	"""[]"""				
Zalizniak-2024-4583-4204	4204	133	WEAVE	to weave		"""[]"""	"""[]"""				
Zalizniak-2024-4583-4205	4205			*to weed		"""[]"""	"""[]"""				
Zalizniak-2024-4583-4206	4206			to weigh (intr.)		"""[]"""	"""[]"""				
Zalizniak-2024-4583-4207	4207	1098	WEIGH	to weigh (tr.)		"""[]"""	"""[]"""				
Zalizniak-2024-4583-4208	4208			to weld		"""[]"""	"""[]"""				
Zalizniak-2024-4583-4209	4209	28	MOISTEN	to wet, moisten		"""[]"""	"""[]"""				
Zalizniak-2024-4583-4210	4210			*to whet		"""[]"""	"""[]"""				
Zalizniak-2024-4583-4211	4211			to whine		"""[]"""	"""[]"""				
Zalizniak-2024-4583-4212	4212			to whip		"""[]"""	"""[]"""				
Zalizniak-2024-4583-4213	4213	55	WHISPER	to whisper		"""[]"""	"""[]"""				
Zalizniak-2024-4583-4214	4214	1025	WHISTLE	to whistle		"""[]"""	"""[]"""				
Zalizniak-2024-4583-4215	4215	2462	WINNOWING	to winnow		"""[]"""	"""[]"""				
Zalizniak-2024-4583-4216	4216	1454	WIPE	to wipe		"""[]"""	"""[]"""				
Zalizniak-2024-4583-4217	4217			to wither		"""[]"""	"""[]"""				
Zalizniak-2024-4583-4218	4218			*to work		"""[]"""	"""[]"""				
Zalizniak-2024-4583-4219	4219			to work carelessly		"""[]"""	"""[]"""				
Zalizniak-2024-4583-4220	4220	150	WORRY	to worry, be agitated		"""[]"""	"""[]"""				
Zalizniak-2024-4583-4221	4221	257	WORSHIP	to worship		"""[]"""	"""[]"""				
Zalizniak-2024-4583-4222	4222	2411	HURT (SOMEBODY)	to wound (tr.)		"""[]"""	"""[]"""				
Zalizniak-2024-4583-4223	4223			to wrestle		"""[]"""	"""[]"""				
Zalizniak-2024-4583-4224	4224	3224	WRING	to wring a cloth		"""[]"""	"""[]"""				
Zalizniak-2024-4583-4225	4225	1672	WRITE	to write		"""[]"""	"""[]"""				
Zalizniak-2024-4583-4226	4226	1028	YAWN	to yawn		"""[]"""	"""[]"""				
Zalizniak-2024-4583-4227	4227			to yield (of land)		"""[]"""	"""[]"""				
Zalizniak-2024-4583-4228	4228	894	TOAD	toad		"""[]"""	"""[]"""				
Zalizniak-2024-4583-4229	4229	974	TOBACCO	tobacco		"""[]"""	"""[]"""				
Zalizniak-2024-4583-4230	4230	1124	PIPE	tobacco pipe		"""[]"""	"""[]"""				
Zalizniak-2024-4583-4231	4231	1283	TODAY	today		"""[]"""	"""[]"""				
Zalizniak-2024-4583-4232	4232	2482	TOGETHER	together		"""[]"""	"""[]"""				
Zalizniak-2024-4583-4233	4233	219	TOILET	toilet		"""[]"""	"""[]"""				
Zalizniak-2024-4583-4234	4234	986	TOMATO	tomato (Solanum lycopersicum)		"""[]"""	"""[]"""				
Zalizniak-2024-4583-4235	4235			*tomb		"""[]"""	"""[]"""				
Zalizniak-2024-4583-4236	4236	1329	TOMORROW	tomorrow		"""[]"""	"""[]"""				
Zalizniak-2024-4583-4237	4237	2995	TONE (MUSIC)	tone		"""[]"""	"""[]"""				
Zalizniak-2024-4583-4238	4238	1205	TONGUE	tongue (body part)		"""[]"""	"""[]"""				
Zalizniak-2024-4583-4239	4239			tonsil		"""[]"""	"""[]"""				
Zalizniak-2024-4583-4240	4240			tonsure (of monk)		"""[]"""	"""[]"""				
Zalizniak-2024-4583-4241	4241			too much		"""[]"""	"""[]"""				
Zalizniak-2024-4583-4242	4242	1380	TOOTH	tooth		"""[]"""	"""[]"""				
Zalizniak-2024-4583-4243	4243			toothless		"""[]"""	"""[]"""				
Zalizniak-2024-4583-4244	4244			top of the head		"""[]"""	"""[]"""				
Zalizniak-2024-4583-4245	4245	1753	TOP	top, upper part		"""[]"""	"""[]"""				
Zalizniak-2024-4583-4246	4246	3036	TREETOP	top/crown (of a tree)		"""[]"""	"""[]"""				
Zalizniak-2024-4583-4247	4247	1919	TORCH	torch		"""[]"""	"""[]"""				
Zalizniak-2024-4583-4248	4248			torch fishing		"""[]"""	"""[]"""				
Zalizniak-2024-4583-4249	4249			torn		"""[]"""	"""[]"""				
Zalizniak-2024-4583-4250	4250			torpid person		"""[]"""	"""[]"""				
Zalizniak-2024-4583-4251	4251	2667	TORSO	torso		"""[]"""	"""[]"""				
Zalizniak-2024-4583-4252	4252	112	TURTLE	tortoise, turtle		"""[]"""	"""[]"""				
Zalizniak-2024-4583-4253	4253			totally, absolutely		"""[]"""	"""[]"""				
Zalizniak-2024-4583-4254	4254			touched		"""[]"""	"""[]"""				
Zalizniak-2024-4583-4255	4255	1671	TOWER	tower		"""[]"""	"""[]"""				
Zalizniak-2024-4583-4256	4256	1391	TOWN	town		"""[]"""	"""[]"""				
Zalizniak-2024-4583-4257	4257	2403	TOY	toy		"""[]"""	"""[]"""				
Zalizniak-2024-4583-4258	4258			trace		"""[]"""	"""[]"""				
Zalizniak-2024-4583-4259	4259			track idler wheel		"""[]"""	"""[]"""				
Zalizniak-2024-4583-4260	4260			trader		"""[]"""	"""[]"""				
Zalizniak-2024-4583-4261	4261			traffic jam		"""[]"""	"""[]"""				
Zalizniak-2024-4583-4262	4262			trailer (vehicle)		"""[]"""	"""[]"""				
Zalizniak-2024-4583-4263	4263			trait		"""[]"""	"""[]"""				
Zalizniak-2024-4583-4264	4264	4092	TRAITOR	traitor		"""[]"""	"""[]"""				
Zalizniak-2024-4583-4265	4265	3754	TRANSPARENT	transparent		"""[]"""	"""[]"""				
Zalizniak-2024-4583-4266	4266	4043	STATION	transport station		"""[]"""	"""[]"""				
Zalizniak-2024-4583-4267	4267			transversal, crosscut		"""[]"""	"""[]"""				
Zalizniak-2024-4583-4268	4268	3320	SNARE (TRAP)	trap, snare (n.)		"""[]"""	"""[]"""				
Zalizniak-2024-4583-4269	4269	2629	TRAY	tray		"""[]"""	"""[]"""				
Zalizniak-2024-4583-4270	4270			*tree		"""[]"""	"""[]"""				
Zalizniak-2024-4583-4271	4271	2538	TRENCH (FOSSE)	trench		"""[]"""	"""[]"""				
Zalizniak-2024-4583-4272	4272	4077	TRIANGLE	triangle		"""[]"""	"""[]"""				
Zalizniak-2024-4583-4273	4273	1549	TRIBE	tribe		"""[]"""	"""[]"""				
Zalizniak-2024-4583-4274	4274			tribunal		"""[]"""	"""[]"""				
Zalizniak-2024-4583-4275	4275			*trick, deceit		"""[]"""	"""[]"""				
Zalizniak-2024-4583-4276	4276			trick, hocus-pocus		"""[]"""	"""[]"""				
Zalizniak-2024-4583-4277	4277			trigger (of a gun)		"""[]"""	"""[]"""				
Zalizniak-2024-4583-4278	4278			Triglidae (fish)		"""[]"""	"""[]"""				
Zalizniak-2024-4583-4279	4279			Trimorphodon biscutatus		"""[]"""	"""[]"""				
Zalizniak-2024-4583-4280	4280			troop (of animals)		"""[]"""	"""[]"""				
Zalizniak-2024-4583-4281	4281			troop (of fishes)		"""[]"""	"""[]"""				
Zalizniak-2024-4583-4282	4282	205	TROUGH	trough		"""[]"""	"""[]"""				
Zalizniak-2024-4583-4283	4283			trouser-leg		"""[]"""	"""[]"""				
Zalizniak-2024-4583-4284	4284			truck, lorry		"""[]"""	"""[]"""				
Zalizniak-2024-4583-4285	4285			true sedge (Carex)		"""[]"""	"""[]"""				
Zalizniak-2024-4583-4286	4286			truffle		"""[]"""	"""[]"""				
Zalizniak-2024-4583-4287	4287			trump (in cards)		"""[]"""	"""[]"""				
Zalizniak-2024-4583-4288	4288	775	TRUMPET	trumpet		"""[]"""	"""[]"""				
Zalizniak-2024-4583-4289	4289	344	TREE TRUNK	trunk (of a tree)		"""[]"""	"""[]"""				
Zalizniak-2024-4583-4290	4290	3678	ELEPHANT TRUNK	trunk, proboscis (of elephant)		"""[]"""	"""[]"""				
Zalizniak-2024-4583-4291	4291			trust, confidence		"""[]"""	"""[]"""				
Zalizniak-2024-4583-4292	4292	1638	TRUTH	truth		"""[]"""	"""[]"""				
Zalizniak-2024-4583-4293	4293	2956	TUBE	tube, pipe		"""[]"""	"""[]"""				
Zalizniak-2024-4583-4294	4294			tuber		"""[]"""	"""[]"""				
Zalizniak-2024-4583-4295	4295			tuberculosis		"""[]"""	"""[]"""				
Zalizniak-2024-4583-4296	4296	1695	TUESDAY	Tuesday		"""[]"""	"""[]"""				
Zalizniak-2024-4583-4297	4297			tufted vetch		"""[]"""	"""[]"""				
Zalizniak-2024-4583-4298	4298			tumult, turmoil		"""[]"""	"""[]"""				
Zalizniak-2024-4583-4299	4299			tundra		"""[]"""	"""[]"""				
Zalizniak-2024-4583-4300	4300			tuning peg		"""[]"""	"""[]"""				
Zalizniak-2024-4583-4301	4301			*turbid		"""[]"""	"""[]"""				
Zalizniak-2024-4583-4302	4302			Turk		"""[]"""	"""[]"""				
Zalizniak-2024-4583-4303	4303	2386	TURKEY	turkey		"""[]"""	"""[]"""				
Zalizniak-2024-4583-4304	4304	2842	TURMERIC	turmeric (Curcuma)		"""[]"""	"""[]"""				
Zalizniak-2024-4583-4305	4305	3062	TURNIP	turnip		"""[]"""	"""[]"""				
Zalizniak-2024-4583-4306	4306			turnstone (Arenaria)		"""[]"""	"""[]"""				
Zalizniak-2024-4583-4307	4307	3280	TUSK	tusk (of animal)		"""[]"""	"""[]"""				
Zalizniak-2024-4583-4308	4308	1707	TWELVE	twelve		"""[]"""	"""[]"""				
Zalizniak-2024-4583-4309	4309	1005	TWINS	twin		"""[]"""	"""[]"""				
Zalizniak-2024-4583-4310	4310	1498	TWO	two		"""[]"""	"""[]"""				
Zalizniak-2024-4583-4311	4311			tympanum (of ear)		"""[]"""	"""[]"""				
Zalizniak-2024-4583-4312	4312			tyre (of a car)		"""[]"""	"""[]"""				
Zalizniak-2024-4583-4313	4313	154	UDDER	udder		"""[]"""	"""[]"""				
Zalizniak-2024-4583-4314	4314	1548	UGLY	ugly, unpleasant		"""[]"""	"""[]"""				
Zalizniak-2024-4583-4315	4315			umbel		"""[]"""	"""[]"""				
Zalizniak-2024-4583-4316	4316	3105	UMBRELLA	umbrella		"""[]"""	"""[]"""				
Zalizniak-2024-4583-4317	4317			unbroken horse		"""[]"""	"""[]"""				
Zalizniak-2024-4583-4318	4318	1327	UNCLE	uncle		"""[]"""	"""[]"""				
Zalizniak-2024-4583-4319	4319			*uncle (father's brother)		"""[]"""	"""[]"""				
Zalizniak-2024-4583-4320	4320	2690	UNCLE (HUSBAND OF FATHER'S SISTER)	uncle (father's sister's husband)		"""[]"""	"""[]"""				
Zalizniak-2024-4583-4321	4321	2692	MATERNAL UNCLE (MOTHER'S BROTHER)	uncle (mother's brother)		"""[]"""	"""[]"""				
Zalizniak-2024-4583-4322	4322	2694	MATERNAL UNCLE (HUSBAND OF ONE'S MATERNAL AUNT)	uncle (mother's sister's husband)		"""[]"""	"""[]"""				
Zalizniak-2024-4583-4323	4323			uncultivated, unprocessed		"""[]"""	"""[]"""				
Zalizniak-2024-4583-4324	4324			under age		"""[]"""	"""[]"""				
Zalizniak-2024-4583-4325	4325	1485	BELOW OR UNDER	under, below		"""[]"""	"""[]"""				
Zalizniak-2024-4583-4326	4326			undercooked		"""[]"""	"""[]"""				
Zalizniak-2024-4583-4327	4327			underground, subterranean		"""[]"""	"""[]"""				
Zalizniak-2024-4583-4328	4328			underwear		"""[]"""	"""[]"""				
Zalizniak-2024-4583-4329	4329			undiluted		"""[]"""	"""[]"""				
Zalizniak-2024-4583-4330	4330			unexpected		"""[]"""	"""[]"""				
Zalizniak-2024-4583-4331	4331			unfair		"""[]"""	"""[]"""				
Zalizniak-2024-4583-4332	4332			unfaithful, adulterous		"""[]"""	"""[]"""				
Zalizniak-2024-4583-4333	4333			unforested, treeless place		"""[]"""	"""[]"""				
Zalizniak-2024-4583-4334	4334			unfunny		"""[]"""	"""[]"""				
Zalizniak-2024-4583-4335	4335			unimportant, slight		"""[]"""	"""[]"""				
Zalizniak-2024-4583-4336	4336			uninhabited (place)		"""[]"""	"""[]"""				
Zalizniak-2024-4583-4337	4337			union		"""[]"""	"""[]"""				
Zalizniak-2024-4583-4338	4338			unique		"""[]"""	"""[]"""				
Zalizniak-2024-4583-4339	4339			unit of area		"""[]"""	"""[]"""				
Zalizniak-2024-4583-4340	4340			unit of length		"""[]"""	"""[]"""				
Zalizniak-2024-4583-4341	4341			unit of speed		"""[]"""	"""[]"""				
Zalizniak-2024-4583-4342	4342			unknown		"""[]"""	"""[]"""				
Zalizniak-2024-4583-4343	4343			unleavened (bread)		"""[]"""	"""[]"""				
Zalizniak-2024-4583-4344	4344			unlucky		"""[]"""	"""[]"""				
Zalizniak-2024-4583-4345	4345			unmarried		"""[]"""	"""[]"""				
Zalizniak-2024-4583-4346	4346	26	UNPLEASANT	unpleasant		"""[]"""	"""[]"""				
Zalizniak-2024-4583-4347	4347			unpleasant place		"""[]"""	"""[]"""				
Zalizniak-2024-4583-4348	4348			unprofitable		"""[]"""	"""[]"""				
Zalizniak-2024-4583-4349	4349			unreliable		"""[]"""	"""[]"""				
Zalizniak-2024-4583-4350	4350	1958	UNRIPE	unripe (fruit)		"""[]"""	"""[]"""				
Zalizniak-2024-4583-4351	4351			unskillful		"""[]"""	"""[]"""				
Zalizniak-2024-4583-4352	4352			unusual		"""[]"""	"""[]"""				
Zalizniak-2024-4583-4353	4353	431	UPPER ARM	upper arm		"""[]"""	"""[]"""				
Zalizniak-2024-4583-4354	4354	471	UPPER LEG (THIGH)	upper part (of a leg)		"""[]"""	"""[]"""				
Zalizniak-2024-4583-4355	4355			upper reach (of river)		"""[]"""	"""[]"""				
Zalizniak-2024-4583-4356	4356			upriver		"""[]"""	"""[]"""				
Zalizniak-2024-4583-4357	4357			upside down		"""[]"""	"""[]"""				
Zalizniak-2024-4583-4358	4358			urban		"""[]"""	"""[]"""				
Zalizniak-2024-4583-4359	4359			urgent		"""[]"""	"""[]"""				
Zalizniak-2024-4583-4360	4360	1746	BLADDER	urinary bladder		"""[]"""	"""[]"""				
Zalizniak-2024-4583-4361	4361	1142	URINE	urine		"""[]"""	"""[]"""				
Zalizniak-2024-4583-4362	4362			useless thing		"""[]"""	"""[]"""				
Zalizniak-2024-4583-4363	4363			usual		"""[]"""	"""[]"""				
Zalizniak-2024-4583-4364	4364			uterus		"""[]"""	"""[]"""				
Zalizniak-2024-4583-4365	4365	2293	UVULA	uvula		"""[]"""	"""[]"""				
Zalizniak-2024-4583-4366	4366			vessel		"""[]"""	"""[]"""				
Zalizniak-2024-4583-4367	4367			vacancy		"""[]"""	"""[]"""				
Zalizniak-2024-4583-4368	4368			vacation		"""[]"""	"""[]"""				
Zalizniak-2024-4583-4369	4369	1836	VAGINA	vagina		"""[]"""	"""[]"""				
Zalizniak-2024-4583-4370	4370	1765	IN VAIN	vain, in vain		"""[]"""	"""[]"""				
Zalizniak-2024-4583-4371	4371			valerian		"""[]"""	"""[]"""				
Zalizniak-2024-4583-4372	4372			valid		"""[]"""	"""[]"""				
Zalizniak-2024-4583-4373	4373			varicose veins		"""[]"""	"""[]"""				
Zalizniak-2024-4583-4374	4374			vegetable marrow		"""[]"""	"""[]"""				
Zalizniak-2024-4583-4375	4375	2555	OIL (FROM PLANTS)	vegetable oil		"""[]"""	"""[]"""				
Zalizniak-2024-4583-4376	4376			*vegetation		"""[]"""	"""[]"""				
Zalizniak-2024-4583-4377	4377	2549	VEHICLE	vehicle		"""[]"""	"""[]"""				
Zalizniak-2024-4583-4378	4378	1151	VEIL	veil, head-covering		"""[]"""	"""[]"""				
Zalizniak-2024-4583-4379	4379			venereal disease		"""[]"""	"""[]"""				
Zalizniak-2024-4583-4380	4380			venous (blood)		"""[]"""	"""[]"""				
Zalizniak-2024-4583-4381	4381			Venus		"""[]"""	"""[]"""				
Zalizniak-2024-4583-4382	4382			verb		"""[]"""	"""[]"""				
Zalizniak-2024-4583-4383	4383			verse		"""[]"""	"""[]"""				
Zalizniak-2024-4583-4384	4384			*vertebra		"""[]"""	"""[]"""				
Zalizniak-2024-4583-4385	4385	1311	VERY	very		"""[]"""	"""[]"""				
Zalizniak-2024-4583-4386	4386			*vessel		"""[]"""	"""[]"""				
Zalizniak-2024-4583-4387	4387			vigilant		"""[]"""	"""[]"""				
Zalizniak-2024-4583-4388	4388			vigorous		"""[]"""	"""[]"""				
Zalizniak-2024-4583-4389	4389	930	VILLAGE	village		"""[]"""	"""[]"""				
Zalizniak-2024-4583-4390	4390	985	VINEGAR	vinegar		"""[]"""	"""[]"""				
Zalizniak-2024-4583-4391	4391			vineyard		"""[]"""	"""[]"""				
Zalizniak-2024-4583-4392	4392	2976	VIOLENCE	violence		"""[]"""	"""[]"""				
Zalizniak-2024-4583-4393	4393			violent		"""[]"""	"""[]"""				
Zalizniak-2024-4583-4394	4394			*violet, purple		"""[]"""	"""[]"""				
Zalizniak-2024-4583-4395	4395			violine		"""[]"""	"""[]"""				
Zalizniak-2024-4583-4396	4396			Vipera latastei		"""[]"""	"""[]"""				
Zalizniak-2024-4583-4397	4397	2298	VIRGIN	virgin		"""[]"""	"""[]"""				
Zalizniak-2024-4583-4398	4398			Virgo		"""[]"""	"""[]"""				
Zalizniak-2024-4583-4399	4399	1868	VISIBLE	visible		"""[]"""	"""[]"""				
Zalizniak-2024-4583-4400	4400	2519	SEEING (VISUAL SENSE)	vision		"""[]"""	"""[]"""				
Zalizniak-2024-4583-4401	4401			vocation		"""[]"""	"""[]"""				
Zalizniak-2024-4583-4402	4402	1363	VOICE	voice		"""[]"""	"""[]"""				
Zalizniak-2024-4583-4403	4403			volcanic crater		"""[]"""	"""[]"""				
Zalizniak-2024-4583-4404	4404			volume (of books)		"""[]"""	"""[]"""				
Zalizniak-2024-4583-4405	4405			vote		"""[]"""	"""[]"""				
Zalizniak-2024-4583-4406	4406	1080	VULGAR	vulgar		"""[]"""	"""[]"""				
Zalizniak-2024-4583-4407	4407			*vulgar		"""[]"""	"""[]"""				
Zalizniak-2024-4583-4408	4408			vulgar, common		"""[]"""	"""[]"""				
Zalizniak-2024-4583-4409	4409	1185	VULTURE	vulture		"""[]"""	"""[]"""				
Zalizniak-2024-4583-4410	4410	951	WEAPONS	weapon		"""[]"""	"""[]"""				
Zalizniak-2024-4583-4411	4411	962	WOMAN	woman		"""[]"""	"""[]"""				
Zalizniak-2024-4583-4412	4412			wooden object		"""[]"""	"""[]"""				
Zalizniak-2024-4583-4413	4413	3010	WAGTAIL	wagtail (Motacilla)		"""[]"""	"""[]"""				
Zalizniak-2024-4583-4414	4414	1681	WAIST	waist		"""[]"""	"""[]"""				
Zalizniak-2024-4583-4415	4415	933	WALL (OF HOUSE)	wall		"""[]"""	"""[]"""				
Zalizniak-2024-4583-4416	4416			wampum		"""[]"""	"""[]"""				
Zalizniak-2024-4583-4417	4417	935	WAR	war		"""[]"""	"""[]"""				
Zalizniak-2024-4583-4418	4418			*war		"""[]"""	"""[]"""				
Zalizniak-2024-4583-4419	4419	1232	WARM	warm		"""[]"""	"""[]"""				
Zalizniak-2024-4583-4420	4420			warp		"""[]"""	"""[]"""				
Zalizniak-2024-4583-4421	4421	3608	WARRIOR	warrior		"""[]"""	"""[]"""				
Zalizniak-2024-4583-4422	4422	2665	WART	wart		"""[]"""	"""[]"""				
Zalizniak-2024-4583-4423	4423	1517	WASP	wasp		"""[]"""	"""[]"""				
Zalizniak-2024-4583-4424	4424	1323	CLOCK	watch, clock		"""[]"""	"""[]"""				
Zalizniak-2024-4583-4425	4425	948	WATER	water		"""[]"""	"""[]"""				
Zalizniak-2024-4583-4426	4426			water beetle		"""[]"""	"""[]"""				
Zalizniak-2024-4583-4427	4427			water jet		"""[]"""	"""[]"""				
Zalizniak-2024-4583-4428	4428			water nymph		"""[]"""	"""[]"""				
Zalizniak-2024-4583-4429	4429			water rail		"""[]"""	"""[]"""				
Zalizniak-2024-4583-4430	4430			water vole		"""[]"""	"""[]"""				
Zalizniak-2024-4583-4431	4431			water with honey		"""[]"""	"""[]"""				
Zalizniak-2024-4583-4432	4432	2766	WATERMELON	water-melon (Cucurbita citrullus)		"""[]"""	"""[]"""				
Zalizniak-2024-4583-4433	4433			*waterfall		"""[]"""	"""[]"""				
Zalizniak-2024-4583-4434	4434			watering place (for animals)		"""[]"""	"""[]"""				
Zalizniak-2024-4583-4435	4435	978	WAVE	wave		"""[]"""	"""[]"""				
Zalizniak-2024-4583-4436	4436	1931	BEESWAX	wax		"""[]"""	"""[]"""				
Zalizniak-2024-4583-4437	4437	1601	WEAK	weak		"""[]"""	"""[]"""				
Zalizniak-2024-4583-4438	4438			weak point		"""[]"""	"""[]"""				
Zalizniak-2024-4583-4439	4439			weakness		"""[]"""	"""[]"""				
Zalizniak-2024-4583-4440	4440	2996	WEALTH	wealth		"""[]"""	"""[]"""				
Zalizniak-2024-4583-4441	4441			*weapon		"""[]"""	"""[]"""				
Zalizniak-2024-4583-4442	4442	3384	WEASEL	weasel (Mustella nivalis)		"""[]"""	"""[]"""				
Zalizniak-2024-4583-4443	4443	952	WEATHER	weather		"""[]"""	"""[]"""				
Zalizniak-2024-4583-4444	4444			website		"""[]"""	"""[]"""				
Zalizniak-2024-4583-4445	4445			*website		"""[]"""	"""[]"""				
Zalizniak-2024-4583-4446	4446	1259	WEDDING	wedding		"""[]"""	"""[]"""				
Zalizniak-2024-4583-4447	4447			wedge		"""[]"""	"""[]"""				
Zalizniak-2024-4583-4448	4448	1694	WEDNESDAY	Wednesday		"""[]"""	"""[]"""				
Zalizniak-2024-4583-4449	4449	3288	WEED	weed		"""[]"""	"""[]"""				
Zalizniak-2024-4583-4450	4450	1469	WEEK	week		"""[]"""	"""[]"""				
Zalizniak-2024-4583-4451	4451			weft, woof		"""[]"""	"""[]"""				
Zalizniak-2024-4583-4452	4452			well sweep		"""[]"""	"""[]"""				
Zalizniak-2024-4583-4453	4453			well-being		"""[]"""	"""[]"""				
Zalizniak-2024-4583-4454	4454	1817	WEST	West		"""[]"""	"""[]"""				
Zalizniak-2024-4583-4455	4455			western capercaillie (Tetrao urogallus)		"""[]"""	"""[]"""				
Zalizniak-2024-4583-4456	4456			western swamphen		"""[]"""	"""[]"""				
Zalizniak-2024-4583-4457	4457			Westerner		"""[]"""	"""[]"""				
Zalizniak-2024-4583-4458	4458	1726	WET	wet		"""[]"""	"""[]"""				
Zalizniak-2024-4583-4459	4459			wet-nurse		"""[]"""	"""[]"""				
Zalizniak-2024-4583-4460	4460	957	WHALE	whale		"""[]"""	"""[]"""				
Zalizniak-2024-4583-4461	4461	1236	WHAT	what?		"""[]"""	"""[]"""				
Zalizniak-2024-4583-4462	4462	1077	WHEAT	wheat		"""[]"""	"""[]"""				
Zalizniak-2024-4583-4463	4463	710	WHEEL	wheel		"""[]"""	"""[]"""				
Zalizniak-2024-4583-4464	4464			wheeze		"""[]"""	"""[]"""				
Zalizniak-2024-4583-4465	4465	1238	WHEN	when		"""[]"""	"""[]"""				
Zalizniak-2024-4583-4466	4466	2630	WHIP	whip		"""[]"""	"""[]"""				
Zalizniak-2024-4583-4467	4467	1982	WHIRLPOOL	whirlpool		"""[]"""	"""[]"""				
Zalizniak-2024-4583-4468	4468			*whirlpool		"""[]"""	"""[]"""				
Zalizniak-2024-4583-4469	4469	3740	WHIRLWIND	whirlwind		"""[]"""	"""[]"""				
Zalizniak-2024-4583-4470	4470			*whisper		"""[]"""	"""[]"""				
Zalizniak-2024-4583-4471	4471	1335	WHITE	white		"""[]"""	"""[]"""				
Zalizniak-2024-4583-4472	4472			white (politics)		"""[]"""	"""[]"""				
Zalizniak-2024-4583-4473	4473			white caps (on sea waves)		"""[]"""	"""[]"""				
Zalizniak-2024-4583-4474	4474			white of an eye, sclera		"""[]"""	"""[]"""				
Zalizniak-2024-4583-4475	4475			white-eye bream		"""[]"""	"""[]"""				
Zalizniak-2024-4583-4476	4476	1610	PROSTITUTE	whore		"""[]"""	"""[]"""				
Zalizniak-2024-4583-4477	4477			wick		"""[]"""	"""[]"""				
Zalizniak-2024-4583-4478	4478			wickerwork		"""[]"""	"""[]"""				
Zalizniak-2024-4583-4479	4479	2652	BROAD OR WIDE	wide, broad		"""[]"""	"""[]"""				
Zalizniak-2024-4583-4480	4480	1756	WIDOW	widow		"""[]"""	"""[]"""				
Zalizniak-2024-4583-4481	4481			width		"""[]"""	"""[]"""				
Zalizniak-2024-4583-4482	4482	1199	WIFE	wife		"""[]"""	"""[]"""				
Zalizniak-2024-4583-4483	4483	2380	BROTHER-IN-LAW (OF MAN)	wife's brother		"""[]"""	"""[]"""				
Zalizniak-2024-4583-4484	4484	2255	FATHER-IN-LAW (OF MAN)	wife's father		"""[]"""	"""[]"""				
Zalizniak-2024-4583-4485	4485			*wild (of a person)		"""[]"""	"""[]"""				
Zalizniak-2024-4583-4486	4486			wild beast		"""[]"""	"""[]"""				
Zalizniak-2024-4583-4487	4487	3154	WILD BOAR	wild boar		"""[]"""	"""[]"""				
Zalizniak-2024-4583-4488	4488			wild rosemary		"""[]"""	"""[]"""				
Zalizniak-2024-4583-4489	4489			wild sow		"""[]"""	"""[]"""				
Zalizniak-2024-4583-4490	4490			wild strawberry		"""[]"""	"""[]"""				
Zalizniak-2024-4583-4491	4491	2230	UNTAMED OR WILD	wild, untamed		"""[]"""	"""[]"""				
Zalizniak-2024-4583-4492	4492			*will		"""[]"""	"""[]"""				
Zalizniak-2024-4583-4493	4493			will (legal document)		"""[]"""	"""[]"""				
Zalizniak-2024-4583-4494	4494	818	WILLOW	willow		"""[]"""	"""[]"""				
Zalizniak-2024-4583-4495	4495			willow ptarmigan		"""[]"""	"""[]"""				
Zalizniak-2024-4583-4496	4496			willowherb		"""[]"""	"""[]"""				
Zalizniak-2024-4583-4497	4497	960	WIND	wind		"""[]"""	"""[]"""				
Zalizniak-2024-4583-4498	4498	1375	WINDOW	window		"""[]"""	"""[]"""				
Zalizniak-2024-4583-4499	4499			windowsill		"""[]"""	"""[]"""				
Zalizniak-2024-4583-4500	4500	1524	WINE	wine		"""[]"""	"""[]"""				
Zalizniak-2024-4583-4501	4501	1257	WING	wing		"""[]"""	"""[]"""				
Zalizniak-2024-4583-4502	4502	2051	DUSTPAN	winnowing fan		"""[]"""	"""[]"""				
Zalizniak-2024-4583-4503	4503	1471	WINTER	winter		"""[]"""	"""[]"""				
Zalizniak-2024-4583-4504	4504			winter solstice		"""[]"""	"""[]"""				
Zalizniak-2024-4583-4505	4505	2631	WIRE	wire (n.)		"""[]"""	"""[]"""				
Zalizniak-2024-4583-4506	4506	698	WISE	wise		"""[]"""	"""[]"""				
Zalizniak-2024-4583-4507	4507			wishbone, merrythought		"""[]"""	"""[]"""				
Zalizniak-2024-4583-4508	4508			*wit, smart		"""[]"""	"""[]"""				
Zalizniak-2024-4583-4509	4509			witch, sorceress		"""[]"""	"""[]"""				
Zalizniak-2024-4583-4510	4510			*witchcraft, sorcery		"""[]"""	"""[]"""				
Zalizniak-2024-4583-4511	4511			with exception of		"""[]"""	"""[]"""				
Zalizniak-2024-4583-4512	4512	1144	WITNESS	witness		"""[]"""	"""[]"""				
Zalizniak-2024-4583-4513	4513			witty		"""[]"""	"""[]"""				
Zalizniak-2024-4583-4514	4514	823	SORCERER	wizard, magician		"""[]"""	"""[]"""				
Zalizniak-2024-4583-4515	4515			woad (Isatis tinctoria)		"""[]"""	"""[]"""				
Zalizniak-2024-4583-4516	4516	522	WOLF	wolf		"""[]"""	"""[]"""				
Zalizniak-2024-4583-4517	4517			wolverine		"""[]"""	"""[]"""				
Zalizniak-2024-4583-4518	4518			*woman		"""[]"""	"""[]"""				
Zalizniak-2024-4583-4519	4519	804	WOMB	womb		"""[]"""	"""[]"""				
Zalizniak-2024-4583-4520	4520	2841	WOMBAT	wombat		"""[]"""	"""[]"""				
Zalizniak-2024-4583-4521	4521			wood shavings		"""[]"""	"""[]"""				
Zalizniak-2024-4583-4522	4522			wood small-reed		"""[]"""	"""[]"""				
Zalizniak-2024-4583-4523	4523	1803	WOOD	wood, timber		"""[]"""	"""[]"""				
Zalizniak-2024-4583-4524	4524			wood-louse		"""[]"""	"""[]"""				
Zalizniak-2024-4583-4525	4525			*wooden object		"""[]"""	"""[]"""				
Zalizniak-2024-4583-4526	4526			woodland spirit		"""[]"""	"""[]"""				
Zalizniak-2024-4583-4527	4527	2447	WOODPECKER	woodpecker		"""[]"""	"""[]"""				
Zalizniak-2024-4583-4528	4528	964	WOOL	wool		"""[]"""	"""[]"""				
Zalizniak-2024-4583-4529	4529	1599	WORD	word		"""[]"""	"""[]"""				
Zalizniak-2024-4583-4530	4530	984	WORK (LABOUR)	work (n.)		"""[]"""	"""[]"""				
Zalizniak-2024-4583-4531	4531	965	WORLD	world		"""[]"""	"""[]"""				
Zalizniak-2024-4583-4532	4532	1219	WORM	worm		"""[]"""	"""[]"""				
Zalizniak-2024-4583-4533	4533			wormwood		"""[]"""	"""[]"""				
Zalizniak-2024-4583-4534	4534	1109	WOUND	wound (n.)		"""[]"""	"""[]"""				
Zalizniak-2024-4583-4535	4535	799	WRIST	wrist		"""[]"""	"""[]"""				
Zalizniak-2024-4583-4536	4536			*wrong		"""[]"""	"""[]"""				
Zalizniak-2024-4583-4537	4537			Xenopeltis unicolor		"""[]"""	"""[]"""				
Zalizniak-2024-4583-4538	4538	3254	YOUNG ANIMAL	young animal		"""[]"""	"""[]"""				
Zalizniak-2024-4583-4539	4539			*young plant		"""[]"""	"""[]"""				
Zalizniak-2024-4583-4540	4540	410	YAM	yam		"""[]"""	"""[]"""				
Zalizniak-2024-4583-4541	4541	736	YARD	yard, courtyard		"""[]"""	"""[]"""				
Zalizniak-2024-4583-4542	4542			yarrow		"""[]"""	"""[]"""				
Zalizniak-2024-4583-4543	4543	1226	YEAR	year		"""[]"""	"""[]"""				
Zalizniak-2024-4583-4544	4544	1424	YELLOW	yellow		"""[]"""	"""[]"""				
Zalizniak-2024-4583-4545	4545			*yellow		"""[]"""	"""[]"""				
Zalizniak-2024-4583-4546	4546			yellow-hammer		"""[]"""	"""[]"""				
Zalizniak-2024-4583-4547	4547	1268	YES	yes		"""[]"""	"""[]"""				
Zalizniak-2024-4583-4548	4548	1174	YESTERDAY	yesterday		"""[]"""	"""[]"""				
Zalizniak-2024-4583-4549	4549			*Yeti (mythical animal)		"""[]"""	"""[]"""				
Zalizniak-2024-4583-4550	4550			yew		"""[]"""	"""[]"""				
Zalizniak-2024-4583-4551	4551	14	YOKE	yoke		"""[]"""	"""[]"""				
Zalizniak-2024-4583-4552	4552			yoke (figuratively)		"""[]"""	"""[]"""				
Zalizniak-2024-4583-4553	4553	1556	YOLK	yolk		"""[]"""	"""[]"""				
Zalizniak-2024-4583-4554	4554	2844	YOU (FORMAL ADDRESS)	you (pronoun 2 sg., polite)		"""[]"""	"""[]"""				
Zalizniak-2024-4583-4555	4555	1207	YOUNG	young		"""[]"""	"""[]"""				
Zalizniak-2024-4583-4556	4556			*young animal		"""[]"""	"""[]"""				
Zalizniak-2024-4583-4557	4557			young growth		"""[]"""	"""[]"""				
Zalizniak-2024-4583-4558	4558			young people		"""[]"""	"""[]"""				
Zalizniak-2024-4583-4559	4559			young person		"""[]"""	"""[]"""				
Zalizniak-2024-4583-4560	4560			younger		"""[]"""	"""[]"""				
Zalizniak-2024-4583-4561	4561	1760	YOUNGER BROTHER	younger brother		"""[]"""	"""[]"""				
Zalizniak-2024-4583-4562	4562	427	YOUNGER SIBLING	younger sibling		"""[]"""	"""[]"""				
Zalizniak-2024-4583-4563	4563	1761	YOUNGER SISTER	younger sister		"""[]"""	"""[]"""				
Zalizniak-2024-4583-4564	4564			youth		"""[]"""	"""[]"""				
Zalizniak-2024-4583-4565	4565			yurt		"""[]"""	"""[]"""				
Zalizniak-2024-4583-4566	4566	3675	ZEBRA	zebra		"""[]"""	"""[]"""				
Zalizniak-2024-4583-4567	4567			zenith		"""[]"""	"""[]"""				
Zalizniak-2024-4583-4568	4568	1294	ZERO	zero		"""[]"""	"""[]"""				
Zalizniak-2024-4583-4569	4569			zinc		"""[]"""	"""[]"""				
Zalizniak-2024-4583-4570	4570			*to have		"""[]"""	"""[]"""				
Zalizniak-2024-4583-4571	4571			*to open one's mouth		"""[]"""	"""[]"""				
Zalizniak-2024-4583-4572	4572			*to purr (about cat)		"""[]"""	"""[]"""				
Zalizniak-2024-4583-4573	4573			*zeal		"""[]"""	"""[]"""				
Zalizniak-2024-4583-4574	4574			*бук		"""[]"""	"""[]"""				
Zalizniak-2024-4583-4575	4575			*дуб		"""[]"""	"""[]"""				
Zalizniak-2024-4583-4576	4576			*засада		"""[]"""	"""[]"""				
Zalizniak-2024-4583-4577	4577			*ива		"""[]"""	"""[]"""				
Zalizniak-2024-4583-4578	4578			*корзина		"""[]"""	"""[]"""				
Zalizniak-2024-4583-4579	4579			*сосна		"""[]"""	"""[]"""				
Zalizniak-2024-4583-4580	4580	1260	DAY (24 HOURS)	24 hours		"""[]"""	"""[]"""				
Zalizniak-2024-4583-4581	4581			*east		"""[]"""	"""[]"""				
Zalizniak-2024-4583-4582	4582			*—		"""[]"""	"""[]"""				
Zalizniak-2024-4583-4583	4583			100 units of currency		"""[]"""	"""[]"""				
